ISO-10303-21;
HEADER;
/* Generated by software containing ST-Developer
 * from STEP Tools, Inc. (www.steptools.com) 
 */
/* OPTION: using custom renumber hook */

FILE_DESCRIPTION(
/* description */ ('STEP AP214'),
/* implementation_level */ '2;1');

FILE_NAME(
/* name */ 'BCS-107-L-D-PE-BE',
/* time_stamp */ '2025-12-21T19:10:03+01:00',
/* author */ ('License CC BY-ND 4.0'),
/* organization */ ('CADENAS'),
/* preprocessor_version */ 'ST-DEVELOPER v20',
/* originating_system */ 'PARTsolutions',
/* authorisation */ '  ');

FILE_SCHEMA (('AUTOMOTIVE_DESIGN {1 0 10303 214 3 1 1}'));
ENDSEC;

DATA;
#10=PROPERTY_DEFINITION_REPRESENTATION(#14,#12);
#11=PROPERTY_DEFINITION_REPRESENTATION(#15,#13);
#12=REPRESENTATION('',(#16),#13775);
#13=REPRESENTATION('',(#17),#13775);
#14=PROPERTY_DEFINITION('pmi validation property','',#13789);
#15=PROPERTY_DEFINITION('pmi validation property','',#13789);
#16=VALUE_REPRESENTATION_ITEM('number of annotations',COUNT_MEASURE(0.));
#17=VALUE_REPRESENTATION_ITEM('number of views',COUNT_MEASURE(0.));
#18=CIRCLE('',#8911,0.01);
#19=CIRCLE('',#8912,0.01);
#20=CIRCLE('',#8914,0.01);
#21=CIRCLE('',#8915,0.01);
#22=CIRCLE('',#8917,0.01);
#23=CIRCLE('',#8918,0.01);
#24=CIRCLE('',#8920,0.01);
#25=CIRCLE('',#8921,0.01);
#26=CIRCLE('',#8923,0.01);
#27=CIRCLE('',#8924,0.01);
#28=CIRCLE('',#8926,0.01);
#29=CIRCLE('',#8927,0.01);
#30=CIRCLE('',#8929,0.01);
#31=CIRCLE('',#8930,0.01);
#32=CIRCLE('',#8939,0.00999999999999998);
#33=CIRCLE('',#8940,0.00999999999999998);
#34=CIRCLE('',#8942,0.00999999999999998);
#35=CIRCLE('',#8943,0.00999999999999998);
#36=CIRCLE('',#8945,0.00999999999999998);
#37=CIRCLE('',#8946,0.00999999999999998);
#38=CIRCLE('',#8948,0.00999999999999998);
#39=CIRCLE('',#8949,0.00999999999999998);
#40=CIRCLE('',#8951,0.00999999999999998);
#41=CIRCLE('',#8952,0.00999999999999998);
#42=CIRCLE('',#8954,0.00999999999999998);
#43=CIRCLE('',#8955,0.00999999999999998);
#44=CIRCLE('',#8957,0.00999999999999998);
#45=CIRCLE('',#8958,0.00999999999999998);
#46=CIRCLE('',#8962,0.01);
#47=CIRCLE('',#8963,0.01);
#48=CIRCLE('',#8965,0.01);
#49=CIRCLE('',#8966,0.01);
#50=CIRCLE('',#8968,0.01);
#51=CIRCLE('',#8969,0.01);
#52=CIRCLE('',#8971,0.01);
#53=CIRCLE('',#8972,0.01);
#54=CIRCLE('',#8974,0.01);
#55=CIRCLE('',#8975,0.01);
#56=CIRCLE('',#8977,0.01);
#57=CIRCLE('',#8978,0.01);
#58=CIRCLE('',#8980,0.01);
#59=CIRCLE('',#8981,0.01);
#60=CIRCLE('',#8990,0.01);
#61=CIRCLE('',#8991,0.01);
#62=CIRCLE('',#8993,0.01);
#63=CIRCLE('',#8994,0.01);
#64=CIRCLE('',#8996,0.01);
#65=CIRCLE('',#8997,0.01);
#66=CIRCLE('',#8999,0.01);
#67=CIRCLE('',#9000,0.01);
#68=CIRCLE('',#9002,0.01);
#69=CIRCLE('',#9003,0.01);
#70=CIRCLE('',#9005,0.01);
#71=CIRCLE('',#9006,0.01);
#72=CIRCLE('',#9008,0.01);
#73=CIRCLE('',#9009,0.01);
#74=CIRCLE('',#9032,0.0180000000000001);
#75=CIRCLE('',#9033,0.0180000000000001);
#76=CIRCLE('',#9035,0.0180000000000001);
#77=CIRCLE('',#9036,0.0180000000000001);
#78=CIRCLE('',#9038,0.0180000000000001);
#79=CIRCLE('',#9039,0.0180000000000001);
#80=CIRCLE('',#9041,0.0180000000000001);
#81=CIRCLE('',#9042,0.0180000000000001);
#82=CIRCLE('',#9044,0.0180000000000001);
#83=CIRCLE('',#9045,0.0180000000000001);
#84=CIRCLE('',#9047,0.0180000000000001);
#85=CIRCLE('',#9048,0.0180000000000001);
#86=CIRCLE('',#9050,0.0180000000000001);
#87=CIRCLE('',#9051,0.0180000000000001);
#88=CIRCLE('',#9060,0.00499999999999999);
#89=CIRCLE('',#9061,0.00499999999999999);
#90=CIRCLE('',#9063,0.00499999999999999);
#91=CIRCLE('',#9064,0.00499999999999999);
#92=CIRCLE('',#9066,0.00499999999999999);
#93=CIRCLE('',#9067,0.00499999999999999);
#94=CIRCLE('',#9069,0.00499999999999999);
#95=CIRCLE('',#9070,0.00499999999999999);
#96=CIRCLE('',#9072,0.00499999999999999);
#97=CIRCLE('',#9073,0.00499999999999999);
#98=CIRCLE('',#9075,0.00499999999999999);
#99=CIRCLE('',#9076,0.00499999999999999);
#100=CIRCLE('',#9078,0.00499999999999999);
#101=CIRCLE('',#9079,0.00499999999999999);
#102=CIRCLE('',#9083,0.00500000000000003);
#103=CIRCLE('',#9084,0.00500000000000003);
#104=CIRCLE('',#9086,0.00500000000000003);
#105=CIRCLE('',#9087,0.00500000000000003);
#106=CIRCLE('',#9089,0.00500000000000003);
#107=CIRCLE('',#9090,0.00500000000000003);
#108=CIRCLE('',#9092,0.00500000000000003);
#109=CIRCLE('',#9093,0.00500000000000003);
#110=CIRCLE('',#9095,0.00500000000000003);
#111=CIRCLE('',#9096,0.00500000000000003);
#112=CIRCLE('',#9098,0.00500000000000003);
#113=CIRCLE('',#9099,0.00500000000000003);
#114=CIRCLE('',#9101,0.00500000000000003);
#115=CIRCLE('',#9102,0.00500000000000003);
#116=CIRCLE('',#9111,0.018);
#117=CIRCLE('',#9112,0.018);
#118=CIRCLE('',#9114,0.018);
#119=CIRCLE('',#9115,0.018);
#120=CIRCLE('',#9117,0.018);
#121=CIRCLE('',#9118,0.018);
#122=CIRCLE('',#9120,0.018);
#123=CIRCLE('',#9121,0.018);
#124=CIRCLE('',#9123,0.018);
#125=CIRCLE('',#9124,0.018);
#126=CIRCLE('',#9126,0.018);
#127=CIRCLE('',#9127,0.018);
#128=CIRCLE('',#9129,0.018);
#129=CIRCLE('',#9130,0.018);
#130=CYLINDRICAL_SURFACE('',#8910,0.01);
#131=CYLINDRICAL_SURFACE('',#8913,0.01);
#132=CYLINDRICAL_SURFACE('',#8916,0.01);
#133=CYLINDRICAL_SURFACE('',#8919,0.01);
#134=CYLINDRICAL_SURFACE('',#8922,0.01);
#135=CYLINDRICAL_SURFACE('',#8925,0.01);
#136=CYLINDRICAL_SURFACE('',#8928,0.01);
#137=CYLINDRICAL_SURFACE('',#8938,0.00999999999999998);
#138=CYLINDRICAL_SURFACE('',#8941,0.00999999999999998);
#139=CYLINDRICAL_SURFACE('',#8944,0.00999999999999998);
#140=CYLINDRICAL_SURFACE('',#8947,0.00999999999999998);
#141=CYLINDRICAL_SURFACE('',#8950,0.00999999999999998);
#142=CYLINDRICAL_SURFACE('',#8953,0.00999999999999998);
#143=CYLINDRICAL_SURFACE('',#8956,0.00999999999999998);
#144=CYLINDRICAL_SURFACE('',#8961,0.01);
#145=CYLINDRICAL_SURFACE('',#8964,0.01);
#146=CYLINDRICAL_SURFACE('',#8967,0.01);
#147=CYLINDRICAL_SURFACE('',#8970,0.01);
#148=CYLINDRICAL_SURFACE('',#8973,0.01);
#149=CYLINDRICAL_SURFACE('',#8976,0.01);
#150=CYLINDRICAL_SURFACE('',#8979,0.01);
#151=CYLINDRICAL_SURFACE('',#8989,0.01);
#152=CYLINDRICAL_SURFACE('',#8992,0.01);
#153=CYLINDRICAL_SURFACE('',#8995,0.01);
#154=CYLINDRICAL_SURFACE('',#8998,0.01);
#155=CYLINDRICAL_SURFACE('',#9001,0.01);
#156=CYLINDRICAL_SURFACE('',#9004,0.01);
#157=CYLINDRICAL_SURFACE('',#9007,0.01);
#158=CYLINDRICAL_SURFACE('',#9031,0.0180000000000001);
#159=CYLINDRICAL_SURFACE('',#9034,0.0180000000000001);
#160=CYLINDRICAL_SURFACE('',#9037,0.0180000000000001);
#161=CYLINDRICAL_SURFACE('',#9040,0.0180000000000001);
#162=CYLINDRICAL_SURFACE('',#9043,0.0180000000000001);
#163=CYLINDRICAL_SURFACE('',#9046,0.0180000000000001);
#164=CYLINDRICAL_SURFACE('',#9049,0.0180000000000001);
#165=CYLINDRICAL_SURFACE('',#9059,0.00499999999999999);
#166=CYLINDRICAL_SURFACE('',#9062,0.00499999999999999);
#167=CYLINDRICAL_SURFACE('',#9065,0.00499999999999999);
#168=CYLINDRICAL_SURFACE('',#9068,0.00499999999999999);
#169=CYLINDRICAL_SURFACE('',#9071,0.00499999999999999);
#170=CYLINDRICAL_SURFACE('',#9074,0.00499999999999999);
#171=CYLINDRICAL_SURFACE('',#9077,0.00499999999999999);
#172=CYLINDRICAL_SURFACE('',#9082,0.00500000000000003);
#173=CYLINDRICAL_SURFACE('',#9085,0.00500000000000003);
#174=CYLINDRICAL_SURFACE('',#9088,0.00500000000000003);
#175=CYLINDRICAL_SURFACE('',#9091,0.00500000000000003);
#176=CYLINDRICAL_SURFACE('',#9094,0.00500000000000003);
#177=CYLINDRICAL_SURFACE('',#9097,0.00500000000000003);
#178=CYLINDRICAL_SURFACE('',#9100,0.00500000000000003);
#179=CYLINDRICAL_SURFACE('',#9110,0.018);
#180=CYLINDRICAL_SURFACE('',#9113,0.018);
#181=CYLINDRICAL_SURFACE('',#9116,0.018);
#182=CYLINDRICAL_SURFACE('',#9119,0.018);
#183=CYLINDRICAL_SURFACE('',#9122,0.018);
#184=CYLINDRICAL_SURFACE('',#9125,0.018);
#185=CYLINDRICAL_SURFACE('',#9128,0.018);
#186=DRAUGHTING_PRE_DEFINED_COLOUR('yellow');
#187=CONTEXT_DEPENDENT_SHAPE_REPRESENTATION(#193,#13791);
#188=CONTEXT_DEPENDENT_SHAPE_REPRESENTATION(#194,#13793);
#189=CONTEXT_DEPENDENT_SHAPE_REPRESENTATION(#195,#13795);
#190=NEXT_ASSEMBLY_USAGE_OCCURRENCE('NAUO1','BCS-107-D-PE-BE_socket',
'BCS-107-D-PE-BE_socket',#13796,#13797,'');
#191=NEXT_ASSEMBLY_USAGE_OCCURRENCE('NAUO2','C-95-01-07-L-D-PE-BE',
'C-95-01-07-L-D-PE-BE',#13796,#13798,'');
#192=NEXT_ASSEMBLY_USAGE_OCCURRENCE('NAUO3','C-95-01-07-L-D-PE-BE2',
'C-95-01-07-L-D-PE-BE2',#13796,#13799,'');
#193=(
REPRESENTATION_RELATIONSHIP(' ',' ',#8635,#8634)
REPRESENTATION_RELATIONSHIP_WITH_TRANSFORMATION(#196)
SHAPE_REPRESENTATION_RELATIONSHIP()
);
#194=(
REPRESENTATION_RELATIONSHIP(' ',' ',#8636,#8634)
REPRESENTATION_RELATIONSHIP_WITH_TRANSFORMATION(#197)
SHAPE_REPRESENTATION_RELATIONSHIP()
);
#195=(
REPRESENTATION_RELATIONSHIP(' ',' ',#8637,#8634)
REPRESENTATION_RELATIONSHIP_WITH_TRANSFORMATION(#198)
SHAPE_REPRESENTATION_RELATIONSHIP()
);
#196=ITEM_DEFINED_TRANSFORMATION(' ',' ',#8638,#8757);
#197=ITEM_DEFINED_TRANSFORMATION(' ',' ',#8638,#8828);
#198=ITEM_DEFINED_TRANSFORMATION(' ',' ',#8638,#9179);
#199=SHAPE_REPRESENTATION_RELATIONSHIP('','',#8635,#202);
#200=SHAPE_REPRESENTATION_RELATIONSHIP('','',#8636,#203);
#201=SHAPE_REPRESENTATION_RELATIONSHIP('','',#8637,#204);
#202=ADVANCED_BREP_SHAPE_REPRESENTATION('',(#8627),#13776);
#203=ADVANCED_BREP_SHAPE_REPRESENTATION('',(#8628),#13777);
#204=ADVANCED_BREP_SHAPE_REPRESENTATION('',(#8629),#13778);
#205=ORIENTED_EDGE('',*,*,#2613,.T.);
#206=ORIENTED_EDGE('',*,*,#2614,.T.);
#207=ORIENTED_EDGE('',*,*,#2615,.T.);
#208=ORIENTED_EDGE('',*,*,#2616,.T.);
#209=ORIENTED_EDGE('',*,*,#2617,.F.);
#210=ORIENTED_EDGE('',*,*,#2618,.F.);
#211=ORIENTED_EDGE('',*,*,#2619,.F.);
#212=ORIENTED_EDGE('',*,*,#2620,.F.);
#213=ORIENTED_EDGE('',*,*,#2621,.F.);
#214=ORIENTED_EDGE('',*,*,#2622,.F.);
#215=ORIENTED_EDGE('',*,*,#2623,.F.);
#216=ORIENTED_EDGE('',*,*,#2624,.F.);
#217=ORIENTED_EDGE('',*,*,#2625,.F.);
#218=ORIENTED_EDGE('',*,*,#2626,.F.);
#219=ORIENTED_EDGE('',*,*,#2627,.F.);
#220=ORIENTED_EDGE('',*,*,#2628,.F.);
#221=ORIENTED_EDGE('',*,*,#2629,.F.);
#222=ORIENTED_EDGE('',*,*,#2630,.F.);
#223=ORIENTED_EDGE('',*,*,#2631,.F.);
#224=ORIENTED_EDGE('',*,*,#2632,.F.);
#225=ORIENTED_EDGE('',*,*,#2633,.F.);
#226=ORIENTED_EDGE('',*,*,#2634,.F.);
#227=ORIENTED_EDGE('',*,*,#2635,.F.);
#228=ORIENTED_EDGE('',*,*,#2636,.F.);
#229=ORIENTED_EDGE('',*,*,#2637,.F.);
#230=ORIENTED_EDGE('',*,*,#2638,.F.);
#231=ORIENTED_EDGE('',*,*,#2639,.F.);
#232=ORIENTED_EDGE('',*,*,#2640,.F.);
#233=ORIENTED_EDGE('',*,*,#2641,.F.);
#234=ORIENTED_EDGE('',*,*,#2642,.F.);
#235=ORIENTED_EDGE('',*,*,#2643,.F.);
#236=ORIENTED_EDGE('',*,*,#2644,.F.);
#237=ORIENTED_EDGE('',*,*,#2645,.F.);
#238=ORIENTED_EDGE('',*,*,#2646,.F.);
#239=ORIENTED_EDGE('',*,*,#2647,.F.);
#240=ORIENTED_EDGE('',*,*,#2648,.F.);
#241=ORIENTED_EDGE('',*,*,#2649,.F.);
#242=ORIENTED_EDGE('',*,*,#2650,.F.);
#243=ORIENTED_EDGE('',*,*,#2651,.F.);
#244=ORIENTED_EDGE('',*,*,#2652,.F.);
#245=ORIENTED_EDGE('',*,*,#2653,.F.);
#246=ORIENTED_EDGE('',*,*,#2654,.F.);
#247=ORIENTED_EDGE('',*,*,#2655,.F.);
#248=ORIENTED_EDGE('',*,*,#2656,.F.);
#249=ORIENTED_EDGE('',*,*,#2657,.F.);
#250=ORIENTED_EDGE('',*,*,#2658,.F.);
#251=ORIENTED_EDGE('',*,*,#2659,.F.);
#252=ORIENTED_EDGE('',*,*,#2660,.F.);
#253=ORIENTED_EDGE('',*,*,#2661,.F.);
#254=ORIENTED_EDGE('',*,*,#2662,.F.);
#255=ORIENTED_EDGE('',*,*,#2663,.F.);
#256=ORIENTED_EDGE('',*,*,#2664,.F.);
#257=ORIENTED_EDGE('',*,*,#2665,.F.);
#258=ORIENTED_EDGE('',*,*,#2666,.F.);
#259=ORIENTED_EDGE('',*,*,#2667,.F.);
#260=ORIENTED_EDGE('',*,*,#2668,.F.);
#261=ORIENTED_EDGE('',*,*,#2669,.F.);
#262=ORIENTED_EDGE('',*,*,#2670,.F.);
#263=ORIENTED_EDGE('',*,*,#2671,.F.);
#264=ORIENTED_EDGE('',*,*,#2672,.F.);
#265=ORIENTED_EDGE('',*,*,#2673,.T.);
#266=ORIENTED_EDGE('',*,*,#2674,.F.);
#267=ORIENTED_EDGE('',*,*,#2613,.F.);
#268=ORIENTED_EDGE('',*,*,#2675,.T.);
#269=ORIENTED_EDGE('',*,*,#2676,.T.);
#270=ORIENTED_EDGE('',*,*,#2677,.F.);
#271=ORIENTED_EDGE('',*,*,#2614,.F.);
#272=ORIENTED_EDGE('',*,*,#2674,.T.);
#273=ORIENTED_EDGE('',*,*,#2678,.T.);
#274=ORIENTED_EDGE('',*,*,#2679,.F.);
#275=ORIENTED_EDGE('',*,*,#2615,.F.);
#276=ORIENTED_EDGE('',*,*,#2677,.T.);
#277=ORIENTED_EDGE('',*,*,#2680,.T.);
#278=ORIENTED_EDGE('',*,*,#2675,.F.);
#279=ORIENTED_EDGE('',*,*,#2616,.F.);
#280=ORIENTED_EDGE('',*,*,#2679,.T.);
#281=ORIENTED_EDGE('',*,*,#2681,.T.);
#282=ORIENTED_EDGE('',*,*,#2682,.T.);
#283=ORIENTED_EDGE('',*,*,#2683,.T.);
#284=ORIENTED_EDGE('',*,*,#2684,.T.);
#285=ORIENTED_EDGE('',*,*,#2685,.T.);
#286=ORIENTED_EDGE('',*,*,#2686,.T.);
#287=ORIENTED_EDGE('',*,*,#2687,.T.);
#288=ORIENTED_EDGE('',*,*,#2688,.T.);
#289=ORIENTED_EDGE('',*,*,#2689,.T.);
#290=ORIENTED_EDGE('',*,*,#2690,.T.);
#291=ORIENTED_EDGE('',*,*,#2691,.T.);
#292=ORIENTED_EDGE('',*,*,#2692,.T.);
#293=ORIENTED_EDGE('',*,*,#2693,.T.);
#294=ORIENTED_EDGE('',*,*,#2694,.T.);
#295=ORIENTED_EDGE('',*,*,#2695,.T.);
#296=ORIENTED_EDGE('',*,*,#2696,.T.);
#297=ORIENTED_EDGE('',*,*,#2697,.T.);
#298=ORIENTED_EDGE('',*,*,#2698,.T.);
#299=ORIENTED_EDGE('',*,*,#2699,.T.);
#300=ORIENTED_EDGE('',*,*,#2700,.T.);
#301=ORIENTED_EDGE('',*,*,#2701,.T.);
#302=ORIENTED_EDGE('',*,*,#2702,.T.);
#303=ORIENTED_EDGE('',*,*,#2703,.T.);
#304=ORIENTED_EDGE('',*,*,#2704,.T.);
#305=ORIENTED_EDGE('',*,*,#2705,.T.);
#306=ORIENTED_EDGE('',*,*,#2706,.T.);
#307=ORIENTED_EDGE('',*,*,#2707,.T.);
#308=ORIENTED_EDGE('',*,*,#2708,.T.);
#309=ORIENTED_EDGE('',*,*,#2709,.T.);
#310=ORIENTED_EDGE('',*,*,#2710,.T.);
#311=ORIENTED_EDGE('',*,*,#2711,.T.);
#312=ORIENTED_EDGE('',*,*,#2712,.T.);
#313=ORIENTED_EDGE('',*,*,#2713,.T.);
#314=ORIENTED_EDGE('',*,*,#2714,.T.);
#315=ORIENTED_EDGE('',*,*,#2715,.T.);
#316=ORIENTED_EDGE('',*,*,#2716,.T.);
#317=ORIENTED_EDGE('',*,*,#2717,.T.);
#318=ORIENTED_EDGE('',*,*,#2718,.T.);
#319=ORIENTED_EDGE('',*,*,#2719,.T.);
#320=ORIENTED_EDGE('',*,*,#2720,.T.);
#321=ORIENTED_EDGE('',*,*,#2721,.T.);
#322=ORIENTED_EDGE('',*,*,#2722,.T.);
#323=ORIENTED_EDGE('',*,*,#2723,.T.);
#324=ORIENTED_EDGE('',*,*,#2724,.T.);
#325=ORIENTED_EDGE('',*,*,#2725,.T.);
#326=ORIENTED_EDGE('',*,*,#2726,.T.);
#327=ORIENTED_EDGE('',*,*,#2727,.T.);
#328=ORIENTED_EDGE('',*,*,#2728,.T.);
#329=ORIENTED_EDGE('',*,*,#2729,.T.);
#330=ORIENTED_EDGE('',*,*,#2730,.T.);
#331=ORIENTED_EDGE('',*,*,#2731,.T.);
#332=ORIENTED_EDGE('',*,*,#2732,.T.);
#333=ORIENTED_EDGE('',*,*,#2733,.T.);
#334=ORIENTED_EDGE('',*,*,#2734,.T.);
#335=ORIENTED_EDGE('',*,*,#2735,.T.);
#336=ORIENTED_EDGE('',*,*,#2736,.T.);
#337=ORIENTED_EDGE('',*,*,#2673,.F.);
#338=ORIENTED_EDGE('',*,*,#2680,.F.);
#339=ORIENTED_EDGE('',*,*,#2678,.F.);
#340=ORIENTED_EDGE('',*,*,#2676,.F.);
#341=ORIENTED_EDGE('',*,*,#2737,.F.);
#342=ORIENTED_EDGE('',*,*,#2738,.F.);
#343=ORIENTED_EDGE('',*,*,#2618,.T.);
#344=ORIENTED_EDGE('',*,*,#2739,.T.);
#345=ORIENTED_EDGE('',*,*,#2740,.F.);
#346=ORIENTED_EDGE('',*,*,#2739,.F.);
#347=ORIENTED_EDGE('',*,*,#2617,.T.);
#348=ORIENTED_EDGE('',*,*,#2741,.T.);
#349=ORIENTED_EDGE('',*,*,#2742,.F.);
#350=ORIENTED_EDGE('',*,*,#2741,.F.);
#351=ORIENTED_EDGE('',*,*,#2620,.T.);
#352=ORIENTED_EDGE('',*,*,#2743,.T.);
#353=ORIENTED_EDGE('',*,*,#2744,.F.);
#354=ORIENTED_EDGE('',*,*,#2743,.F.);
#355=ORIENTED_EDGE('',*,*,#2619,.T.);
#356=ORIENTED_EDGE('',*,*,#2738,.T.);
#357=ORIENTED_EDGE('',*,*,#2745,.F.);
#358=ORIENTED_EDGE('',*,*,#2746,.F.);
#359=ORIENTED_EDGE('',*,*,#2622,.T.);
#360=ORIENTED_EDGE('',*,*,#2747,.T.);
#361=ORIENTED_EDGE('',*,*,#2748,.F.);
#362=ORIENTED_EDGE('',*,*,#2747,.F.);
#363=ORIENTED_EDGE('',*,*,#2621,.T.);
#364=ORIENTED_EDGE('',*,*,#2749,.T.);
#365=ORIENTED_EDGE('',*,*,#2750,.F.);
#366=ORIENTED_EDGE('',*,*,#2749,.F.);
#367=ORIENTED_EDGE('',*,*,#2624,.T.);
#368=ORIENTED_EDGE('',*,*,#2751,.T.);
#369=ORIENTED_EDGE('',*,*,#2752,.F.);
#370=ORIENTED_EDGE('',*,*,#2751,.F.);
#371=ORIENTED_EDGE('',*,*,#2623,.T.);
#372=ORIENTED_EDGE('',*,*,#2746,.T.);
#373=ORIENTED_EDGE('',*,*,#2753,.F.);
#374=ORIENTED_EDGE('',*,*,#2754,.F.);
#375=ORIENTED_EDGE('',*,*,#2626,.T.);
#376=ORIENTED_EDGE('',*,*,#2755,.T.);
#377=ORIENTED_EDGE('',*,*,#2756,.F.);
#378=ORIENTED_EDGE('',*,*,#2755,.F.);
#379=ORIENTED_EDGE('',*,*,#2625,.T.);
#380=ORIENTED_EDGE('',*,*,#2757,.T.);
#381=ORIENTED_EDGE('',*,*,#2758,.F.);
#382=ORIENTED_EDGE('',*,*,#2757,.F.);
#383=ORIENTED_EDGE('',*,*,#2628,.T.);
#384=ORIENTED_EDGE('',*,*,#2759,.T.);
#385=ORIENTED_EDGE('',*,*,#2760,.F.);
#386=ORIENTED_EDGE('',*,*,#2759,.F.);
#387=ORIENTED_EDGE('',*,*,#2627,.T.);
#388=ORIENTED_EDGE('',*,*,#2754,.T.);
#389=ORIENTED_EDGE('',*,*,#2761,.F.);
#390=ORIENTED_EDGE('',*,*,#2762,.F.);
#391=ORIENTED_EDGE('',*,*,#2630,.T.);
#392=ORIENTED_EDGE('',*,*,#2763,.T.);
#393=ORIENTED_EDGE('',*,*,#2764,.F.);
#394=ORIENTED_EDGE('',*,*,#2763,.F.);
#395=ORIENTED_EDGE('',*,*,#2629,.T.);
#396=ORIENTED_EDGE('',*,*,#2765,.T.);
#397=ORIENTED_EDGE('',*,*,#2766,.F.);
#398=ORIENTED_EDGE('',*,*,#2765,.F.);
#399=ORIENTED_EDGE('',*,*,#2632,.T.);
#400=ORIENTED_EDGE('',*,*,#2767,.T.);
#401=ORIENTED_EDGE('',*,*,#2768,.F.);
#402=ORIENTED_EDGE('',*,*,#2767,.F.);
#403=ORIENTED_EDGE('',*,*,#2631,.T.);
#404=ORIENTED_EDGE('',*,*,#2762,.T.);
#405=ORIENTED_EDGE('',*,*,#2769,.F.);
#406=ORIENTED_EDGE('',*,*,#2770,.F.);
#407=ORIENTED_EDGE('',*,*,#2634,.T.);
#408=ORIENTED_EDGE('',*,*,#2771,.T.);
#409=ORIENTED_EDGE('',*,*,#2772,.F.);
#410=ORIENTED_EDGE('',*,*,#2771,.F.);
#411=ORIENTED_EDGE('',*,*,#2633,.T.);
#412=ORIENTED_EDGE('',*,*,#2773,.T.);
#413=ORIENTED_EDGE('',*,*,#2774,.F.);
#414=ORIENTED_EDGE('',*,*,#2773,.F.);
#415=ORIENTED_EDGE('',*,*,#2636,.T.);
#416=ORIENTED_EDGE('',*,*,#2775,.T.);
#417=ORIENTED_EDGE('',*,*,#2776,.F.);
#418=ORIENTED_EDGE('',*,*,#2775,.F.);
#419=ORIENTED_EDGE('',*,*,#2635,.T.);
#420=ORIENTED_EDGE('',*,*,#2770,.T.);
#421=ORIENTED_EDGE('',*,*,#2777,.F.);
#422=ORIENTED_EDGE('',*,*,#2778,.F.);
#423=ORIENTED_EDGE('',*,*,#2638,.T.);
#424=ORIENTED_EDGE('',*,*,#2779,.T.);
#425=ORIENTED_EDGE('',*,*,#2780,.F.);
#426=ORIENTED_EDGE('',*,*,#2779,.F.);
#427=ORIENTED_EDGE('',*,*,#2637,.T.);
#428=ORIENTED_EDGE('',*,*,#2781,.T.);
#429=ORIENTED_EDGE('',*,*,#2782,.F.);
#430=ORIENTED_EDGE('',*,*,#2781,.F.);
#431=ORIENTED_EDGE('',*,*,#2640,.T.);
#432=ORIENTED_EDGE('',*,*,#2783,.T.);
#433=ORIENTED_EDGE('',*,*,#2784,.F.);
#434=ORIENTED_EDGE('',*,*,#2783,.F.);
#435=ORIENTED_EDGE('',*,*,#2639,.T.);
#436=ORIENTED_EDGE('',*,*,#2778,.T.);
#437=ORIENTED_EDGE('',*,*,#2785,.F.);
#438=ORIENTED_EDGE('',*,*,#2786,.F.);
#439=ORIENTED_EDGE('',*,*,#2642,.T.);
#440=ORIENTED_EDGE('',*,*,#2787,.T.);
#441=ORIENTED_EDGE('',*,*,#2788,.F.);
#442=ORIENTED_EDGE('',*,*,#2787,.F.);
#443=ORIENTED_EDGE('',*,*,#2641,.T.);
#444=ORIENTED_EDGE('',*,*,#2789,.T.);
#445=ORIENTED_EDGE('',*,*,#2790,.F.);
#446=ORIENTED_EDGE('',*,*,#2789,.F.);
#447=ORIENTED_EDGE('',*,*,#2644,.T.);
#448=ORIENTED_EDGE('',*,*,#2791,.T.);
#449=ORIENTED_EDGE('',*,*,#2792,.F.);
#450=ORIENTED_EDGE('',*,*,#2791,.F.);
#451=ORIENTED_EDGE('',*,*,#2643,.T.);
#452=ORIENTED_EDGE('',*,*,#2786,.T.);
#453=ORIENTED_EDGE('',*,*,#2793,.F.);
#454=ORIENTED_EDGE('',*,*,#2794,.F.);
#455=ORIENTED_EDGE('',*,*,#2646,.T.);
#456=ORIENTED_EDGE('',*,*,#2795,.T.);
#457=ORIENTED_EDGE('',*,*,#2796,.F.);
#458=ORIENTED_EDGE('',*,*,#2795,.F.);
#459=ORIENTED_EDGE('',*,*,#2645,.T.);
#460=ORIENTED_EDGE('',*,*,#2797,.T.);
#461=ORIENTED_EDGE('',*,*,#2798,.F.);
#462=ORIENTED_EDGE('',*,*,#2797,.F.);
#463=ORIENTED_EDGE('',*,*,#2648,.T.);
#464=ORIENTED_EDGE('',*,*,#2799,.T.);
#465=ORIENTED_EDGE('',*,*,#2800,.F.);
#466=ORIENTED_EDGE('',*,*,#2799,.F.);
#467=ORIENTED_EDGE('',*,*,#2647,.T.);
#468=ORIENTED_EDGE('',*,*,#2794,.T.);
#469=ORIENTED_EDGE('',*,*,#2801,.F.);
#470=ORIENTED_EDGE('',*,*,#2802,.F.);
#471=ORIENTED_EDGE('',*,*,#2650,.T.);
#472=ORIENTED_EDGE('',*,*,#2803,.T.);
#473=ORIENTED_EDGE('',*,*,#2804,.F.);
#474=ORIENTED_EDGE('',*,*,#2803,.F.);
#475=ORIENTED_EDGE('',*,*,#2649,.T.);
#476=ORIENTED_EDGE('',*,*,#2805,.T.);
#477=ORIENTED_EDGE('',*,*,#2806,.F.);
#478=ORIENTED_EDGE('',*,*,#2805,.F.);
#479=ORIENTED_EDGE('',*,*,#2652,.T.);
#480=ORIENTED_EDGE('',*,*,#2807,.T.);
#481=ORIENTED_EDGE('',*,*,#2808,.F.);
#482=ORIENTED_EDGE('',*,*,#2807,.F.);
#483=ORIENTED_EDGE('',*,*,#2651,.T.);
#484=ORIENTED_EDGE('',*,*,#2802,.T.);
#485=ORIENTED_EDGE('',*,*,#2809,.F.);
#486=ORIENTED_EDGE('',*,*,#2810,.F.);
#487=ORIENTED_EDGE('',*,*,#2654,.T.);
#488=ORIENTED_EDGE('',*,*,#2811,.T.);
#489=ORIENTED_EDGE('',*,*,#2812,.F.);
#490=ORIENTED_EDGE('',*,*,#2811,.F.);
#491=ORIENTED_EDGE('',*,*,#2653,.T.);
#492=ORIENTED_EDGE('',*,*,#2813,.T.);
#493=ORIENTED_EDGE('',*,*,#2814,.F.);
#494=ORIENTED_EDGE('',*,*,#2813,.F.);
#495=ORIENTED_EDGE('',*,*,#2656,.T.);
#496=ORIENTED_EDGE('',*,*,#2815,.T.);
#497=ORIENTED_EDGE('',*,*,#2816,.F.);
#498=ORIENTED_EDGE('',*,*,#2815,.F.);
#499=ORIENTED_EDGE('',*,*,#2655,.T.);
#500=ORIENTED_EDGE('',*,*,#2810,.T.);
#501=ORIENTED_EDGE('',*,*,#2817,.F.);
#502=ORIENTED_EDGE('',*,*,#2818,.F.);
#503=ORIENTED_EDGE('',*,*,#2658,.T.);
#504=ORIENTED_EDGE('',*,*,#2819,.T.);
#505=ORIENTED_EDGE('',*,*,#2820,.F.);
#506=ORIENTED_EDGE('',*,*,#2819,.F.);
#507=ORIENTED_EDGE('',*,*,#2657,.T.);
#508=ORIENTED_EDGE('',*,*,#2821,.T.);
#509=ORIENTED_EDGE('',*,*,#2822,.F.);
#510=ORIENTED_EDGE('',*,*,#2821,.F.);
#511=ORIENTED_EDGE('',*,*,#2660,.T.);
#512=ORIENTED_EDGE('',*,*,#2823,.T.);
#513=ORIENTED_EDGE('',*,*,#2824,.F.);
#514=ORIENTED_EDGE('',*,*,#2823,.F.);
#515=ORIENTED_EDGE('',*,*,#2659,.T.);
#516=ORIENTED_EDGE('',*,*,#2818,.T.);
#517=ORIENTED_EDGE('',*,*,#2825,.F.);
#518=ORIENTED_EDGE('',*,*,#2826,.F.);
#519=ORIENTED_EDGE('',*,*,#2662,.T.);
#520=ORIENTED_EDGE('',*,*,#2827,.T.);
#521=ORIENTED_EDGE('',*,*,#2828,.F.);
#522=ORIENTED_EDGE('',*,*,#2827,.F.);
#523=ORIENTED_EDGE('',*,*,#2661,.T.);
#524=ORIENTED_EDGE('',*,*,#2829,.T.);
#525=ORIENTED_EDGE('',*,*,#2830,.F.);
#526=ORIENTED_EDGE('',*,*,#2829,.F.);
#527=ORIENTED_EDGE('',*,*,#2664,.T.);
#528=ORIENTED_EDGE('',*,*,#2831,.T.);
#529=ORIENTED_EDGE('',*,*,#2832,.F.);
#530=ORIENTED_EDGE('',*,*,#2831,.F.);
#531=ORIENTED_EDGE('',*,*,#2663,.T.);
#532=ORIENTED_EDGE('',*,*,#2826,.T.);
#533=ORIENTED_EDGE('',*,*,#2833,.F.);
#534=ORIENTED_EDGE('',*,*,#2834,.F.);
#535=ORIENTED_EDGE('',*,*,#2666,.T.);
#536=ORIENTED_EDGE('',*,*,#2835,.T.);
#537=ORIENTED_EDGE('',*,*,#2836,.F.);
#538=ORIENTED_EDGE('',*,*,#2835,.F.);
#539=ORIENTED_EDGE('',*,*,#2665,.T.);
#540=ORIENTED_EDGE('',*,*,#2837,.T.);
#541=ORIENTED_EDGE('',*,*,#2838,.F.);
#542=ORIENTED_EDGE('',*,*,#2837,.F.);
#543=ORIENTED_EDGE('',*,*,#2668,.T.);
#544=ORIENTED_EDGE('',*,*,#2839,.T.);
#545=ORIENTED_EDGE('',*,*,#2840,.F.);
#546=ORIENTED_EDGE('',*,*,#2839,.F.);
#547=ORIENTED_EDGE('',*,*,#2667,.T.);
#548=ORIENTED_EDGE('',*,*,#2834,.T.);
#549=ORIENTED_EDGE('',*,*,#2841,.F.);
#550=ORIENTED_EDGE('',*,*,#2842,.F.);
#551=ORIENTED_EDGE('',*,*,#2670,.T.);
#552=ORIENTED_EDGE('',*,*,#2843,.T.);
#553=ORIENTED_EDGE('',*,*,#2844,.F.);
#554=ORIENTED_EDGE('',*,*,#2843,.F.);
#555=ORIENTED_EDGE('',*,*,#2669,.T.);
#556=ORIENTED_EDGE('',*,*,#2845,.T.);
#557=ORIENTED_EDGE('',*,*,#2846,.F.);
#558=ORIENTED_EDGE('',*,*,#2845,.F.);
#559=ORIENTED_EDGE('',*,*,#2672,.T.);
#560=ORIENTED_EDGE('',*,*,#2847,.T.);
#561=ORIENTED_EDGE('',*,*,#2848,.F.);
#562=ORIENTED_EDGE('',*,*,#2847,.F.);
#563=ORIENTED_EDGE('',*,*,#2671,.T.);
#564=ORIENTED_EDGE('',*,*,#2842,.T.);
#565=ORIENTED_EDGE('',*,*,#2737,.T.);
#566=ORIENTED_EDGE('',*,*,#2849,.F.);
#567=ORIENTED_EDGE('',*,*,#2734,.F.);
#568=ORIENTED_EDGE('',*,*,#2850,.T.);
#569=ORIENTED_EDGE('',*,*,#2740,.T.);
#570=ORIENTED_EDGE('',*,*,#2851,.F.);
#571=ORIENTED_EDGE('',*,*,#2735,.F.);
#572=ORIENTED_EDGE('',*,*,#2849,.T.);
#573=ORIENTED_EDGE('',*,*,#2742,.T.);
#574=ORIENTED_EDGE('',*,*,#2852,.F.);
#575=ORIENTED_EDGE('',*,*,#2736,.F.);
#576=ORIENTED_EDGE('',*,*,#2851,.T.);
#577=ORIENTED_EDGE('',*,*,#2744,.T.);
#578=ORIENTED_EDGE('',*,*,#2850,.F.);
#579=ORIENTED_EDGE('',*,*,#2733,.F.);
#580=ORIENTED_EDGE('',*,*,#2852,.T.);
#581=ORIENTED_EDGE('',*,*,#2841,.T.);
#582=ORIENTED_EDGE('',*,*,#2853,.F.);
#583=ORIENTED_EDGE('',*,*,#2682,.F.);
#584=ORIENTED_EDGE('',*,*,#2854,.T.);
#585=ORIENTED_EDGE('',*,*,#2844,.T.);
#586=ORIENTED_EDGE('',*,*,#2855,.F.);
#587=ORIENTED_EDGE('',*,*,#2683,.F.);
#588=ORIENTED_EDGE('',*,*,#2853,.T.);
#589=ORIENTED_EDGE('',*,*,#2846,.T.);
#590=ORIENTED_EDGE('',*,*,#2856,.F.);
#591=ORIENTED_EDGE('',*,*,#2684,.F.);
#592=ORIENTED_EDGE('',*,*,#2855,.T.);
#593=ORIENTED_EDGE('',*,*,#2848,.T.);
#594=ORIENTED_EDGE('',*,*,#2854,.F.);
#595=ORIENTED_EDGE('',*,*,#2681,.F.);
#596=ORIENTED_EDGE('',*,*,#2856,.T.);
#597=ORIENTED_EDGE('',*,*,#2833,.T.);
#598=ORIENTED_EDGE('',*,*,#2857,.F.);
#599=ORIENTED_EDGE('',*,*,#2686,.F.);
#600=ORIENTED_EDGE('',*,*,#2858,.T.);
#601=ORIENTED_EDGE('',*,*,#2836,.T.);
#602=ORIENTED_EDGE('',*,*,#2859,.F.);
#603=ORIENTED_EDGE('',*,*,#2687,.F.);
#604=ORIENTED_EDGE('',*,*,#2857,.T.);
#605=ORIENTED_EDGE('',*,*,#2838,.T.);
#606=ORIENTED_EDGE('',*,*,#2860,.F.);
#607=ORIENTED_EDGE('',*,*,#2688,.F.);
#608=ORIENTED_EDGE('',*,*,#2859,.T.);
#609=ORIENTED_EDGE('',*,*,#2840,.T.);
#610=ORIENTED_EDGE('',*,*,#2858,.F.);
#611=ORIENTED_EDGE('',*,*,#2685,.F.);
#612=ORIENTED_EDGE('',*,*,#2860,.T.);
#613=ORIENTED_EDGE('',*,*,#2825,.T.);
#614=ORIENTED_EDGE('',*,*,#2861,.F.);
#615=ORIENTED_EDGE('',*,*,#2690,.F.);
#616=ORIENTED_EDGE('',*,*,#2862,.T.);
#617=ORIENTED_EDGE('',*,*,#2828,.T.);
#618=ORIENTED_EDGE('',*,*,#2863,.F.);
#619=ORIENTED_EDGE('',*,*,#2691,.F.);
#620=ORIENTED_EDGE('',*,*,#2861,.T.);
#621=ORIENTED_EDGE('',*,*,#2830,.T.);
#622=ORIENTED_EDGE('',*,*,#2864,.F.);
#623=ORIENTED_EDGE('',*,*,#2692,.F.);
#624=ORIENTED_EDGE('',*,*,#2863,.T.);
#625=ORIENTED_EDGE('',*,*,#2832,.T.);
#626=ORIENTED_EDGE('',*,*,#2862,.F.);
#627=ORIENTED_EDGE('',*,*,#2689,.F.);
#628=ORIENTED_EDGE('',*,*,#2864,.T.);
#629=ORIENTED_EDGE('',*,*,#2817,.T.);
#630=ORIENTED_EDGE('',*,*,#2865,.F.);
#631=ORIENTED_EDGE('',*,*,#2694,.F.);
#632=ORIENTED_EDGE('',*,*,#2866,.T.);
#633=ORIENTED_EDGE('',*,*,#2820,.T.);
#634=ORIENTED_EDGE('',*,*,#2867,.F.);
#635=ORIENTED_EDGE('',*,*,#2695,.F.);
#636=ORIENTED_EDGE('',*,*,#2865,.T.);
#637=ORIENTED_EDGE('',*,*,#2822,.T.);
#638=ORIENTED_EDGE('',*,*,#2868,.F.);
#639=ORIENTED_EDGE('',*,*,#2696,.F.);
#640=ORIENTED_EDGE('',*,*,#2867,.T.);
#641=ORIENTED_EDGE('',*,*,#2824,.T.);
#642=ORIENTED_EDGE('',*,*,#2866,.F.);
#643=ORIENTED_EDGE('',*,*,#2693,.F.);
#644=ORIENTED_EDGE('',*,*,#2868,.T.);
#645=ORIENTED_EDGE('',*,*,#2809,.T.);
#646=ORIENTED_EDGE('',*,*,#2869,.F.);
#647=ORIENTED_EDGE('',*,*,#2698,.F.);
#648=ORIENTED_EDGE('',*,*,#2870,.T.);
#649=ORIENTED_EDGE('',*,*,#2812,.T.);
#650=ORIENTED_EDGE('',*,*,#2871,.F.);
#651=ORIENTED_EDGE('',*,*,#2699,.F.);
#652=ORIENTED_EDGE('',*,*,#2869,.T.);
#653=ORIENTED_EDGE('',*,*,#2814,.T.);
#654=ORIENTED_EDGE('',*,*,#2872,.F.);
#655=ORIENTED_EDGE('',*,*,#2700,.F.);
#656=ORIENTED_EDGE('',*,*,#2871,.T.);
#657=ORIENTED_EDGE('',*,*,#2816,.T.);
#658=ORIENTED_EDGE('',*,*,#2870,.F.);
#659=ORIENTED_EDGE('',*,*,#2697,.F.);
#660=ORIENTED_EDGE('',*,*,#2872,.T.);
#661=ORIENTED_EDGE('',*,*,#2801,.T.);
#662=ORIENTED_EDGE('',*,*,#2873,.F.);
#663=ORIENTED_EDGE('',*,*,#2702,.F.);
#664=ORIENTED_EDGE('',*,*,#2874,.T.);
#665=ORIENTED_EDGE('',*,*,#2804,.T.);
#666=ORIENTED_EDGE('',*,*,#2875,.F.);
#667=ORIENTED_EDGE('',*,*,#2703,.F.);
#668=ORIENTED_EDGE('',*,*,#2873,.T.);
#669=ORIENTED_EDGE('',*,*,#2806,.T.);
#670=ORIENTED_EDGE('',*,*,#2876,.F.);
#671=ORIENTED_EDGE('',*,*,#2704,.F.);
#672=ORIENTED_EDGE('',*,*,#2875,.T.);
#673=ORIENTED_EDGE('',*,*,#2808,.T.);
#674=ORIENTED_EDGE('',*,*,#2874,.F.);
#675=ORIENTED_EDGE('',*,*,#2701,.F.);
#676=ORIENTED_EDGE('',*,*,#2876,.T.);
#677=ORIENTED_EDGE('',*,*,#2793,.T.);
#678=ORIENTED_EDGE('',*,*,#2877,.F.);
#679=ORIENTED_EDGE('',*,*,#2706,.F.);
#680=ORIENTED_EDGE('',*,*,#2878,.T.);
#681=ORIENTED_EDGE('',*,*,#2796,.T.);
#682=ORIENTED_EDGE('',*,*,#2879,.F.);
#683=ORIENTED_EDGE('',*,*,#2707,.F.);
#684=ORIENTED_EDGE('',*,*,#2877,.T.);
#685=ORIENTED_EDGE('',*,*,#2798,.T.);
#686=ORIENTED_EDGE('',*,*,#2880,.F.);
#687=ORIENTED_EDGE('',*,*,#2708,.F.);
#688=ORIENTED_EDGE('',*,*,#2879,.T.);
#689=ORIENTED_EDGE('',*,*,#2800,.T.);
#690=ORIENTED_EDGE('',*,*,#2878,.F.);
#691=ORIENTED_EDGE('',*,*,#2705,.F.);
#692=ORIENTED_EDGE('',*,*,#2880,.T.);
#693=ORIENTED_EDGE('',*,*,#2785,.T.);
#694=ORIENTED_EDGE('',*,*,#2881,.F.);
#695=ORIENTED_EDGE('',*,*,#2710,.F.);
#696=ORIENTED_EDGE('',*,*,#2882,.T.);
#697=ORIENTED_EDGE('',*,*,#2788,.T.);
#698=ORIENTED_EDGE('',*,*,#2883,.F.);
#699=ORIENTED_EDGE('',*,*,#2711,.F.);
#700=ORIENTED_EDGE('',*,*,#2881,.T.);
#701=ORIENTED_EDGE('',*,*,#2790,.T.);
#702=ORIENTED_EDGE('',*,*,#2884,.F.);
#703=ORIENTED_EDGE('',*,*,#2712,.F.);
#704=ORIENTED_EDGE('',*,*,#2883,.T.);
#705=ORIENTED_EDGE('',*,*,#2792,.T.);
#706=ORIENTED_EDGE('',*,*,#2882,.F.);
#707=ORIENTED_EDGE('',*,*,#2709,.F.);
#708=ORIENTED_EDGE('',*,*,#2884,.T.);
#709=ORIENTED_EDGE('',*,*,#2777,.T.);
#710=ORIENTED_EDGE('',*,*,#2885,.F.);
#711=ORIENTED_EDGE('',*,*,#2714,.F.);
#712=ORIENTED_EDGE('',*,*,#2886,.T.);
#713=ORIENTED_EDGE('',*,*,#2780,.T.);
#714=ORIENTED_EDGE('',*,*,#2887,.F.);
#715=ORIENTED_EDGE('',*,*,#2715,.F.);
#716=ORIENTED_EDGE('',*,*,#2885,.T.);
#717=ORIENTED_EDGE('',*,*,#2782,.T.);
#718=ORIENTED_EDGE('',*,*,#2888,.F.);
#719=ORIENTED_EDGE('',*,*,#2716,.F.);
#720=ORIENTED_EDGE('',*,*,#2887,.T.);
#721=ORIENTED_EDGE('',*,*,#2784,.T.);
#722=ORIENTED_EDGE('',*,*,#2886,.F.);
#723=ORIENTED_EDGE('',*,*,#2713,.F.);
#724=ORIENTED_EDGE('',*,*,#2888,.T.);
#725=ORIENTED_EDGE('',*,*,#2769,.T.);
#726=ORIENTED_EDGE('',*,*,#2889,.F.);
#727=ORIENTED_EDGE('',*,*,#2718,.F.);
#728=ORIENTED_EDGE('',*,*,#2890,.T.);
#729=ORIENTED_EDGE('',*,*,#2772,.T.);
#730=ORIENTED_EDGE('',*,*,#2891,.F.);
#731=ORIENTED_EDGE('',*,*,#2719,.F.);
#732=ORIENTED_EDGE('',*,*,#2889,.T.);
#733=ORIENTED_EDGE('',*,*,#2774,.T.);
#734=ORIENTED_EDGE('',*,*,#2892,.F.);
#735=ORIENTED_EDGE('',*,*,#2720,.F.);
#736=ORIENTED_EDGE('',*,*,#2891,.T.);
#737=ORIENTED_EDGE('',*,*,#2776,.T.);
#738=ORIENTED_EDGE('',*,*,#2890,.F.);
#739=ORIENTED_EDGE('',*,*,#2717,.F.);
#740=ORIENTED_EDGE('',*,*,#2892,.T.);
#741=ORIENTED_EDGE('',*,*,#2761,.T.);
#742=ORIENTED_EDGE('',*,*,#2893,.F.);
#743=ORIENTED_EDGE('',*,*,#2722,.F.);
#744=ORIENTED_EDGE('',*,*,#2894,.T.);
#745=ORIENTED_EDGE('',*,*,#2764,.T.);
#746=ORIENTED_EDGE('',*,*,#2895,.F.);
#747=ORIENTED_EDGE('',*,*,#2723,.F.);
#748=ORIENTED_EDGE('',*,*,#2893,.T.);
#749=ORIENTED_EDGE('',*,*,#2766,.T.);
#750=ORIENTED_EDGE('',*,*,#2896,.F.);
#751=ORIENTED_EDGE('',*,*,#2724,.F.);
#752=ORIENTED_EDGE('',*,*,#2895,.T.);
#753=ORIENTED_EDGE('',*,*,#2768,.T.);
#754=ORIENTED_EDGE('',*,*,#2894,.F.);
#755=ORIENTED_EDGE('',*,*,#2721,.F.);
#756=ORIENTED_EDGE('',*,*,#2896,.T.);
#757=ORIENTED_EDGE('',*,*,#2753,.T.);
#758=ORIENTED_EDGE('',*,*,#2897,.F.);
#759=ORIENTED_EDGE('',*,*,#2726,.F.);
#760=ORIENTED_EDGE('',*,*,#2898,.T.);
#761=ORIENTED_EDGE('',*,*,#2756,.T.);
#762=ORIENTED_EDGE('',*,*,#2899,.F.);
#763=ORIENTED_EDGE('',*,*,#2727,.F.);
#764=ORIENTED_EDGE('',*,*,#2897,.T.);
#765=ORIENTED_EDGE('',*,*,#2758,.T.);
#766=ORIENTED_EDGE('',*,*,#2900,.F.);
#767=ORIENTED_EDGE('',*,*,#2728,.F.);
#768=ORIENTED_EDGE('',*,*,#2899,.T.);
#769=ORIENTED_EDGE('',*,*,#2760,.T.);
#770=ORIENTED_EDGE('',*,*,#2898,.F.);
#771=ORIENTED_EDGE('',*,*,#2725,.F.);
#772=ORIENTED_EDGE('',*,*,#2900,.T.);
#773=ORIENTED_EDGE('',*,*,#2745,.T.);
#774=ORIENTED_EDGE('',*,*,#2901,.F.);
#775=ORIENTED_EDGE('',*,*,#2730,.F.);
#776=ORIENTED_EDGE('',*,*,#2902,.T.);
#777=ORIENTED_EDGE('',*,*,#2748,.T.);
#778=ORIENTED_EDGE('',*,*,#2903,.F.);
#779=ORIENTED_EDGE('',*,*,#2731,.F.);
#780=ORIENTED_EDGE('',*,*,#2901,.T.);
#781=ORIENTED_EDGE('',*,*,#2750,.T.);
#782=ORIENTED_EDGE('',*,*,#2904,.F.);
#783=ORIENTED_EDGE('',*,*,#2732,.F.);
#784=ORIENTED_EDGE('',*,*,#2903,.T.);
#785=ORIENTED_EDGE('',*,*,#2752,.T.);
#786=ORIENTED_EDGE('',*,*,#2902,.F.);
#787=ORIENTED_EDGE('',*,*,#2729,.F.);
#788=ORIENTED_EDGE('',*,*,#2904,.T.);
#789=ORIENTED_EDGE('',*,*,#2905,.F.);
#790=ORIENTED_EDGE('',*,*,#2906,.T.);
#791=ORIENTED_EDGE('',*,*,#2907,.F.);
#792=ORIENTED_EDGE('',*,*,#2908,.F.);
#793=ORIENTED_EDGE('',*,*,#2909,.F.);
#794=ORIENTED_EDGE('',*,*,#2910,.F.);
#795=ORIENTED_EDGE('',*,*,#2911,.T.);
#796=ORIENTED_EDGE('',*,*,#2912,.T.);
#797=ORIENTED_EDGE('',*,*,#2913,.F.);
#798=ORIENTED_EDGE('',*,*,#2914,.T.);
#799=ORIENTED_EDGE('',*,*,#2915,.F.);
#800=ORIENTED_EDGE('',*,*,#2916,.F.);
#801=ORIENTED_EDGE('',*,*,#2917,.F.);
#802=ORIENTED_EDGE('',*,*,#2918,.F.);
#803=ORIENTED_EDGE('',*,*,#2919,.T.);
#804=ORIENTED_EDGE('',*,*,#2920,.T.);
#805=ORIENTED_EDGE('',*,*,#2918,.T.);
#806=ORIENTED_EDGE('',*,*,#2921,.T.);
#807=ORIENTED_EDGE('',*,*,#2908,.T.);
#808=ORIENTED_EDGE('',*,*,#2922,.T.);
#809=ORIENTED_EDGE('',*,*,#2910,.T.);
#810=ORIENTED_EDGE('',*,*,#2923,.T.);
#811=ORIENTED_EDGE('',*,*,#2916,.T.);
#812=ORIENTED_EDGE('',*,*,#2924,.T.);
#813=ORIENTED_EDGE('',*,*,#2925,.T.);
#814=ORIENTED_EDGE('',*,*,#2926,.T.);
#815=ORIENTED_EDGE('',*,*,#2927,.T.);
#816=ORIENTED_EDGE('',*,*,#2928,.T.);
#817=ORIENTED_EDGE('',*,*,#2929,.F.);
#818=ORIENTED_EDGE('',*,*,#2920,.F.);
#819=ORIENTED_EDGE('',*,*,#2930,.F.);
#820=ORIENTED_EDGE('',*,*,#2931,.F.);
#821=ORIENTED_EDGE('',*,*,#2932,.F.);
#822=ORIENTED_EDGE('',*,*,#2933,.F.);
#823=ORIENTED_EDGE('',*,*,#2934,.F.);
#824=ORIENTED_EDGE('',*,*,#2914,.F.);
#825=ORIENTED_EDGE('',*,*,#2935,.F.);
#826=ORIENTED_EDGE('',*,*,#2912,.F.);
#827=ORIENTED_EDGE('',*,*,#2936,.F.);
#828=ORIENTED_EDGE('',*,*,#2906,.F.);
#829=ORIENTED_EDGE('',*,*,#2937,.T.);
#830=ORIENTED_EDGE('',*,*,#2938,.T.);
#831=ORIENTED_EDGE('',*,*,#2939,.T.);
#832=ORIENTED_EDGE('',*,*,#2940,.T.);
#833=ORIENTED_EDGE('',*,*,#2941,.T.);
#834=ORIENTED_EDGE('',*,*,#2942,.T.);
#835=ORIENTED_EDGE('',*,*,#2943,.T.);
#836=ORIENTED_EDGE('',*,*,#2944,.T.);
#837=ORIENTED_EDGE('',*,*,#2945,.T.);
#838=ORIENTED_EDGE('',*,*,#2946,.T.);
#839=ORIENTED_EDGE('',*,*,#2947,.T.);
#840=ORIENTED_EDGE('',*,*,#2948,.T.);
#841=ORIENTED_EDGE('',*,*,#2949,.T.);
#842=ORIENTED_EDGE('',*,*,#2950,.T.);
#843=ORIENTED_EDGE('',*,*,#2951,.T.);
#844=ORIENTED_EDGE('',*,*,#2952,.T.);
#845=ORIENTED_EDGE('',*,*,#2953,.T.);
#846=ORIENTED_EDGE('',*,*,#2954,.T.);
#847=ORIENTED_EDGE('',*,*,#2955,.T.);
#848=ORIENTED_EDGE('',*,*,#2956,.T.);
#849=ORIENTED_EDGE('',*,*,#2957,.T.);
#850=ORIENTED_EDGE('',*,*,#2958,.T.);
#851=ORIENTED_EDGE('',*,*,#2959,.T.);
#852=ORIENTED_EDGE('',*,*,#2960,.T.);
#853=ORIENTED_EDGE('',*,*,#2961,.T.);
#854=ORIENTED_EDGE('',*,*,#2962,.T.);
#855=ORIENTED_EDGE('',*,*,#2963,.T.);
#856=ORIENTED_EDGE('',*,*,#2964,.T.);
#857=ORIENTED_EDGE('',*,*,#2965,.T.);
#858=ORIENTED_EDGE('',*,*,#2966,.T.);
#859=ORIENTED_EDGE('',*,*,#2967,.T.);
#860=ORIENTED_EDGE('',*,*,#2968,.T.);
#861=ORIENTED_EDGE('',*,*,#2969,.T.);
#862=ORIENTED_EDGE('',*,*,#2970,.T.);
#863=ORIENTED_EDGE('',*,*,#2971,.T.);
#864=ORIENTED_EDGE('',*,*,#2972,.T.);
#865=ORIENTED_EDGE('',*,*,#2973,.T.);
#866=ORIENTED_EDGE('',*,*,#2974,.T.);
#867=ORIENTED_EDGE('',*,*,#2975,.T.);
#868=ORIENTED_EDGE('',*,*,#2976,.T.);
#869=ORIENTED_EDGE('',*,*,#2977,.T.);
#870=ORIENTED_EDGE('',*,*,#2978,.T.);
#871=ORIENTED_EDGE('',*,*,#2979,.T.);
#872=ORIENTED_EDGE('',*,*,#2980,.T.);
#873=ORIENTED_EDGE('',*,*,#2981,.T.);
#874=ORIENTED_EDGE('',*,*,#2982,.T.);
#875=ORIENTED_EDGE('',*,*,#2983,.T.);
#876=ORIENTED_EDGE('',*,*,#2984,.T.);
#877=ORIENTED_EDGE('',*,*,#2985,.T.);
#878=ORIENTED_EDGE('',*,*,#2986,.T.);
#879=ORIENTED_EDGE('',*,*,#2987,.T.);
#880=ORIENTED_EDGE('',*,*,#2988,.T.);
#881=ORIENTED_EDGE('',*,*,#2989,.T.);
#882=ORIENTED_EDGE('',*,*,#2990,.T.);
#883=ORIENTED_EDGE('',*,*,#2991,.T.);
#884=ORIENTED_EDGE('',*,*,#2992,.T.);
#885=ORIENTED_EDGE('',*,*,#2936,.T.);
#886=ORIENTED_EDGE('',*,*,#2911,.F.);
#887=ORIENTED_EDGE('',*,*,#2922,.F.);
#888=ORIENTED_EDGE('',*,*,#2907,.T.);
#889=ORIENTED_EDGE('',*,*,#2934,.T.);
#890=ORIENTED_EDGE('',*,*,#2993,.F.);
#891=ORIENTED_EDGE('',*,*,#2924,.F.);
#892=ORIENTED_EDGE('',*,*,#2915,.T.);
#893=ORIENTED_EDGE('',*,*,#2933,.T.);
#894=ORIENTED_EDGE('',*,*,#2994,.F.);
#895=ORIENTED_EDGE('',*,*,#2925,.F.);
#896=ORIENTED_EDGE('',*,*,#2993,.T.);
#897=ORIENTED_EDGE('',*,*,#2995,.T.);
#898=ORIENTED_EDGE('',*,*,#2996,.T.);
#899=ORIENTED_EDGE('',*,*,#2997,.T.);
#900=ORIENTED_EDGE('',*,*,#2998,.T.);
#901=ORIENTED_EDGE('',*,*,#2999,.T.);
#902=ORIENTED_EDGE('',*,*,#3000,.T.);
#903=ORIENTED_EDGE('',*,*,#3001,.T.);
#904=ORIENTED_EDGE('',*,*,#3002,.T.);
#905=ORIENTED_EDGE('',*,*,#3003,.T.);
#906=ORIENTED_EDGE('',*,*,#3004,.T.);
#907=ORIENTED_EDGE('',*,*,#3005,.T.);
#908=ORIENTED_EDGE('',*,*,#3006,.T.);
#909=ORIENTED_EDGE('',*,*,#3007,.T.);
#910=ORIENTED_EDGE('',*,*,#3008,.T.);
#911=ORIENTED_EDGE('',*,*,#3009,.T.);
#912=ORIENTED_EDGE('',*,*,#3010,.T.);
#913=ORIENTED_EDGE('',*,*,#3011,.T.);
#914=ORIENTED_EDGE('',*,*,#3012,.T.);
#915=ORIENTED_EDGE('',*,*,#3013,.T.);
#916=ORIENTED_EDGE('',*,*,#3014,.T.);
#917=ORIENTED_EDGE('',*,*,#3015,.T.);
#918=ORIENTED_EDGE('',*,*,#3016,.T.);
#919=ORIENTED_EDGE('',*,*,#3017,.T.);
#920=ORIENTED_EDGE('',*,*,#3018,.T.);
#921=ORIENTED_EDGE('',*,*,#3019,.T.);
#922=ORIENTED_EDGE('',*,*,#3020,.T.);
#923=ORIENTED_EDGE('',*,*,#3021,.T.);
#924=ORIENTED_EDGE('',*,*,#3022,.T.);
#925=ORIENTED_EDGE('',*,*,#3023,.T.);
#926=ORIENTED_EDGE('',*,*,#3024,.T.);
#927=ORIENTED_EDGE('',*,*,#3025,.T.);
#928=ORIENTED_EDGE('',*,*,#3026,.T.);
#929=ORIENTED_EDGE('',*,*,#3027,.T.);
#930=ORIENTED_EDGE('',*,*,#3028,.T.);
#931=ORIENTED_EDGE('',*,*,#3029,.T.);
#932=ORIENTED_EDGE('',*,*,#3030,.T.);
#933=ORIENTED_EDGE('',*,*,#3031,.T.);
#934=ORIENTED_EDGE('',*,*,#3032,.T.);
#935=ORIENTED_EDGE('',*,*,#3033,.T.);
#936=ORIENTED_EDGE('',*,*,#3034,.T.);
#937=ORIENTED_EDGE('',*,*,#3035,.T.);
#938=ORIENTED_EDGE('',*,*,#3036,.T.);
#939=ORIENTED_EDGE('',*,*,#3037,.T.);
#940=ORIENTED_EDGE('',*,*,#3038,.T.);
#941=ORIENTED_EDGE('',*,*,#3039,.T.);
#942=ORIENTED_EDGE('',*,*,#3040,.T.);
#943=ORIENTED_EDGE('',*,*,#3041,.T.);
#944=ORIENTED_EDGE('',*,*,#3042,.T.);
#945=ORIENTED_EDGE('',*,*,#3043,.T.);
#946=ORIENTED_EDGE('',*,*,#3044,.T.);
#947=ORIENTED_EDGE('',*,*,#3045,.T.);
#948=ORIENTED_EDGE('',*,*,#3046,.T.);
#949=ORIENTED_EDGE('',*,*,#3047,.T.);
#950=ORIENTED_EDGE('',*,*,#3048,.T.);
#951=ORIENTED_EDGE('',*,*,#3049,.T.);
#952=ORIENTED_EDGE('',*,*,#3050,.T.);
#953=ORIENTED_EDGE('',*,*,#2932,.T.);
#954=ORIENTED_EDGE('',*,*,#3051,.F.);
#955=ORIENTED_EDGE('',*,*,#2926,.F.);
#956=ORIENTED_EDGE('',*,*,#2994,.T.);
#957=ORIENTED_EDGE('',*,*,#2931,.T.);
#958=ORIENTED_EDGE('',*,*,#3052,.F.);
#959=ORIENTED_EDGE('',*,*,#2927,.F.);
#960=ORIENTED_EDGE('',*,*,#3051,.T.);
#961=ORIENTED_EDGE('',*,*,#2930,.T.);
#962=ORIENTED_EDGE('',*,*,#2919,.F.);
#963=ORIENTED_EDGE('',*,*,#2928,.F.);
#964=ORIENTED_EDGE('',*,*,#3052,.T.);
#965=ORIENTED_EDGE('',*,*,#2923,.F.);
#966=ORIENTED_EDGE('',*,*,#2909,.T.);
#967=ORIENTED_EDGE('',*,*,#2935,.T.);
#968=ORIENTED_EDGE('',*,*,#2913,.T.);
#969=ORIENTED_EDGE('',*,*,#2905,.T.);
#970=ORIENTED_EDGE('',*,*,#2921,.F.);
#971=ORIENTED_EDGE('',*,*,#2917,.T.);
#972=ORIENTED_EDGE('',*,*,#2929,.T.);
#973=ORIENTED_EDGE('',*,*,#3053,.T.);
#974=ORIENTED_EDGE('',*,*,#3048,.F.);
#975=ORIENTED_EDGE('',*,*,#3054,.F.);
#976=ORIENTED_EDGE('',*,*,#2990,.F.);
#977=ORIENTED_EDGE('',*,*,#3054,.T.);
#978=ORIENTED_EDGE('',*,*,#3047,.F.);
#979=ORIENTED_EDGE('',*,*,#3055,.F.);
#980=ORIENTED_EDGE('',*,*,#2991,.F.);
#981=ORIENTED_EDGE('',*,*,#3055,.T.);
#982=ORIENTED_EDGE('',*,*,#3050,.F.);
#983=ORIENTED_EDGE('',*,*,#3056,.F.);
#984=ORIENTED_EDGE('',*,*,#2992,.F.);
#985=ORIENTED_EDGE('',*,*,#3056,.T.);
#986=ORIENTED_EDGE('',*,*,#3049,.F.);
#987=ORIENTED_EDGE('',*,*,#3053,.F.);
#988=ORIENTED_EDGE('',*,*,#2989,.F.);
#989=ORIENTED_EDGE('',*,*,#3057,.T.);
#990=ORIENTED_EDGE('',*,*,#3044,.F.);
#991=ORIENTED_EDGE('',*,*,#3058,.F.);
#992=ORIENTED_EDGE('',*,*,#2986,.F.);
#993=ORIENTED_EDGE('',*,*,#3058,.T.);
#994=ORIENTED_EDGE('',*,*,#3043,.F.);
#995=ORIENTED_EDGE('',*,*,#3059,.F.);
#996=ORIENTED_EDGE('',*,*,#2987,.F.);
#997=ORIENTED_EDGE('',*,*,#3059,.T.);
#998=ORIENTED_EDGE('',*,*,#3046,.F.);
#999=ORIENTED_EDGE('',*,*,#3060,.F.);
#1000=ORIENTED_EDGE('',*,*,#2988,.F.);
#1001=ORIENTED_EDGE('',*,*,#3060,.T.);
#1002=ORIENTED_EDGE('',*,*,#3045,.F.);
#1003=ORIENTED_EDGE('',*,*,#3057,.F.);
#1004=ORIENTED_EDGE('',*,*,#2985,.F.);
#1005=ORIENTED_EDGE('',*,*,#3061,.T.);
#1006=ORIENTED_EDGE('',*,*,#3040,.F.);
#1007=ORIENTED_EDGE('',*,*,#3062,.F.);
#1008=ORIENTED_EDGE('',*,*,#2982,.F.);
#1009=ORIENTED_EDGE('',*,*,#3062,.T.);
#1010=ORIENTED_EDGE('',*,*,#3039,.F.);
#1011=ORIENTED_EDGE('',*,*,#3063,.F.);
#1012=ORIENTED_EDGE('',*,*,#2983,.F.);
#1013=ORIENTED_EDGE('',*,*,#3063,.T.);
#1014=ORIENTED_EDGE('',*,*,#3042,.F.);
#1015=ORIENTED_EDGE('',*,*,#3064,.F.);
#1016=ORIENTED_EDGE('',*,*,#2984,.F.);
#1017=ORIENTED_EDGE('',*,*,#3064,.T.);
#1018=ORIENTED_EDGE('',*,*,#3041,.F.);
#1019=ORIENTED_EDGE('',*,*,#3061,.F.);
#1020=ORIENTED_EDGE('',*,*,#2981,.F.);
#1021=ORIENTED_EDGE('',*,*,#3065,.T.);
#1022=ORIENTED_EDGE('',*,*,#3036,.F.);
#1023=ORIENTED_EDGE('',*,*,#3066,.F.);
#1024=ORIENTED_EDGE('',*,*,#2978,.F.);
#1025=ORIENTED_EDGE('',*,*,#3066,.T.);
#1026=ORIENTED_EDGE('',*,*,#3035,.F.);
#1027=ORIENTED_EDGE('',*,*,#3067,.F.);
#1028=ORIENTED_EDGE('',*,*,#2979,.F.);
#1029=ORIENTED_EDGE('',*,*,#3067,.T.);
#1030=ORIENTED_EDGE('',*,*,#3038,.F.);
#1031=ORIENTED_EDGE('',*,*,#3068,.F.);
#1032=ORIENTED_EDGE('',*,*,#2980,.F.);
#1033=ORIENTED_EDGE('',*,*,#3068,.T.);
#1034=ORIENTED_EDGE('',*,*,#3037,.F.);
#1035=ORIENTED_EDGE('',*,*,#3065,.F.);
#1036=ORIENTED_EDGE('',*,*,#2977,.F.);
#1037=ORIENTED_EDGE('',*,*,#3069,.T.);
#1038=ORIENTED_EDGE('',*,*,#3032,.F.);
#1039=ORIENTED_EDGE('',*,*,#3070,.F.);
#1040=ORIENTED_EDGE('',*,*,#2974,.F.);
#1041=ORIENTED_EDGE('',*,*,#3070,.T.);
#1042=ORIENTED_EDGE('',*,*,#3031,.F.);
#1043=ORIENTED_EDGE('',*,*,#3071,.F.);
#1044=ORIENTED_EDGE('',*,*,#2975,.F.);
#1045=ORIENTED_EDGE('',*,*,#3071,.T.);
#1046=ORIENTED_EDGE('',*,*,#3034,.F.);
#1047=ORIENTED_EDGE('',*,*,#3072,.F.);
#1048=ORIENTED_EDGE('',*,*,#2976,.F.);
#1049=ORIENTED_EDGE('',*,*,#3072,.T.);
#1050=ORIENTED_EDGE('',*,*,#3033,.F.);
#1051=ORIENTED_EDGE('',*,*,#3069,.F.);
#1052=ORIENTED_EDGE('',*,*,#2973,.F.);
#1053=ORIENTED_EDGE('',*,*,#3073,.T.);
#1054=ORIENTED_EDGE('',*,*,#3028,.F.);
#1055=ORIENTED_EDGE('',*,*,#3074,.F.);
#1056=ORIENTED_EDGE('',*,*,#2970,.F.);
#1057=ORIENTED_EDGE('',*,*,#3074,.T.);
#1058=ORIENTED_EDGE('',*,*,#3027,.F.);
#1059=ORIENTED_EDGE('',*,*,#3075,.F.);
#1060=ORIENTED_EDGE('',*,*,#2971,.F.);
#1061=ORIENTED_EDGE('',*,*,#3075,.T.);
#1062=ORIENTED_EDGE('',*,*,#3030,.F.);
#1063=ORIENTED_EDGE('',*,*,#3076,.F.);
#1064=ORIENTED_EDGE('',*,*,#2972,.F.);
#1065=ORIENTED_EDGE('',*,*,#3076,.T.);
#1066=ORIENTED_EDGE('',*,*,#3029,.F.);
#1067=ORIENTED_EDGE('',*,*,#3073,.F.);
#1068=ORIENTED_EDGE('',*,*,#2969,.F.);
#1069=ORIENTED_EDGE('',*,*,#3077,.T.);
#1070=ORIENTED_EDGE('',*,*,#3024,.F.);
#1071=ORIENTED_EDGE('',*,*,#3078,.F.);
#1072=ORIENTED_EDGE('',*,*,#2966,.F.);
#1073=ORIENTED_EDGE('',*,*,#3078,.T.);
#1074=ORIENTED_EDGE('',*,*,#3023,.F.);
#1075=ORIENTED_EDGE('',*,*,#3079,.F.);
#1076=ORIENTED_EDGE('',*,*,#2967,.F.);
#1077=ORIENTED_EDGE('',*,*,#3079,.T.);
#1078=ORIENTED_EDGE('',*,*,#3026,.F.);
#1079=ORIENTED_EDGE('',*,*,#3080,.F.);
#1080=ORIENTED_EDGE('',*,*,#2968,.F.);
#1081=ORIENTED_EDGE('',*,*,#3080,.T.);
#1082=ORIENTED_EDGE('',*,*,#3025,.F.);
#1083=ORIENTED_EDGE('',*,*,#3077,.F.);
#1084=ORIENTED_EDGE('',*,*,#2965,.F.);
#1085=ORIENTED_EDGE('',*,*,#3081,.T.);
#1086=ORIENTED_EDGE('',*,*,#3020,.F.);
#1087=ORIENTED_EDGE('',*,*,#3082,.F.);
#1088=ORIENTED_EDGE('',*,*,#2962,.F.);
#1089=ORIENTED_EDGE('',*,*,#3082,.T.);
#1090=ORIENTED_EDGE('',*,*,#3019,.F.);
#1091=ORIENTED_EDGE('',*,*,#3083,.F.);
#1092=ORIENTED_EDGE('',*,*,#2963,.F.);
#1093=ORIENTED_EDGE('',*,*,#3083,.T.);
#1094=ORIENTED_EDGE('',*,*,#3022,.F.);
#1095=ORIENTED_EDGE('',*,*,#3084,.F.);
#1096=ORIENTED_EDGE('',*,*,#2964,.F.);
#1097=ORIENTED_EDGE('',*,*,#3084,.T.);
#1098=ORIENTED_EDGE('',*,*,#3021,.F.);
#1099=ORIENTED_EDGE('',*,*,#3081,.F.);
#1100=ORIENTED_EDGE('',*,*,#2961,.F.);
#1101=ORIENTED_EDGE('',*,*,#3085,.T.);
#1102=ORIENTED_EDGE('',*,*,#3016,.F.);
#1103=ORIENTED_EDGE('',*,*,#3086,.F.);
#1104=ORIENTED_EDGE('',*,*,#2958,.F.);
#1105=ORIENTED_EDGE('',*,*,#3086,.T.);
#1106=ORIENTED_EDGE('',*,*,#3015,.F.);
#1107=ORIENTED_EDGE('',*,*,#3087,.F.);
#1108=ORIENTED_EDGE('',*,*,#2959,.F.);
#1109=ORIENTED_EDGE('',*,*,#3087,.T.);
#1110=ORIENTED_EDGE('',*,*,#3018,.F.);
#1111=ORIENTED_EDGE('',*,*,#3088,.F.);
#1112=ORIENTED_EDGE('',*,*,#2960,.F.);
#1113=ORIENTED_EDGE('',*,*,#3088,.T.);
#1114=ORIENTED_EDGE('',*,*,#3017,.F.);
#1115=ORIENTED_EDGE('',*,*,#3085,.F.);
#1116=ORIENTED_EDGE('',*,*,#2957,.F.);
#1117=ORIENTED_EDGE('',*,*,#3089,.T.);
#1118=ORIENTED_EDGE('',*,*,#3012,.F.);
#1119=ORIENTED_EDGE('',*,*,#3090,.F.);
#1120=ORIENTED_EDGE('',*,*,#2954,.F.);
#1121=ORIENTED_EDGE('',*,*,#3090,.T.);
#1122=ORIENTED_EDGE('',*,*,#3011,.F.);
#1123=ORIENTED_EDGE('',*,*,#3091,.F.);
#1124=ORIENTED_EDGE('',*,*,#2955,.F.);
#1125=ORIENTED_EDGE('',*,*,#3091,.T.);
#1126=ORIENTED_EDGE('',*,*,#3014,.F.);
#1127=ORIENTED_EDGE('',*,*,#3092,.F.);
#1128=ORIENTED_EDGE('',*,*,#2956,.F.);
#1129=ORIENTED_EDGE('',*,*,#3092,.T.);
#1130=ORIENTED_EDGE('',*,*,#3013,.F.);
#1131=ORIENTED_EDGE('',*,*,#3089,.F.);
#1132=ORIENTED_EDGE('',*,*,#2953,.F.);
#1133=ORIENTED_EDGE('',*,*,#3093,.T.);
#1134=ORIENTED_EDGE('',*,*,#3008,.F.);
#1135=ORIENTED_EDGE('',*,*,#3094,.F.);
#1136=ORIENTED_EDGE('',*,*,#2950,.F.);
#1137=ORIENTED_EDGE('',*,*,#3094,.T.);
#1138=ORIENTED_EDGE('',*,*,#3007,.F.);
#1139=ORIENTED_EDGE('',*,*,#3095,.F.);
#1140=ORIENTED_EDGE('',*,*,#2951,.F.);
#1141=ORIENTED_EDGE('',*,*,#3095,.T.);
#1142=ORIENTED_EDGE('',*,*,#3010,.F.);
#1143=ORIENTED_EDGE('',*,*,#3096,.F.);
#1144=ORIENTED_EDGE('',*,*,#2952,.F.);
#1145=ORIENTED_EDGE('',*,*,#3096,.T.);
#1146=ORIENTED_EDGE('',*,*,#3009,.F.);
#1147=ORIENTED_EDGE('',*,*,#3093,.F.);
#1148=ORIENTED_EDGE('',*,*,#2949,.F.);
#1149=ORIENTED_EDGE('',*,*,#3097,.T.);
#1150=ORIENTED_EDGE('',*,*,#3004,.F.);
#1151=ORIENTED_EDGE('',*,*,#3098,.F.);
#1152=ORIENTED_EDGE('',*,*,#2946,.F.);
#1153=ORIENTED_EDGE('',*,*,#3098,.T.);
#1154=ORIENTED_EDGE('',*,*,#3003,.F.);
#1155=ORIENTED_EDGE('',*,*,#3099,.F.);
#1156=ORIENTED_EDGE('',*,*,#2947,.F.);
#1157=ORIENTED_EDGE('',*,*,#3099,.T.);
#1158=ORIENTED_EDGE('',*,*,#3006,.F.);
#1159=ORIENTED_EDGE('',*,*,#3100,.F.);
#1160=ORIENTED_EDGE('',*,*,#2948,.F.);
#1161=ORIENTED_EDGE('',*,*,#3100,.T.);
#1162=ORIENTED_EDGE('',*,*,#3005,.F.);
#1163=ORIENTED_EDGE('',*,*,#3097,.F.);
#1164=ORIENTED_EDGE('',*,*,#2945,.F.);
#1165=ORIENTED_EDGE('',*,*,#3101,.T.);
#1166=ORIENTED_EDGE('',*,*,#3000,.F.);
#1167=ORIENTED_EDGE('',*,*,#3102,.F.);
#1168=ORIENTED_EDGE('',*,*,#2942,.F.);
#1169=ORIENTED_EDGE('',*,*,#3102,.T.);
#1170=ORIENTED_EDGE('',*,*,#2999,.F.);
#1171=ORIENTED_EDGE('',*,*,#3103,.F.);
#1172=ORIENTED_EDGE('',*,*,#2943,.F.);
#1173=ORIENTED_EDGE('',*,*,#3103,.T.);
#1174=ORIENTED_EDGE('',*,*,#3002,.F.);
#1175=ORIENTED_EDGE('',*,*,#3104,.F.);
#1176=ORIENTED_EDGE('',*,*,#2944,.F.);
#1177=ORIENTED_EDGE('',*,*,#3104,.T.);
#1178=ORIENTED_EDGE('',*,*,#3001,.F.);
#1179=ORIENTED_EDGE('',*,*,#3101,.F.);
#1180=ORIENTED_EDGE('',*,*,#2941,.F.);
#1181=ORIENTED_EDGE('',*,*,#3105,.T.);
#1182=ORIENTED_EDGE('',*,*,#2996,.F.);
#1183=ORIENTED_EDGE('',*,*,#3106,.F.);
#1184=ORIENTED_EDGE('',*,*,#2938,.F.);
#1185=ORIENTED_EDGE('',*,*,#3106,.T.);
#1186=ORIENTED_EDGE('',*,*,#2995,.F.);
#1187=ORIENTED_EDGE('',*,*,#3107,.F.);
#1188=ORIENTED_EDGE('',*,*,#2939,.F.);
#1189=ORIENTED_EDGE('',*,*,#3107,.T.);
#1190=ORIENTED_EDGE('',*,*,#2998,.F.);
#1191=ORIENTED_EDGE('',*,*,#3108,.F.);
#1192=ORIENTED_EDGE('',*,*,#2940,.F.);
#1193=ORIENTED_EDGE('',*,*,#3108,.T.);
#1194=ORIENTED_EDGE('',*,*,#2997,.F.);
#1195=ORIENTED_EDGE('',*,*,#3105,.F.);
#1196=ORIENTED_EDGE('',*,*,#2937,.F.);
#1197=ORIENTED_EDGE('',*,*,#3109,.T.);
#1198=ORIENTED_EDGE('',*,*,#3110,.T.);
#1199=ORIENTED_EDGE('',*,*,#3111,.T.);
#1200=ORIENTED_EDGE('',*,*,#3112,.T.);
#1201=ORIENTED_EDGE('',*,*,#3113,.T.);
#1202=ORIENTED_EDGE('',*,*,#3114,.T.);
#1203=ORIENTED_EDGE('',*,*,#3115,.T.);
#1204=ORIENTED_EDGE('',*,*,#3116,.T.);
#1205=ORIENTED_EDGE('',*,*,#3117,.T.);
#1206=ORIENTED_EDGE('',*,*,#3118,.T.);
#1207=ORIENTED_EDGE('',*,*,#3119,.T.);
#1208=ORIENTED_EDGE('',*,*,#3120,.T.);
#1209=ORIENTED_EDGE('',*,*,#3121,.F.);
#1210=ORIENTED_EDGE('',*,*,#3122,.F.);
#1211=ORIENTED_EDGE('',*,*,#3123,.F.);
#1212=ORIENTED_EDGE('',*,*,#3124,.F.);
#1213=ORIENTED_EDGE('',*,*,#3125,.F.);
#1214=ORIENTED_EDGE('',*,*,#3126,.F.);
#1215=ORIENTED_EDGE('',*,*,#3127,.F.);
#1216=ORIENTED_EDGE('',*,*,#3128,.F.);
#1217=ORIENTED_EDGE('',*,*,#3129,.F.);
#1218=ORIENTED_EDGE('',*,*,#3130,.F.);
#1219=ORIENTED_EDGE('',*,*,#3131,.F.);
#1220=ORIENTED_EDGE('',*,*,#3132,.F.);
#1221=ORIENTED_EDGE('',*,*,#3133,.F.);
#1222=ORIENTED_EDGE('',*,*,#3109,.F.);
#1223=ORIENTED_EDGE('',*,*,#3134,.T.);
#1224=ORIENTED_EDGE('',*,*,#3122,.T.);
#1225=ORIENTED_EDGE('',*,*,#3135,.F.);
#1226=ORIENTED_EDGE('',*,*,#3132,.T.);
#1227=ORIENTED_EDGE('',*,*,#3136,.F.);
#1228=ORIENTED_EDGE('',*,*,#3111,.F.);
#1229=ORIENTED_EDGE('',*,*,#3137,.F.);
#1230=ORIENTED_EDGE('',*,*,#3138,.F.);
#1231=ORIENTED_EDGE('',*,*,#3139,.F.);
#1232=ORIENTED_EDGE('',*,*,#3140,.T.);
#1233=ORIENTED_EDGE('',*,*,#3141,.F.);
#1234=ORIENTED_EDGE('',*,*,#3142,.F.);
#1235=ORIENTED_EDGE('',*,*,#3143,.F.);
#1236=ORIENTED_EDGE('',*,*,#3138,.T.);
#1237=ORIENTED_EDGE('',*,*,#3144,.F.);
#1238=ORIENTED_EDGE('',*,*,#3145,.F.);
#1239=ORIENTED_EDGE('',*,*,#3146,.F.);
#1240=ORIENTED_EDGE('',*,*,#3142,.T.);
#1241=ORIENTED_EDGE('',*,*,#3147,.F.);
#1242=ORIENTED_EDGE('',*,*,#3140,.F.);
#1243=ORIENTED_EDGE('',*,*,#3148,.F.);
#1244=ORIENTED_EDGE('',*,*,#3145,.T.);
#1245=ORIENTED_EDGE('',*,*,#3149,.F.);
#1246=ORIENTED_EDGE('',*,*,#3150,.F.);
#1247=ORIENTED_EDGE('',*,*,#3151,.F.);
#1248=ORIENTED_EDGE('',*,*,#3152,.T.);
#1249=ORIENTED_EDGE('',*,*,#3153,.F.);
#1250=ORIENTED_EDGE('',*,*,#3154,.F.);
#1251=ORIENTED_EDGE('',*,*,#3155,.F.);
#1252=ORIENTED_EDGE('',*,*,#3150,.T.);
#1253=ORIENTED_EDGE('',*,*,#3156,.F.);
#1254=ORIENTED_EDGE('',*,*,#3157,.F.);
#1255=ORIENTED_EDGE('',*,*,#3158,.F.);
#1256=ORIENTED_EDGE('',*,*,#3154,.T.);
#1257=ORIENTED_EDGE('',*,*,#3159,.F.);
#1258=ORIENTED_EDGE('',*,*,#3152,.F.);
#1259=ORIENTED_EDGE('',*,*,#3160,.F.);
#1260=ORIENTED_EDGE('',*,*,#3157,.T.);
#1261=ORIENTED_EDGE('',*,*,#3161,.F.);
#1262=ORIENTED_EDGE('',*,*,#3162,.F.);
#1263=ORIENTED_EDGE('',*,*,#3163,.F.);
#1264=ORIENTED_EDGE('',*,*,#3164,.T.);
#1265=ORIENTED_EDGE('',*,*,#3165,.F.);
#1266=ORIENTED_EDGE('',*,*,#3166,.F.);
#1267=ORIENTED_EDGE('',*,*,#3167,.F.);
#1268=ORIENTED_EDGE('',*,*,#3162,.T.);
#1269=ORIENTED_EDGE('',*,*,#3168,.F.);
#1270=ORIENTED_EDGE('',*,*,#3169,.F.);
#1271=ORIENTED_EDGE('',*,*,#3170,.F.);
#1272=ORIENTED_EDGE('',*,*,#3166,.T.);
#1273=ORIENTED_EDGE('',*,*,#3171,.F.);
#1274=ORIENTED_EDGE('',*,*,#3164,.F.);
#1275=ORIENTED_EDGE('',*,*,#3172,.F.);
#1276=ORIENTED_EDGE('',*,*,#3169,.T.);
#1277=ORIENTED_EDGE('',*,*,#3173,.F.);
#1278=ORIENTED_EDGE('',*,*,#3174,.F.);
#1279=ORIENTED_EDGE('',*,*,#3175,.F.);
#1280=ORIENTED_EDGE('',*,*,#3176,.T.);
#1281=ORIENTED_EDGE('',*,*,#3177,.F.);
#1282=ORIENTED_EDGE('',*,*,#3178,.F.);
#1283=ORIENTED_EDGE('',*,*,#3179,.F.);
#1284=ORIENTED_EDGE('',*,*,#3174,.T.);
#1285=ORIENTED_EDGE('',*,*,#3180,.F.);
#1286=ORIENTED_EDGE('',*,*,#3181,.F.);
#1287=ORIENTED_EDGE('',*,*,#3182,.F.);
#1288=ORIENTED_EDGE('',*,*,#3178,.T.);
#1289=ORIENTED_EDGE('',*,*,#3183,.F.);
#1290=ORIENTED_EDGE('',*,*,#3176,.F.);
#1291=ORIENTED_EDGE('',*,*,#3184,.F.);
#1292=ORIENTED_EDGE('',*,*,#3181,.T.);
#1293=ORIENTED_EDGE('',*,*,#3185,.F.);
#1294=ORIENTED_EDGE('',*,*,#3186,.F.);
#1295=ORIENTED_EDGE('',*,*,#3187,.F.);
#1296=ORIENTED_EDGE('',*,*,#3188,.T.);
#1297=ORIENTED_EDGE('',*,*,#3189,.F.);
#1298=ORIENTED_EDGE('',*,*,#3190,.F.);
#1299=ORIENTED_EDGE('',*,*,#3191,.F.);
#1300=ORIENTED_EDGE('',*,*,#3186,.T.);
#1301=ORIENTED_EDGE('',*,*,#3192,.F.);
#1302=ORIENTED_EDGE('',*,*,#3193,.F.);
#1303=ORIENTED_EDGE('',*,*,#3194,.F.);
#1304=ORIENTED_EDGE('',*,*,#3190,.T.);
#1305=ORIENTED_EDGE('',*,*,#3195,.F.);
#1306=ORIENTED_EDGE('',*,*,#3188,.F.);
#1307=ORIENTED_EDGE('',*,*,#3196,.F.);
#1308=ORIENTED_EDGE('',*,*,#3193,.T.);
#1309=ORIENTED_EDGE('',*,*,#3197,.F.);
#1310=ORIENTED_EDGE('',*,*,#3198,.F.);
#1311=ORIENTED_EDGE('',*,*,#3199,.F.);
#1312=ORIENTED_EDGE('',*,*,#3200,.T.);
#1313=ORIENTED_EDGE('',*,*,#3201,.F.);
#1314=ORIENTED_EDGE('',*,*,#3202,.F.);
#1315=ORIENTED_EDGE('',*,*,#3203,.F.);
#1316=ORIENTED_EDGE('',*,*,#3198,.T.);
#1317=ORIENTED_EDGE('',*,*,#3204,.F.);
#1318=ORIENTED_EDGE('',*,*,#3205,.F.);
#1319=ORIENTED_EDGE('',*,*,#3206,.F.);
#1320=ORIENTED_EDGE('',*,*,#3202,.T.);
#1321=ORIENTED_EDGE('',*,*,#3207,.F.);
#1322=ORIENTED_EDGE('',*,*,#3200,.F.);
#1323=ORIENTED_EDGE('',*,*,#3208,.F.);
#1324=ORIENTED_EDGE('',*,*,#3205,.T.);
#1325=ORIENTED_EDGE('',*,*,#3209,.F.);
#1326=ORIENTED_EDGE('',*,*,#3210,.F.);
#1327=ORIENTED_EDGE('',*,*,#3211,.F.);
#1328=ORIENTED_EDGE('',*,*,#3212,.T.);
#1329=ORIENTED_EDGE('',*,*,#3213,.F.);
#1330=ORIENTED_EDGE('',*,*,#3214,.F.);
#1331=ORIENTED_EDGE('',*,*,#3215,.F.);
#1332=ORIENTED_EDGE('',*,*,#3210,.T.);
#1333=ORIENTED_EDGE('',*,*,#3216,.F.);
#1334=ORIENTED_EDGE('',*,*,#3217,.F.);
#1335=ORIENTED_EDGE('',*,*,#3218,.F.);
#1336=ORIENTED_EDGE('',*,*,#3214,.T.);
#1337=ORIENTED_EDGE('',*,*,#3219,.F.);
#1338=ORIENTED_EDGE('',*,*,#3212,.F.);
#1339=ORIENTED_EDGE('',*,*,#3220,.F.);
#1340=ORIENTED_EDGE('',*,*,#3217,.T.);
#1341=ORIENTED_EDGE('',*,*,#3221,.F.);
#1342=ORIENTED_EDGE('',*,*,#3222,.F.);
#1343=ORIENTED_EDGE('',*,*,#3223,.F.);
#1344=ORIENTED_EDGE('',*,*,#3224,.T.);
#1345=ORIENTED_EDGE('',*,*,#3225,.F.);
#1346=ORIENTED_EDGE('',*,*,#3226,.F.);
#1347=ORIENTED_EDGE('',*,*,#3227,.F.);
#1348=ORIENTED_EDGE('',*,*,#3222,.T.);
#1349=ORIENTED_EDGE('',*,*,#3228,.F.);
#1350=ORIENTED_EDGE('',*,*,#3229,.F.);
#1351=ORIENTED_EDGE('',*,*,#3230,.F.);
#1352=ORIENTED_EDGE('',*,*,#3226,.T.);
#1353=ORIENTED_EDGE('',*,*,#3231,.F.);
#1354=ORIENTED_EDGE('',*,*,#3224,.F.);
#1355=ORIENTED_EDGE('',*,*,#3232,.F.);
#1356=ORIENTED_EDGE('',*,*,#3229,.T.);
#1357=ORIENTED_EDGE('',*,*,#3233,.F.);
#1358=ORIENTED_EDGE('',*,*,#3234,.F.);
#1359=ORIENTED_EDGE('',*,*,#3235,.F.);
#1360=ORIENTED_EDGE('',*,*,#3236,.T.);
#1361=ORIENTED_EDGE('',*,*,#3237,.F.);
#1362=ORIENTED_EDGE('',*,*,#3238,.F.);
#1363=ORIENTED_EDGE('',*,*,#3239,.F.);
#1364=ORIENTED_EDGE('',*,*,#3234,.T.);
#1365=ORIENTED_EDGE('',*,*,#3240,.F.);
#1366=ORIENTED_EDGE('',*,*,#3241,.F.);
#1367=ORIENTED_EDGE('',*,*,#3242,.F.);
#1368=ORIENTED_EDGE('',*,*,#3238,.T.);
#1369=ORIENTED_EDGE('',*,*,#3243,.F.);
#1370=ORIENTED_EDGE('',*,*,#3236,.F.);
#1371=ORIENTED_EDGE('',*,*,#3244,.F.);
#1372=ORIENTED_EDGE('',*,*,#3241,.T.);
#1373=ORIENTED_EDGE('',*,*,#3245,.F.);
#1374=ORIENTED_EDGE('',*,*,#3246,.F.);
#1375=ORIENTED_EDGE('',*,*,#3247,.F.);
#1376=ORIENTED_EDGE('',*,*,#3248,.T.);
#1377=ORIENTED_EDGE('',*,*,#3249,.F.);
#1378=ORIENTED_EDGE('',*,*,#3250,.F.);
#1379=ORIENTED_EDGE('',*,*,#3251,.F.);
#1380=ORIENTED_EDGE('',*,*,#3246,.T.);
#1381=ORIENTED_EDGE('',*,*,#3252,.F.);
#1382=ORIENTED_EDGE('',*,*,#3253,.F.);
#1383=ORIENTED_EDGE('',*,*,#3254,.F.);
#1384=ORIENTED_EDGE('',*,*,#3250,.T.);
#1385=ORIENTED_EDGE('',*,*,#3255,.F.);
#1386=ORIENTED_EDGE('',*,*,#3248,.F.);
#1387=ORIENTED_EDGE('',*,*,#3256,.F.);
#1388=ORIENTED_EDGE('',*,*,#3253,.T.);
#1389=ORIENTED_EDGE('',*,*,#3257,.F.);
#1390=ORIENTED_EDGE('',*,*,#3258,.F.);
#1391=ORIENTED_EDGE('',*,*,#3259,.F.);
#1392=ORIENTED_EDGE('',*,*,#3260,.T.);
#1393=ORIENTED_EDGE('',*,*,#3261,.F.);
#1394=ORIENTED_EDGE('',*,*,#3262,.F.);
#1395=ORIENTED_EDGE('',*,*,#3263,.F.);
#1396=ORIENTED_EDGE('',*,*,#3258,.T.);
#1397=ORIENTED_EDGE('',*,*,#3264,.F.);
#1398=ORIENTED_EDGE('',*,*,#3265,.F.);
#1399=ORIENTED_EDGE('',*,*,#3266,.F.);
#1400=ORIENTED_EDGE('',*,*,#3262,.T.);
#1401=ORIENTED_EDGE('',*,*,#3267,.F.);
#1402=ORIENTED_EDGE('',*,*,#3260,.F.);
#1403=ORIENTED_EDGE('',*,*,#3268,.F.);
#1404=ORIENTED_EDGE('',*,*,#3265,.T.);
#1405=ORIENTED_EDGE('',*,*,#3269,.F.);
#1406=ORIENTED_EDGE('',*,*,#3270,.F.);
#1407=ORIENTED_EDGE('',*,*,#3271,.F.);
#1408=ORIENTED_EDGE('',*,*,#3272,.T.);
#1409=ORIENTED_EDGE('',*,*,#3273,.F.);
#1410=ORIENTED_EDGE('',*,*,#3274,.F.);
#1411=ORIENTED_EDGE('',*,*,#3275,.F.);
#1412=ORIENTED_EDGE('',*,*,#3270,.T.);
#1413=ORIENTED_EDGE('',*,*,#3276,.F.);
#1414=ORIENTED_EDGE('',*,*,#3277,.F.);
#1415=ORIENTED_EDGE('',*,*,#3278,.F.);
#1416=ORIENTED_EDGE('',*,*,#3274,.T.);
#1417=ORIENTED_EDGE('',*,*,#3279,.F.);
#1418=ORIENTED_EDGE('',*,*,#3272,.F.);
#1419=ORIENTED_EDGE('',*,*,#3280,.F.);
#1420=ORIENTED_EDGE('',*,*,#3277,.T.);
#1421=ORIENTED_EDGE('',*,*,#3281,.F.);
#1422=ORIENTED_EDGE('',*,*,#3282,.F.);
#1423=ORIENTED_EDGE('',*,*,#3283,.F.);
#1424=ORIENTED_EDGE('',*,*,#3284,.T.);
#1425=ORIENTED_EDGE('',*,*,#3285,.F.);
#1426=ORIENTED_EDGE('',*,*,#3286,.F.);
#1427=ORIENTED_EDGE('',*,*,#3287,.F.);
#1428=ORIENTED_EDGE('',*,*,#3282,.T.);
#1429=ORIENTED_EDGE('',*,*,#3288,.F.);
#1430=ORIENTED_EDGE('',*,*,#3289,.F.);
#1431=ORIENTED_EDGE('',*,*,#3290,.F.);
#1432=ORIENTED_EDGE('',*,*,#3286,.T.);
#1433=ORIENTED_EDGE('',*,*,#3291,.F.);
#1434=ORIENTED_EDGE('',*,*,#3284,.F.);
#1435=ORIENTED_EDGE('',*,*,#3292,.F.);
#1436=ORIENTED_EDGE('',*,*,#3289,.T.);
#1437=ORIENTED_EDGE('',*,*,#3293,.F.);
#1438=ORIENTED_EDGE('',*,*,#3294,.F.);
#1439=ORIENTED_EDGE('',*,*,#3295,.F.);
#1440=ORIENTED_EDGE('',*,*,#3296,.T.);
#1441=ORIENTED_EDGE('',*,*,#3297,.F.);
#1442=ORIENTED_EDGE('',*,*,#3298,.F.);
#1443=ORIENTED_EDGE('',*,*,#3299,.F.);
#1444=ORIENTED_EDGE('',*,*,#3294,.T.);
#1445=ORIENTED_EDGE('',*,*,#3300,.F.);
#1446=ORIENTED_EDGE('',*,*,#3301,.F.);
#1447=ORIENTED_EDGE('',*,*,#3302,.F.);
#1448=ORIENTED_EDGE('',*,*,#3298,.T.);
#1449=ORIENTED_EDGE('',*,*,#3303,.F.);
#1450=ORIENTED_EDGE('',*,*,#3296,.F.);
#1451=ORIENTED_EDGE('',*,*,#3304,.F.);
#1452=ORIENTED_EDGE('',*,*,#3301,.T.);
#1453=ORIENTED_EDGE('',*,*,#3305,.F.);
#1454=ORIENTED_EDGE('',*,*,#3306,.T.);
#1455=ORIENTED_EDGE('',*,*,#3307,.F.);
#1456=ORIENTED_EDGE('',*,*,#3308,.F.);
#1457=ORIENTED_EDGE('',*,*,#3309,.F.);
#1458=ORIENTED_EDGE('',*,*,#3310,.T.);
#1459=ORIENTED_EDGE('',*,*,#3311,.F.);
#1460=ORIENTED_EDGE('',*,*,#3312,.F.);
#1461=ORIENTED_EDGE('',*,*,#3313,.F.);
#1462=ORIENTED_EDGE('',*,*,#3314,.T.);
#1463=ORIENTED_EDGE('',*,*,#3315,.F.);
#1464=ORIENTED_EDGE('',*,*,#3316,.F.);
#1465=ORIENTED_EDGE('',*,*,#3317,.F.);
#1466=ORIENTED_EDGE('',*,*,#3318,.T.);
#1467=ORIENTED_EDGE('',*,*,#3319,.F.);
#1468=ORIENTED_EDGE('',*,*,#3320,.F.);
#1469=ORIENTED_EDGE('',*,*,#3321,.F.);
#1470=ORIENTED_EDGE('',*,*,#3322,.T.);
#1471=ORIENTED_EDGE('',*,*,#3323,.F.);
#1472=ORIENTED_EDGE('',*,*,#3324,.F.);
#1473=ORIENTED_EDGE('',*,*,#3325,.F.);
#1474=ORIENTED_EDGE('',*,*,#3326,.T.);
#1475=ORIENTED_EDGE('',*,*,#3327,.F.);
#1476=ORIENTED_EDGE('',*,*,#3328,.F.);
#1477=ORIENTED_EDGE('',*,*,#3329,.F.);
#1478=ORIENTED_EDGE('',*,*,#3330,.T.);
#1479=ORIENTED_EDGE('',*,*,#3331,.F.);
#1480=ORIENTED_EDGE('',*,*,#3332,.F.);
#1481=ORIENTED_EDGE('',*,*,#3333,.F.);
#1482=ORIENTED_EDGE('',*,*,#3308,.T.);
#1483=ORIENTED_EDGE('',*,*,#3334,.T.);
#1484=ORIENTED_EDGE('',*,*,#3335,.F.);
#1485=ORIENTED_EDGE('',*,*,#3336,.F.);
#1486=ORIENTED_EDGE('',*,*,#3312,.T.);
#1487=ORIENTED_EDGE('',*,*,#3337,.T.);
#1488=ORIENTED_EDGE('',*,*,#3338,.F.);
#1489=ORIENTED_EDGE('',*,*,#3339,.F.);
#1490=ORIENTED_EDGE('',*,*,#3316,.T.);
#1491=ORIENTED_EDGE('',*,*,#3340,.T.);
#1492=ORIENTED_EDGE('',*,*,#3341,.F.);
#1493=ORIENTED_EDGE('',*,*,#3342,.F.);
#1494=ORIENTED_EDGE('',*,*,#3320,.T.);
#1495=ORIENTED_EDGE('',*,*,#3343,.T.);
#1496=ORIENTED_EDGE('',*,*,#3344,.F.);
#1497=ORIENTED_EDGE('',*,*,#3345,.F.);
#1498=ORIENTED_EDGE('',*,*,#3324,.T.);
#1499=ORIENTED_EDGE('',*,*,#3346,.T.);
#1500=ORIENTED_EDGE('',*,*,#3347,.F.);
#1501=ORIENTED_EDGE('',*,*,#3348,.F.);
#1502=ORIENTED_EDGE('',*,*,#3328,.T.);
#1503=ORIENTED_EDGE('',*,*,#3349,.T.);
#1504=ORIENTED_EDGE('',*,*,#3350,.F.);
#1505=ORIENTED_EDGE('',*,*,#3351,.F.);
#1506=ORIENTED_EDGE('',*,*,#3332,.T.);
#1507=ORIENTED_EDGE('',*,*,#3352,.T.);
#1508=ORIENTED_EDGE('',*,*,#3353,.F.);
#1509=ORIENTED_EDGE('',*,*,#3354,.F.);
#1510=ORIENTED_EDGE('',*,*,#3335,.T.);
#1511=ORIENTED_EDGE('',*,*,#3355,.F.);
#1512=ORIENTED_EDGE('',*,*,#3356,.F.);
#1513=ORIENTED_EDGE('',*,*,#3357,.F.);
#1514=ORIENTED_EDGE('',*,*,#3338,.T.);
#1515=ORIENTED_EDGE('',*,*,#3358,.F.);
#1516=ORIENTED_EDGE('',*,*,#3359,.F.);
#1517=ORIENTED_EDGE('',*,*,#3360,.F.);
#1518=ORIENTED_EDGE('',*,*,#3341,.T.);
#1519=ORIENTED_EDGE('',*,*,#3361,.F.);
#1520=ORIENTED_EDGE('',*,*,#3362,.F.);
#1521=ORIENTED_EDGE('',*,*,#3363,.F.);
#1522=ORIENTED_EDGE('',*,*,#3344,.T.);
#1523=ORIENTED_EDGE('',*,*,#3364,.F.);
#1524=ORIENTED_EDGE('',*,*,#3365,.F.);
#1525=ORIENTED_EDGE('',*,*,#3366,.F.);
#1526=ORIENTED_EDGE('',*,*,#3347,.T.);
#1527=ORIENTED_EDGE('',*,*,#3367,.F.);
#1528=ORIENTED_EDGE('',*,*,#3368,.F.);
#1529=ORIENTED_EDGE('',*,*,#3369,.F.);
#1530=ORIENTED_EDGE('',*,*,#3350,.T.);
#1531=ORIENTED_EDGE('',*,*,#3370,.F.);
#1532=ORIENTED_EDGE('',*,*,#3371,.F.);
#1533=ORIENTED_EDGE('',*,*,#3372,.F.);
#1534=ORIENTED_EDGE('',*,*,#3353,.T.);
#1535=ORIENTED_EDGE('',*,*,#3373,.F.);
#1536=ORIENTED_EDGE('',*,*,#3374,.F.);
#1537=ORIENTED_EDGE('',*,*,#3375,.F.);
#1538=ORIENTED_EDGE('',*,*,#3376,.T.);
#1539=ORIENTED_EDGE('',*,*,#3356,.T.);
#1540=ORIENTED_EDGE('',*,*,#3377,.T.);
#1541=ORIENTED_EDGE('',*,*,#3378,.F.);
#1542=ORIENTED_EDGE('',*,*,#3379,.T.);
#1543=ORIENTED_EDGE('',*,*,#3359,.T.);
#1544=ORIENTED_EDGE('',*,*,#3380,.T.);
#1545=ORIENTED_EDGE('',*,*,#3381,.F.);
#1546=ORIENTED_EDGE('',*,*,#3382,.T.);
#1547=ORIENTED_EDGE('',*,*,#3362,.T.);
#1548=ORIENTED_EDGE('',*,*,#3383,.T.);
#1549=ORIENTED_EDGE('',*,*,#3384,.F.);
#1550=ORIENTED_EDGE('',*,*,#3385,.T.);
#1551=ORIENTED_EDGE('',*,*,#3365,.T.);
#1552=ORIENTED_EDGE('',*,*,#3386,.T.);
#1553=ORIENTED_EDGE('',*,*,#3387,.F.);
#1554=ORIENTED_EDGE('',*,*,#3388,.T.);
#1555=ORIENTED_EDGE('',*,*,#3368,.T.);
#1556=ORIENTED_EDGE('',*,*,#3389,.T.);
#1557=ORIENTED_EDGE('',*,*,#3390,.F.);
#1558=ORIENTED_EDGE('',*,*,#3391,.T.);
#1559=ORIENTED_EDGE('',*,*,#3371,.T.);
#1560=ORIENTED_EDGE('',*,*,#3392,.T.);
#1561=ORIENTED_EDGE('',*,*,#3393,.F.);
#1562=ORIENTED_EDGE('',*,*,#3394,.T.);
#1563=ORIENTED_EDGE('',*,*,#3374,.T.);
#1564=ORIENTED_EDGE('',*,*,#3395,.T.);
#1565=ORIENTED_EDGE('',*,*,#3396,.F.);
#1566=ORIENTED_EDGE('',*,*,#3375,.T.);
#1567=ORIENTED_EDGE('',*,*,#3397,.F.);
#1568=ORIENTED_EDGE('',*,*,#3398,.F.);
#1569=ORIENTED_EDGE('',*,*,#3399,.F.);
#1570=ORIENTED_EDGE('',*,*,#3378,.T.);
#1571=ORIENTED_EDGE('',*,*,#3400,.F.);
#1572=ORIENTED_EDGE('',*,*,#3401,.F.);
#1573=ORIENTED_EDGE('',*,*,#3402,.F.);
#1574=ORIENTED_EDGE('',*,*,#3381,.T.);
#1575=ORIENTED_EDGE('',*,*,#3403,.F.);
#1576=ORIENTED_EDGE('',*,*,#3404,.F.);
#1577=ORIENTED_EDGE('',*,*,#3405,.F.);
#1578=ORIENTED_EDGE('',*,*,#3384,.T.);
#1579=ORIENTED_EDGE('',*,*,#3406,.F.);
#1580=ORIENTED_EDGE('',*,*,#3407,.F.);
#1581=ORIENTED_EDGE('',*,*,#3408,.F.);
#1582=ORIENTED_EDGE('',*,*,#3387,.T.);
#1583=ORIENTED_EDGE('',*,*,#3409,.F.);
#1584=ORIENTED_EDGE('',*,*,#3410,.F.);
#1585=ORIENTED_EDGE('',*,*,#3411,.F.);
#1586=ORIENTED_EDGE('',*,*,#3390,.T.);
#1587=ORIENTED_EDGE('',*,*,#3412,.F.);
#1588=ORIENTED_EDGE('',*,*,#3413,.F.);
#1589=ORIENTED_EDGE('',*,*,#3414,.F.);
#1590=ORIENTED_EDGE('',*,*,#3393,.T.);
#1591=ORIENTED_EDGE('',*,*,#3415,.F.);
#1592=ORIENTED_EDGE('',*,*,#3416,.F.);
#1593=ORIENTED_EDGE('',*,*,#3417,.F.);
#1594=ORIENTED_EDGE('',*,*,#3398,.T.);
#1595=ORIENTED_EDGE('',*,*,#3418,.F.);
#1596=ORIENTED_EDGE('',*,*,#3419,.F.);
#1597=ORIENTED_EDGE('',*,*,#3420,.F.);
#1598=ORIENTED_EDGE('',*,*,#3401,.T.);
#1599=ORIENTED_EDGE('',*,*,#3421,.F.);
#1600=ORIENTED_EDGE('',*,*,#3422,.F.);
#1601=ORIENTED_EDGE('',*,*,#3423,.F.);
#1602=ORIENTED_EDGE('',*,*,#3404,.T.);
#1603=ORIENTED_EDGE('',*,*,#3424,.F.);
#1604=ORIENTED_EDGE('',*,*,#3425,.F.);
#1605=ORIENTED_EDGE('',*,*,#3426,.F.);
#1606=ORIENTED_EDGE('',*,*,#3407,.T.);
#1607=ORIENTED_EDGE('',*,*,#3427,.F.);
#1608=ORIENTED_EDGE('',*,*,#3428,.F.);
#1609=ORIENTED_EDGE('',*,*,#3429,.F.);
#1610=ORIENTED_EDGE('',*,*,#3410,.T.);
#1611=ORIENTED_EDGE('',*,*,#3430,.F.);
#1612=ORIENTED_EDGE('',*,*,#3431,.F.);
#1613=ORIENTED_EDGE('',*,*,#3432,.F.);
#1614=ORIENTED_EDGE('',*,*,#3413,.T.);
#1615=ORIENTED_EDGE('',*,*,#3433,.F.);
#1616=ORIENTED_EDGE('',*,*,#3434,.F.);
#1617=ORIENTED_EDGE('',*,*,#3435,.F.);
#1618=ORIENTED_EDGE('',*,*,#3416,.T.);
#1619=ORIENTED_EDGE('',*,*,#3436,.F.);
#1620=ORIENTED_EDGE('',*,*,#3437,.F.);
#1621=ORIENTED_EDGE('',*,*,#3438,.F.);
#1622=ORIENTED_EDGE('',*,*,#3439,.F.);
#1623=ORIENTED_EDGE('',*,*,#3419,.T.);
#1624=ORIENTED_EDGE('',*,*,#3440,.F.);
#1625=ORIENTED_EDGE('',*,*,#3441,.F.);
#1626=ORIENTED_EDGE('',*,*,#3442,.F.);
#1627=ORIENTED_EDGE('',*,*,#3422,.T.);
#1628=ORIENTED_EDGE('',*,*,#3443,.F.);
#1629=ORIENTED_EDGE('',*,*,#3444,.F.);
#1630=ORIENTED_EDGE('',*,*,#3445,.F.);
#1631=ORIENTED_EDGE('',*,*,#3425,.T.);
#1632=ORIENTED_EDGE('',*,*,#3446,.F.);
#1633=ORIENTED_EDGE('',*,*,#3447,.F.);
#1634=ORIENTED_EDGE('',*,*,#3448,.F.);
#1635=ORIENTED_EDGE('',*,*,#3428,.T.);
#1636=ORIENTED_EDGE('',*,*,#3449,.F.);
#1637=ORIENTED_EDGE('',*,*,#3450,.F.);
#1638=ORIENTED_EDGE('',*,*,#3451,.F.);
#1639=ORIENTED_EDGE('',*,*,#3431,.T.);
#1640=ORIENTED_EDGE('',*,*,#3452,.F.);
#1641=ORIENTED_EDGE('',*,*,#3453,.F.);
#1642=ORIENTED_EDGE('',*,*,#3454,.F.);
#1643=ORIENTED_EDGE('',*,*,#3434,.T.);
#1644=ORIENTED_EDGE('',*,*,#3455,.F.);
#1645=ORIENTED_EDGE('',*,*,#3456,.F.);
#1646=ORIENTED_EDGE('',*,*,#3457,.F.);
#1647=ORIENTED_EDGE('',*,*,#3437,.T.);
#1648=ORIENTED_EDGE('',*,*,#3458,.F.);
#1649=ORIENTED_EDGE('',*,*,#3459,.F.);
#1650=ORIENTED_EDGE('',*,*,#3128,.T.);
#1651=ORIENTED_EDGE('',*,*,#3460,.F.);
#1652=ORIENTED_EDGE('',*,*,#3115,.F.);
#1653=ORIENTED_EDGE('',*,*,#3461,.F.);
#1654=ORIENTED_EDGE('',*,*,#3117,.F.);
#1655=ORIENTED_EDGE('',*,*,#3462,.T.);
#1656=ORIENTED_EDGE('',*,*,#3126,.T.);
#1657=ORIENTED_EDGE('',*,*,#3463,.F.);
#1658=ORIENTED_EDGE('',*,*,#3464,.F.);
#1659=ORIENTED_EDGE('',*,*,#3465,.F.);
#1660=ORIENTED_EDGE('',*,*,#3466,.F.);
#1661=ORIENTED_EDGE('',*,*,#3467,.F.);
#1662=ORIENTED_EDGE('',*,*,#3468,.F.);
#1663=ORIENTED_EDGE('',*,*,#3469,.F.);
#1664=ORIENTED_EDGE('',*,*,#3470,.F.);
#1665=ORIENTED_EDGE('',*,*,#3471,.F.);
#1666=ORIENTED_EDGE('',*,*,#3472,.F.);
#1667=ORIENTED_EDGE('',*,*,#3473,.F.);
#1668=ORIENTED_EDGE('',*,*,#3474,.F.);
#1669=ORIENTED_EDGE('',*,*,#3475,.F.);
#1670=ORIENTED_EDGE('',*,*,#3476,.F.);
#1671=ORIENTED_EDGE('',*,*,#3477,.F.);
#1672=ORIENTED_EDGE('',*,*,#3478,.F.);
#1673=ORIENTED_EDGE('',*,*,#3479,.F.);
#1674=ORIENTED_EDGE('',*,*,#3480,.F.);
#1675=ORIENTED_EDGE('',*,*,#3481,.F.);
#1676=ORIENTED_EDGE('',*,*,#3482,.F.);
#1677=ORIENTED_EDGE('',*,*,#3483,.F.);
#1678=ORIENTED_EDGE('',*,*,#3484,.F.);
#1679=ORIENTED_EDGE('',*,*,#3485,.F.);
#1680=ORIENTED_EDGE('',*,*,#3486,.F.);
#1681=ORIENTED_EDGE('',*,*,#3487,.F.);
#1682=ORIENTED_EDGE('',*,*,#3488,.F.);
#1683=ORIENTED_EDGE('',*,*,#3489,.F.);
#1684=ORIENTED_EDGE('',*,*,#3490,.F.);
#1685=ORIENTED_EDGE('',*,*,#3491,.F.);
#1686=ORIENTED_EDGE('',*,*,#3489,.T.);
#1687=ORIENTED_EDGE('',*,*,#3492,.F.);
#1688=ORIENTED_EDGE('',*,*,#3493,.F.);
#1689=ORIENTED_EDGE('',*,*,#3494,.F.);
#1690=ORIENTED_EDGE('',*,*,#3485,.T.);
#1691=ORIENTED_EDGE('',*,*,#3495,.F.);
#1692=ORIENTED_EDGE('',*,*,#3496,.F.);
#1693=ORIENTED_EDGE('',*,*,#3497,.F.);
#1694=ORIENTED_EDGE('',*,*,#3481,.T.);
#1695=ORIENTED_EDGE('',*,*,#3498,.F.);
#1696=ORIENTED_EDGE('',*,*,#3499,.F.);
#1697=ORIENTED_EDGE('',*,*,#3500,.F.);
#1698=ORIENTED_EDGE('',*,*,#3477,.T.);
#1699=ORIENTED_EDGE('',*,*,#3501,.F.);
#1700=ORIENTED_EDGE('',*,*,#3502,.F.);
#1701=ORIENTED_EDGE('',*,*,#3503,.F.);
#1702=ORIENTED_EDGE('',*,*,#3473,.T.);
#1703=ORIENTED_EDGE('',*,*,#3504,.F.);
#1704=ORIENTED_EDGE('',*,*,#3505,.F.);
#1705=ORIENTED_EDGE('',*,*,#3506,.F.);
#1706=ORIENTED_EDGE('',*,*,#3469,.T.);
#1707=ORIENTED_EDGE('',*,*,#3507,.F.);
#1708=ORIENTED_EDGE('',*,*,#3508,.F.);
#1709=ORIENTED_EDGE('',*,*,#3509,.F.);
#1710=ORIENTED_EDGE('',*,*,#3465,.T.);
#1711=ORIENTED_EDGE('',*,*,#3510,.F.);
#1712=ORIENTED_EDGE('',*,*,#3511,.F.);
#1713=ORIENTED_EDGE('',*,*,#3512,.F.);
#1714=ORIENTED_EDGE('',*,*,#3493,.T.);
#1715=ORIENTED_EDGE('',*,*,#3513,.F.);
#1716=ORIENTED_EDGE('',*,*,#3514,.F.);
#1717=ORIENTED_EDGE('',*,*,#3515,.F.);
#1718=ORIENTED_EDGE('',*,*,#3496,.T.);
#1719=ORIENTED_EDGE('',*,*,#3516,.F.);
#1720=ORIENTED_EDGE('',*,*,#3517,.F.);
#1721=ORIENTED_EDGE('',*,*,#3518,.F.);
#1722=ORIENTED_EDGE('',*,*,#3499,.T.);
#1723=ORIENTED_EDGE('',*,*,#3519,.F.);
#1724=ORIENTED_EDGE('',*,*,#3520,.F.);
#1725=ORIENTED_EDGE('',*,*,#3521,.F.);
#1726=ORIENTED_EDGE('',*,*,#3502,.T.);
#1727=ORIENTED_EDGE('',*,*,#3522,.F.);
#1728=ORIENTED_EDGE('',*,*,#3523,.F.);
#1729=ORIENTED_EDGE('',*,*,#3524,.F.);
#1730=ORIENTED_EDGE('',*,*,#3505,.T.);
#1731=ORIENTED_EDGE('',*,*,#3525,.F.);
#1732=ORIENTED_EDGE('',*,*,#3526,.F.);
#1733=ORIENTED_EDGE('',*,*,#3527,.F.);
#1734=ORIENTED_EDGE('',*,*,#3508,.T.);
#1735=ORIENTED_EDGE('',*,*,#3528,.F.);
#1736=ORIENTED_EDGE('',*,*,#3529,.F.);
#1737=ORIENTED_EDGE('',*,*,#3530,.F.);
#1738=ORIENTED_EDGE('',*,*,#3511,.T.);
#1739=ORIENTED_EDGE('',*,*,#3531,.F.);
#1740=ORIENTED_EDGE('',*,*,#3532,.F.);
#1741=ORIENTED_EDGE('',*,*,#3533,.F.);
#1742=ORIENTED_EDGE('',*,*,#3534,.T.);
#1743=ORIENTED_EDGE('',*,*,#3514,.T.);
#1744=ORIENTED_EDGE('',*,*,#3535,.T.);
#1745=ORIENTED_EDGE('',*,*,#3536,.F.);
#1746=ORIENTED_EDGE('',*,*,#3537,.T.);
#1747=ORIENTED_EDGE('',*,*,#3517,.T.);
#1748=ORIENTED_EDGE('',*,*,#3538,.T.);
#1749=ORIENTED_EDGE('',*,*,#3539,.F.);
#1750=ORIENTED_EDGE('',*,*,#3540,.T.);
#1751=ORIENTED_EDGE('',*,*,#3520,.T.);
#1752=ORIENTED_EDGE('',*,*,#3541,.T.);
#1753=ORIENTED_EDGE('',*,*,#3542,.F.);
#1754=ORIENTED_EDGE('',*,*,#3543,.T.);
#1755=ORIENTED_EDGE('',*,*,#3523,.T.);
#1756=ORIENTED_EDGE('',*,*,#3544,.T.);
#1757=ORIENTED_EDGE('',*,*,#3545,.F.);
#1758=ORIENTED_EDGE('',*,*,#3546,.T.);
#1759=ORIENTED_EDGE('',*,*,#3526,.T.);
#1760=ORIENTED_EDGE('',*,*,#3547,.T.);
#1761=ORIENTED_EDGE('',*,*,#3548,.F.);
#1762=ORIENTED_EDGE('',*,*,#3549,.T.);
#1763=ORIENTED_EDGE('',*,*,#3529,.T.);
#1764=ORIENTED_EDGE('',*,*,#3550,.T.);
#1765=ORIENTED_EDGE('',*,*,#3551,.F.);
#1766=ORIENTED_EDGE('',*,*,#3552,.T.);
#1767=ORIENTED_EDGE('',*,*,#3532,.T.);
#1768=ORIENTED_EDGE('',*,*,#3553,.T.);
#1769=ORIENTED_EDGE('',*,*,#3554,.F.);
#1770=ORIENTED_EDGE('',*,*,#3533,.T.);
#1771=ORIENTED_EDGE('',*,*,#3555,.F.);
#1772=ORIENTED_EDGE('',*,*,#3556,.F.);
#1773=ORIENTED_EDGE('',*,*,#3557,.F.);
#1774=ORIENTED_EDGE('',*,*,#3536,.T.);
#1775=ORIENTED_EDGE('',*,*,#3558,.F.);
#1776=ORIENTED_EDGE('',*,*,#3559,.F.);
#1777=ORIENTED_EDGE('',*,*,#3560,.F.);
#1778=ORIENTED_EDGE('',*,*,#3539,.T.);
#1779=ORIENTED_EDGE('',*,*,#3561,.F.);
#1780=ORIENTED_EDGE('',*,*,#3562,.F.);
#1781=ORIENTED_EDGE('',*,*,#3563,.F.);
#1782=ORIENTED_EDGE('',*,*,#3542,.T.);
#1783=ORIENTED_EDGE('',*,*,#3564,.F.);
#1784=ORIENTED_EDGE('',*,*,#3565,.F.);
#1785=ORIENTED_EDGE('',*,*,#3566,.F.);
#1786=ORIENTED_EDGE('',*,*,#3545,.T.);
#1787=ORIENTED_EDGE('',*,*,#3567,.F.);
#1788=ORIENTED_EDGE('',*,*,#3568,.F.);
#1789=ORIENTED_EDGE('',*,*,#3569,.F.);
#1790=ORIENTED_EDGE('',*,*,#3548,.T.);
#1791=ORIENTED_EDGE('',*,*,#3570,.F.);
#1792=ORIENTED_EDGE('',*,*,#3571,.F.);
#1793=ORIENTED_EDGE('',*,*,#3572,.F.);
#1794=ORIENTED_EDGE('',*,*,#3551,.T.);
#1795=ORIENTED_EDGE('',*,*,#3573,.F.);
#1796=ORIENTED_EDGE('',*,*,#3574,.F.);
#1797=ORIENTED_EDGE('',*,*,#3575,.F.);
#1798=ORIENTED_EDGE('',*,*,#3556,.T.);
#1799=ORIENTED_EDGE('',*,*,#3576,.T.);
#1800=ORIENTED_EDGE('',*,*,#3577,.F.);
#1801=ORIENTED_EDGE('',*,*,#3578,.F.);
#1802=ORIENTED_EDGE('',*,*,#3559,.T.);
#1803=ORIENTED_EDGE('',*,*,#3579,.T.);
#1804=ORIENTED_EDGE('',*,*,#3580,.F.);
#1805=ORIENTED_EDGE('',*,*,#3581,.F.);
#1806=ORIENTED_EDGE('',*,*,#3562,.T.);
#1807=ORIENTED_EDGE('',*,*,#3582,.T.);
#1808=ORIENTED_EDGE('',*,*,#3583,.F.);
#1809=ORIENTED_EDGE('',*,*,#3584,.F.);
#1810=ORIENTED_EDGE('',*,*,#3565,.T.);
#1811=ORIENTED_EDGE('',*,*,#3585,.T.);
#1812=ORIENTED_EDGE('',*,*,#3586,.F.);
#1813=ORIENTED_EDGE('',*,*,#3587,.F.);
#1814=ORIENTED_EDGE('',*,*,#3568,.T.);
#1815=ORIENTED_EDGE('',*,*,#3588,.T.);
#1816=ORIENTED_EDGE('',*,*,#3589,.F.);
#1817=ORIENTED_EDGE('',*,*,#3590,.F.);
#1818=ORIENTED_EDGE('',*,*,#3571,.T.);
#1819=ORIENTED_EDGE('',*,*,#3591,.T.);
#1820=ORIENTED_EDGE('',*,*,#3592,.F.);
#1821=ORIENTED_EDGE('',*,*,#3593,.F.);
#1822=ORIENTED_EDGE('',*,*,#3574,.T.);
#1823=ORIENTED_EDGE('',*,*,#3594,.T.);
#1824=ORIENTED_EDGE('',*,*,#3595,.F.);
#1825=ORIENTED_EDGE('',*,*,#3596,.F.);
#1826=ORIENTED_EDGE('',*,*,#3577,.T.);
#1827=ORIENTED_EDGE('',*,*,#3597,.F.);
#1828=ORIENTED_EDGE('',*,*,#3598,.F.);
#1829=ORIENTED_EDGE('',*,*,#3599,.F.);
#1830=ORIENTED_EDGE('',*,*,#3580,.T.);
#1831=ORIENTED_EDGE('',*,*,#3600,.F.);
#1832=ORIENTED_EDGE('',*,*,#3601,.F.);
#1833=ORIENTED_EDGE('',*,*,#3602,.F.);
#1834=ORIENTED_EDGE('',*,*,#3583,.T.);
#1835=ORIENTED_EDGE('',*,*,#3603,.F.);
#1836=ORIENTED_EDGE('',*,*,#3604,.F.);
#1837=ORIENTED_EDGE('',*,*,#3605,.F.);
#1838=ORIENTED_EDGE('',*,*,#3586,.T.);
#1839=ORIENTED_EDGE('',*,*,#3606,.F.);
#1840=ORIENTED_EDGE('',*,*,#3607,.F.);
#1841=ORIENTED_EDGE('',*,*,#3608,.F.);
#1842=ORIENTED_EDGE('',*,*,#3589,.T.);
#1843=ORIENTED_EDGE('',*,*,#3609,.F.);
#1844=ORIENTED_EDGE('',*,*,#3610,.F.);
#1845=ORIENTED_EDGE('',*,*,#3611,.F.);
#1846=ORIENTED_EDGE('',*,*,#3592,.T.);
#1847=ORIENTED_EDGE('',*,*,#3612,.F.);
#1848=ORIENTED_EDGE('',*,*,#3613,.F.);
#1849=ORIENTED_EDGE('',*,*,#3614,.F.);
#1850=ORIENTED_EDGE('',*,*,#3595,.T.);
#1851=ORIENTED_EDGE('',*,*,#3615,.F.);
#1852=ORIENTED_EDGE('',*,*,#3616,.F.);
#1853=ORIENTED_EDGE('',*,*,#3617,.F.);
#1854=ORIENTED_EDGE('',*,*,#3598,.T.);
#1855=ORIENTED_EDGE('',*,*,#3618,.F.);
#1856=ORIENTED_EDGE('',*,*,#3619,.F.);
#1857=ORIENTED_EDGE('',*,*,#3620,.F.);
#1858=ORIENTED_EDGE('',*,*,#3601,.T.);
#1859=ORIENTED_EDGE('',*,*,#3621,.F.);
#1860=ORIENTED_EDGE('',*,*,#3622,.F.);
#1861=ORIENTED_EDGE('',*,*,#3623,.F.);
#1862=ORIENTED_EDGE('',*,*,#3604,.T.);
#1863=ORIENTED_EDGE('',*,*,#3624,.F.);
#1864=ORIENTED_EDGE('',*,*,#3625,.F.);
#1865=ORIENTED_EDGE('',*,*,#3626,.F.);
#1866=ORIENTED_EDGE('',*,*,#3607,.T.);
#1867=ORIENTED_EDGE('',*,*,#3627,.F.);
#1868=ORIENTED_EDGE('',*,*,#3628,.F.);
#1869=ORIENTED_EDGE('',*,*,#3629,.F.);
#1870=ORIENTED_EDGE('',*,*,#3610,.T.);
#1871=ORIENTED_EDGE('',*,*,#3630,.F.);
#1872=ORIENTED_EDGE('',*,*,#3631,.F.);
#1873=ORIENTED_EDGE('',*,*,#3632,.F.);
#1874=ORIENTED_EDGE('',*,*,#3613,.T.);
#1875=ORIENTED_EDGE('',*,*,#3633,.F.);
#1876=ORIENTED_EDGE('',*,*,#3634,.F.);
#1877=ORIENTED_EDGE('',*,*,#3635,.F.);
#1878=ORIENTED_EDGE('',*,*,#3616,.T.);
#1879=ORIENTED_EDGE('',*,*,#3636,.F.);
#1880=ORIENTED_EDGE('',*,*,#3637,.F.);
#1881=ORIENTED_EDGE('',*,*,#3638,.F.);
#1882=ORIENTED_EDGE('',*,*,#3619,.T.);
#1883=ORIENTED_EDGE('',*,*,#3639,.F.);
#1884=ORIENTED_EDGE('',*,*,#3640,.F.);
#1885=ORIENTED_EDGE('',*,*,#3641,.F.);
#1886=ORIENTED_EDGE('',*,*,#3622,.T.);
#1887=ORIENTED_EDGE('',*,*,#3642,.F.);
#1888=ORIENTED_EDGE('',*,*,#3643,.F.);
#1889=ORIENTED_EDGE('',*,*,#3644,.F.);
#1890=ORIENTED_EDGE('',*,*,#3625,.T.);
#1891=ORIENTED_EDGE('',*,*,#3645,.F.);
#1892=ORIENTED_EDGE('',*,*,#3646,.F.);
#1893=ORIENTED_EDGE('',*,*,#3647,.F.);
#1894=ORIENTED_EDGE('',*,*,#3628,.T.);
#1895=ORIENTED_EDGE('',*,*,#3648,.F.);
#1896=ORIENTED_EDGE('',*,*,#3649,.F.);
#1897=ORIENTED_EDGE('',*,*,#3650,.F.);
#1898=ORIENTED_EDGE('',*,*,#3631,.T.);
#1899=ORIENTED_EDGE('',*,*,#3651,.F.);
#1900=ORIENTED_EDGE('',*,*,#3652,.F.);
#1901=ORIENTED_EDGE('',*,*,#3653,.F.);
#1902=ORIENTED_EDGE('',*,*,#3634,.T.);
#1903=ORIENTED_EDGE('',*,*,#3654,.F.);
#1904=ORIENTED_EDGE('',*,*,#3655,.F.);
#1905=ORIENTED_EDGE('',*,*,#3656,.F.);
#1906=ORIENTED_EDGE('',*,*,#3637,.T.);
#1907=ORIENTED_EDGE('',*,*,#3657,.F.);
#1908=ORIENTED_EDGE('',*,*,#3658,.F.);
#1909=ORIENTED_EDGE('',*,*,#3659,.F.);
#1910=ORIENTED_EDGE('',*,*,#3660,.T.);
#1911=ORIENTED_EDGE('',*,*,#3640,.T.);
#1912=ORIENTED_EDGE('',*,*,#3661,.T.);
#1913=ORIENTED_EDGE('',*,*,#3662,.F.);
#1914=ORIENTED_EDGE('',*,*,#3663,.T.);
#1915=ORIENTED_EDGE('',*,*,#3643,.T.);
#1916=ORIENTED_EDGE('',*,*,#3664,.T.);
#1917=ORIENTED_EDGE('',*,*,#3665,.F.);
#1918=ORIENTED_EDGE('',*,*,#3666,.T.);
#1919=ORIENTED_EDGE('',*,*,#3646,.T.);
#1920=ORIENTED_EDGE('',*,*,#3667,.T.);
#1921=ORIENTED_EDGE('',*,*,#3668,.F.);
#1922=ORIENTED_EDGE('',*,*,#3669,.T.);
#1923=ORIENTED_EDGE('',*,*,#3649,.T.);
#1924=ORIENTED_EDGE('',*,*,#3670,.T.);
#1925=ORIENTED_EDGE('',*,*,#3671,.F.);
#1926=ORIENTED_EDGE('',*,*,#3672,.T.);
#1927=ORIENTED_EDGE('',*,*,#3652,.T.);
#1928=ORIENTED_EDGE('',*,*,#3673,.T.);
#1929=ORIENTED_EDGE('',*,*,#3674,.F.);
#1930=ORIENTED_EDGE('',*,*,#3675,.T.);
#1931=ORIENTED_EDGE('',*,*,#3655,.T.);
#1932=ORIENTED_EDGE('',*,*,#3676,.T.);
#1933=ORIENTED_EDGE('',*,*,#3677,.F.);
#1934=ORIENTED_EDGE('',*,*,#3678,.T.);
#1935=ORIENTED_EDGE('',*,*,#3658,.T.);
#1936=ORIENTED_EDGE('',*,*,#3679,.T.);
#1937=ORIENTED_EDGE('',*,*,#3680,.F.);
#1938=ORIENTED_EDGE('',*,*,#3681,.F.);
#1939=ORIENTED_EDGE('',*,*,#3659,.T.);
#1940=ORIENTED_EDGE('',*,*,#3682,.F.);
#1941=ORIENTED_EDGE('',*,*,#3683,.F.);
#1942=ORIENTED_EDGE('',*,*,#3684,.F.);
#1943=ORIENTED_EDGE('',*,*,#3662,.T.);
#1944=ORIENTED_EDGE('',*,*,#3685,.F.);
#1945=ORIENTED_EDGE('',*,*,#3686,.F.);
#1946=ORIENTED_EDGE('',*,*,#3687,.F.);
#1947=ORIENTED_EDGE('',*,*,#3665,.T.);
#1948=ORIENTED_EDGE('',*,*,#3688,.F.);
#1949=ORIENTED_EDGE('',*,*,#3689,.F.);
#1950=ORIENTED_EDGE('',*,*,#3690,.F.);
#1951=ORIENTED_EDGE('',*,*,#3668,.T.);
#1952=ORIENTED_EDGE('',*,*,#3691,.F.);
#1953=ORIENTED_EDGE('',*,*,#3692,.F.);
#1954=ORIENTED_EDGE('',*,*,#3693,.F.);
#1955=ORIENTED_EDGE('',*,*,#3671,.T.);
#1956=ORIENTED_EDGE('',*,*,#3694,.F.);
#1957=ORIENTED_EDGE('',*,*,#3695,.F.);
#1958=ORIENTED_EDGE('',*,*,#3696,.F.);
#1959=ORIENTED_EDGE('',*,*,#3674,.T.);
#1960=ORIENTED_EDGE('',*,*,#3697,.F.);
#1961=ORIENTED_EDGE('',*,*,#3698,.F.);
#1962=ORIENTED_EDGE('',*,*,#3699,.F.);
#1963=ORIENTED_EDGE('',*,*,#3677,.T.);
#1964=ORIENTED_EDGE('',*,*,#3700,.F.);
#1965=ORIENTED_EDGE('',*,*,#3701,.F.);
#1966=ORIENTED_EDGE('',*,*,#3124,.T.);
#1967=ORIENTED_EDGE('',*,*,#3702,.F.);
#1968=ORIENTED_EDGE('',*,*,#3119,.F.);
#1969=ORIENTED_EDGE('',*,*,#3703,.F.);
#1970=ORIENTED_EDGE('',*,*,#3113,.F.);
#1971=ORIENTED_EDGE('',*,*,#3704,.T.);
#1972=ORIENTED_EDGE('',*,*,#3130,.T.);
#1973=ORIENTED_EDGE('',*,*,#3705,.F.);
#1974=ORIENTED_EDGE('',*,*,#3706,.F.);
#1975=ORIENTED_EDGE('',*,*,#3707,.F.);
#1976=ORIENTED_EDGE('',*,*,#3708,.F.);
#1977=ORIENTED_EDGE('',*,*,#3709,.F.);
#1978=ORIENTED_EDGE('',*,*,#3710,.F.);
#1979=ORIENTED_EDGE('',*,*,#3711,.F.);
#1980=ORIENTED_EDGE('',*,*,#3712,.F.);
#1981=ORIENTED_EDGE('',*,*,#3713,.F.);
#1982=ORIENTED_EDGE('',*,*,#3714,.F.);
#1983=ORIENTED_EDGE('',*,*,#3715,.F.);
#1984=ORIENTED_EDGE('',*,*,#3716,.F.);
#1985=ORIENTED_EDGE('',*,*,#3717,.F.);
#1986=ORIENTED_EDGE('',*,*,#3718,.F.);
#1987=ORIENTED_EDGE('',*,*,#3719,.F.);
#1988=ORIENTED_EDGE('',*,*,#3720,.F.);
#1989=ORIENTED_EDGE('',*,*,#3721,.F.);
#1990=ORIENTED_EDGE('',*,*,#3722,.F.);
#1991=ORIENTED_EDGE('',*,*,#3723,.F.);
#1992=ORIENTED_EDGE('',*,*,#3724,.F.);
#1993=ORIENTED_EDGE('',*,*,#3725,.F.);
#1994=ORIENTED_EDGE('',*,*,#3726,.F.);
#1995=ORIENTED_EDGE('',*,*,#3727,.F.);
#1996=ORIENTED_EDGE('',*,*,#3728,.F.);
#1997=ORIENTED_EDGE('',*,*,#3729,.F.);
#1998=ORIENTED_EDGE('',*,*,#3730,.F.);
#1999=ORIENTED_EDGE('',*,*,#3731,.F.);
#2000=ORIENTED_EDGE('',*,*,#3732,.F.);
#2001=ORIENTED_EDGE('',*,*,#3733,.F.);
#2002=ORIENTED_EDGE('',*,*,#3734,.T.);
#2003=ORIENTED_EDGE('',*,*,#3731,.T.);
#2004=ORIENTED_EDGE('',*,*,#3735,.T.);
#2005=ORIENTED_EDGE('',*,*,#3736,.F.);
#2006=ORIENTED_EDGE('',*,*,#3737,.T.);
#2007=ORIENTED_EDGE('',*,*,#3727,.T.);
#2008=ORIENTED_EDGE('',*,*,#3738,.T.);
#2009=ORIENTED_EDGE('',*,*,#3739,.F.);
#2010=ORIENTED_EDGE('',*,*,#3740,.T.);
#2011=ORIENTED_EDGE('',*,*,#3723,.T.);
#2012=ORIENTED_EDGE('',*,*,#3741,.T.);
#2013=ORIENTED_EDGE('',*,*,#3742,.F.);
#2014=ORIENTED_EDGE('',*,*,#3743,.T.);
#2015=ORIENTED_EDGE('',*,*,#3719,.T.);
#2016=ORIENTED_EDGE('',*,*,#3744,.T.);
#2017=ORIENTED_EDGE('',*,*,#3745,.F.);
#2018=ORIENTED_EDGE('',*,*,#3746,.T.);
#2019=ORIENTED_EDGE('',*,*,#3715,.T.);
#2020=ORIENTED_EDGE('',*,*,#3747,.T.);
#2021=ORIENTED_EDGE('',*,*,#3748,.F.);
#2022=ORIENTED_EDGE('',*,*,#3749,.T.);
#2023=ORIENTED_EDGE('',*,*,#3711,.T.);
#2024=ORIENTED_EDGE('',*,*,#3750,.T.);
#2025=ORIENTED_EDGE('',*,*,#3751,.F.);
#2026=ORIENTED_EDGE('',*,*,#3752,.T.);
#2027=ORIENTED_EDGE('',*,*,#3707,.T.);
#2028=ORIENTED_EDGE('',*,*,#3753,.T.);
#2029=ORIENTED_EDGE('',*,*,#3754,.F.);
#2030=ORIENTED_EDGE('',*,*,#3733,.T.);
#2031=ORIENTED_EDGE('',*,*,#3755,.F.);
#2032=ORIENTED_EDGE('',*,*,#3756,.F.);
#2033=ORIENTED_EDGE('',*,*,#3757,.F.);
#2034=ORIENTED_EDGE('',*,*,#3736,.T.);
#2035=ORIENTED_EDGE('',*,*,#3758,.F.);
#2036=ORIENTED_EDGE('',*,*,#3759,.F.);
#2037=ORIENTED_EDGE('',*,*,#3760,.F.);
#2038=ORIENTED_EDGE('',*,*,#3739,.T.);
#2039=ORIENTED_EDGE('',*,*,#3761,.F.);
#2040=ORIENTED_EDGE('',*,*,#3762,.F.);
#2041=ORIENTED_EDGE('',*,*,#3763,.F.);
#2042=ORIENTED_EDGE('',*,*,#3742,.T.);
#2043=ORIENTED_EDGE('',*,*,#3764,.F.);
#2044=ORIENTED_EDGE('',*,*,#3765,.F.);
#2045=ORIENTED_EDGE('',*,*,#3766,.F.);
#2046=ORIENTED_EDGE('',*,*,#3745,.T.);
#2047=ORIENTED_EDGE('',*,*,#3767,.F.);
#2048=ORIENTED_EDGE('',*,*,#3768,.F.);
#2049=ORIENTED_EDGE('',*,*,#3769,.F.);
#2050=ORIENTED_EDGE('',*,*,#3748,.T.);
#2051=ORIENTED_EDGE('',*,*,#3770,.F.);
#2052=ORIENTED_EDGE('',*,*,#3771,.F.);
#2053=ORIENTED_EDGE('',*,*,#3772,.F.);
#2054=ORIENTED_EDGE('',*,*,#3751,.T.);
#2055=ORIENTED_EDGE('',*,*,#3773,.F.);
#2056=ORIENTED_EDGE('',*,*,#3774,.F.);
#2057=ORIENTED_EDGE('',*,*,#3775,.F.);
#2058=ORIENTED_EDGE('',*,*,#3756,.T.);
#2059=ORIENTED_EDGE('',*,*,#3776,.F.);
#2060=ORIENTED_EDGE('',*,*,#3306,.F.);
#2061=ORIENTED_EDGE('',*,*,#3777,.F.);
#2062=ORIENTED_EDGE('',*,*,#3759,.T.);
#2063=ORIENTED_EDGE('',*,*,#3778,.F.);
#2064=ORIENTED_EDGE('',*,*,#3310,.F.);
#2065=ORIENTED_EDGE('',*,*,#3779,.F.);
#2066=ORIENTED_EDGE('',*,*,#3762,.T.);
#2067=ORIENTED_EDGE('',*,*,#3780,.F.);
#2068=ORIENTED_EDGE('',*,*,#3314,.F.);
#2069=ORIENTED_EDGE('',*,*,#3781,.F.);
#2070=ORIENTED_EDGE('',*,*,#3765,.T.);
#2071=ORIENTED_EDGE('',*,*,#3782,.F.);
#2072=ORIENTED_EDGE('',*,*,#3318,.F.);
#2073=ORIENTED_EDGE('',*,*,#3783,.F.);
#2074=ORIENTED_EDGE('',*,*,#3768,.T.);
#2075=ORIENTED_EDGE('',*,*,#3784,.F.);
#2076=ORIENTED_EDGE('',*,*,#3322,.F.);
#2077=ORIENTED_EDGE('',*,*,#3785,.F.);
#2078=ORIENTED_EDGE('',*,*,#3771,.T.);
#2079=ORIENTED_EDGE('',*,*,#3786,.F.);
#2080=ORIENTED_EDGE('',*,*,#3326,.F.);
#2081=ORIENTED_EDGE('',*,*,#3787,.F.);
#2082=ORIENTED_EDGE('',*,*,#3774,.T.);
#2083=ORIENTED_EDGE('',*,*,#3788,.F.);
#2084=ORIENTED_EDGE('',*,*,#3330,.F.);
#2085=ORIENTED_EDGE('',*,*,#3304,.T.);
#2086=ORIENTED_EDGE('',*,*,#3295,.T.);
#2087=ORIENTED_EDGE('',*,*,#3299,.T.);
#2088=ORIENTED_EDGE('',*,*,#3302,.T.);
#2089=ORIENTED_EDGE('',*,*,#3292,.T.);
#2090=ORIENTED_EDGE('',*,*,#3283,.T.);
#2091=ORIENTED_EDGE('',*,*,#3287,.T.);
#2092=ORIENTED_EDGE('',*,*,#3290,.T.);
#2093=ORIENTED_EDGE('',*,*,#3280,.T.);
#2094=ORIENTED_EDGE('',*,*,#3271,.T.);
#2095=ORIENTED_EDGE('',*,*,#3275,.T.);
#2096=ORIENTED_EDGE('',*,*,#3278,.T.);
#2097=ORIENTED_EDGE('',*,*,#3268,.T.);
#2098=ORIENTED_EDGE('',*,*,#3259,.T.);
#2099=ORIENTED_EDGE('',*,*,#3263,.T.);
#2100=ORIENTED_EDGE('',*,*,#3266,.T.);
#2101=ORIENTED_EDGE('',*,*,#3256,.T.);
#2102=ORIENTED_EDGE('',*,*,#3247,.T.);
#2103=ORIENTED_EDGE('',*,*,#3251,.T.);
#2104=ORIENTED_EDGE('',*,*,#3254,.T.);
#2105=ORIENTED_EDGE('',*,*,#3244,.T.);
#2106=ORIENTED_EDGE('',*,*,#3235,.T.);
#2107=ORIENTED_EDGE('',*,*,#3239,.T.);
#2108=ORIENTED_EDGE('',*,*,#3242,.T.);
#2109=ORIENTED_EDGE('',*,*,#3232,.T.);
#2110=ORIENTED_EDGE('',*,*,#3223,.T.);
#2111=ORIENTED_EDGE('',*,*,#3227,.T.);
#2112=ORIENTED_EDGE('',*,*,#3230,.T.);
#2113=ORIENTED_EDGE('',*,*,#3220,.T.);
#2114=ORIENTED_EDGE('',*,*,#3211,.T.);
#2115=ORIENTED_EDGE('',*,*,#3215,.T.);
#2116=ORIENTED_EDGE('',*,*,#3218,.T.);
#2117=ORIENTED_EDGE('',*,*,#3208,.T.);
#2118=ORIENTED_EDGE('',*,*,#3199,.T.);
#2119=ORIENTED_EDGE('',*,*,#3203,.T.);
#2120=ORIENTED_EDGE('',*,*,#3206,.T.);
#2121=ORIENTED_EDGE('',*,*,#3196,.T.);
#2122=ORIENTED_EDGE('',*,*,#3187,.T.);
#2123=ORIENTED_EDGE('',*,*,#3191,.T.);
#2124=ORIENTED_EDGE('',*,*,#3194,.T.);
#2125=ORIENTED_EDGE('',*,*,#3184,.T.);
#2126=ORIENTED_EDGE('',*,*,#3175,.T.);
#2127=ORIENTED_EDGE('',*,*,#3179,.T.);
#2128=ORIENTED_EDGE('',*,*,#3182,.T.);
#2129=ORIENTED_EDGE('',*,*,#3172,.T.);
#2130=ORIENTED_EDGE('',*,*,#3163,.T.);
#2131=ORIENTED_EDGE('',*,*,#3167,.T.);
#2132=ORIENTED_EDGE('',*,*,#3170,.T.);
#2133=ORIENTED_EDGE('',*,*,#3160,.T.);
#2134=ORIENTED_EDGE('',*,*,#3151,.T.);
#2135=ORIENTED_EDGE('',*,*,#3155,.T.);
#2136=ORIENTED_EDGE('',*,*,#3158,.T.);
#2137=ORIENTED_EDGE('',*,*,#3148,.T.);
#2138=ORIENTED_EDGE('',*,*,#3139,.T.);
#2139=ORIENTED_EDGE('',*,*,#3143,.T.);
#2140=ORIENTED_EDGE('',*,*,#3146,.T.);
#2141=ORIENTED_EDGE('',*,*,#3127,.T.);
#2142=ORIENTED_EDGE('',*,*,#3462,.F.);
#2143=ORIENTED_EDGE('',*,*,#3116,.F.);
#2144=ORIENTED_EDGE('',*,*,#3460,.T.);
#2145=ORIENTED_EDGE('',*,*,#3123,.T.);
#2146=ORIENTED_EDGE('',*,*,#3134,.F.);
#2147=ORIENTED_EDGE('',*,*,#3120,.F.);
#2148=ORIENTED_EDGE('',*,*,#3702,.T.);
#2149=ORIENTED_EDGE('',*,*,#3131,.T.);
#2150=ORIENTED_EDGE('',*,*,#3704,.F.);
#2151=ORIENTED_EDGE('',*,*,#3112,.F.);
#2152=ORIENTED_EDGE('',*,*,#3136,.T.);
#2153=ORIENTED_EDGE('',*,*,#3463,.T.);
#2154=ORIENTED_EDGE('',*,*,#3125,.T.);
#2155=ORIENTED_EDGE('',*,*,#3701,.T.);
#2156=ORIENTED_EDGE('',*,*,#3789,.F.);
#2157=ORIENTED_EDGE('',*,*,#3464,.T.);
#2158=ORIENTED_EDGE('',*,*,#3789,.T.);
#2159=ORIENTED_EDGE('',*,*,#3700,.T.);
#2160=ORIENTED_EDGE('',*,*,#3679,.F.);
#2161=ORIENTED_EDGE('',*,*,#3657,.T.);
#2162=ORIENTED_EDGE('',*,*,#3636,.T.);
#2163=ORIENTED_EDGE('',*,*,#3615,.T.);
#2164=ORIENTED_EDGE('',*,*,#3594,.F.);
#2165=ORIENTED_EDGE('',*,*,#3573,.T.);
#2166=ORIENTED_EDGE('',*,*,#3553,.F.);
#2167=ORIENTED_EDGE('',*,*,#3531,.T.);
#2168=ORIENTED_EDGE('',*,*,#3510,.T.);
#2169=ORIENTED_EDGE('',*,*,#3459,.T.);
#2170=ORIENTED_EDGE('',*,*,#3790,.F.);
#2171=ORIENTED_EDGE('',*,*,#3705,.T.);
#2172=ORIENTED_EDGE('',*,*,#3129,.T.);
#2173=ORIENTED_EDGE('',*,*,#3373,.T.);
#2174=ORIENTED_EDGE('',*,*,#3352,.F.);
#2175=ORIENTED_EDGE('',*,*,#3331,.T.);
#2176=ORIENTED_EDGE('',*,*,#3788,.T.);
#2177=ORIENTED_EDGE('',*,*,#3773,.T.);
#2178=ORIENTED_EDGE('',*,*,#3753,.F.);
#2179=ORIENTED_EDGE('',*,*,#3706,.T.);
#2180=ORIENTED_EDGE('',*,*,#3790,.T.);
#2181=ORIENTED_EDGE('',*,*,#3458,.T.);
#2182=ORIENTED_EDGE('',*,*,#3436,.T.);
#2183=ORIENTED_EDGE('',*,*,#3415,.T.);
#2184=ORIENTED_EDGE('',*,*,#3395,.F.);
#2185=ORIENTED_EDGE('',*,*,#3461,.T.);
#2186=ORIENTED_EDGE('',*,*,#3791,.T.);
#2187=ORIENTED_EDGE('',*,*,#3680,.T.);
#2188=ORIENTED_EDGE('',*,*,#3118,.F.);
#2189=ORIENTED_EDGE('',*,*,#3490,.T.);
#2190=ORIENTED_EDGE('',*,*,#3491,.T.);
#2191=ORIENTED_EDGE('',*,*,#3512,.T.);
#2192=ORIENTED_EDGE('',*,*,#3534,.F.);
#2193=ORIENTED_EDGE('',*,*,#3554,.T.);
#2194=ORIENTED_EDGE('',*,*,#3575,.T.);
#2195=ORIENTED_EDGE('',*,*,#3596,.T.);
#2196=ORIENTED_EDGE('',*,*,#3617,.T.);
#2197=ORIENTED_EDGE('',*,*,#3638,.T.);
#2198=ORIENTED_EDGE('',*,*,#3660,.F.);
#2199=ORIENTED_EDGE('',*,*,#3681,.T.);
#2200=ORIENTED_EDGE('',*,*,#3791,.F.);
#2201=ORIENTED_EDGE('',*,*,#3438,.T.);
#2202=ORIENTED_EDGE('',*,*,#3114,.F.);
#2203=ORIENTED_EDGE('',*,*,#3703,.T.);
#2204=ORIENTED_EDGE('',*,*,#3792,.T.);
#2205=ORIENTED_EDGE('',*,*,#3354,.T.);
#2206=ORIENTED_EDGE('',*,*,#3376,.F.);
#2207=ORIENTED_EDGE('',*,*,#3396,.T.);
#2208=ORIENTED_EDGE('',*,*,#3417,.T.);
#2209=ORIENTED_EDGE('',*,*,#3439,.T.);
#2210=ORIENTED_EDGE('',*,*,#3792,.F.);
#2211=ORIENTED_EDGE('',*,*,#3732,.T.);
#2212=ORIENTED_EDGE('',*,*,#3734,.F.);
#2213=ORIENTED_EDGE('',*,*,#3754,.T.);
#2214=ORIENTED_EDGE('',*,*,#3775,.T.);
#2215=ORIENTED_EDGE('',*,*,#3305,.T.);
#2216=ORIENTED_EDGE('',*,*,#3333,.T.);
#2217=ORIENTED_EDGE('',*,*,#3370,.T.);
#2218=ORIENTED_EDGE('',*,*,#3349,.F.);
#2219=ORIENTED_EDGE('',*,*,#3327,.T.);
#2220=ORIENTED_EDGE('',*,*,#3786,.T.);
#2221=ORIENTED_EDGE('',*,*,#3770,.T.);
#2222=ORIENTED_EDGE('',*,*,#3750,.F.);
#2223=ORIENTED_EDGE('',*,*,#3710,.T.);
#2224=ORIENTED_EDGE('',*,*,#3793,.T.);
#2225=ORIENTED_EDGE('',*,*,#3455,.T.);
#2226=ORIENTED_EDGE('',*,*,#3433,.T.);
#2227=ORIENTED_EDGE('',*,*,#3412,.T.);
#2228=ORIENTED_EDGE('',*,*,#3392,.F.);
#2229=ORIENTED_EDGE('',*,*,#3372,.T.);
#2230=ORIENTED_EDGE('',*,*,#3394,.F.);
#2231=ORIENTED_EDGE('',*,*,#3414,.T.);
#2232=ORIENTED_EDGE('',*,*,#3435,.T.);
#2233=ORIENTED_EDGE('',*,*,#3457,.T.);
#2234=ORIENTED_EDGE('',*,*,#3794,.F.);
#2235=ORIENTED_EDGE('',*,*,#3708,.T.);
#2236=ORIENTED_EDGE('',*,*,#3752,.F.);
#2237=ORIENTED_EDGE('',*,*,#3772,.T.);
#2238=ORIENTED_EDGE('',*,*,#3787,.T.);
#2239=ORIENTED_EDGE('',*,*,#3329,.T.);
#2240=ORIENTED_EDGE('',*,*,#3351,.T.);
#2241=ORIENTED_EDGE('',*,*,#3456,.T.);
#2242=ORIENTED_EDGE('',*,*,#3793,.F.);
#2243=ORIENTED_EDGE('',*,*,#3709,.T.);
#2244=ORIENTED_EDGE('',*,*,#3794,.T.);
#2245=ORIENTED_EDGE('',*,*,#3367,.T.);
#2246=ORIENTED_EDGE('',*,*,#3346,.F.);
#2247=ORIENTED_EDGE('',*,*,#3323,.T.);
#2248=ORIENTED_EDGE('',*,*,#3784,.T.);
#2249=ORIENTED_EDGE('',*,*,#3767,.T.);
#2250=ORIENTED_EDGE('',*,*,#3747,.F.);
#2251=ORIENTED_EDGE('',*,*,#3714,.T.);
#2252=ORIENTED_EDGE('',*,*,#3795,.T.);
#2253=ORIENTED_EDGE('',*,*,#3452,.T.);
#2254=ORIENTED_EDGE('',*,*,#3430,.T.);
#2255=ORIENTED_EDGE('',*,*,#3409,.T.);
#2256=ORIENTED_EDGE('',*,*,#3389,.F.);
#2257=ORIENTED_EDGE('',*,*,#3369,.T.);
#2258=ORIENTED_EDGE('',*,*,#3391,.F.);
#2259=ORIENTED_EDGE('',*,*,#3411,.T.);
#2260=ORIENTED_EDGE('',*,*,#3432,.T.);
#2261=ORIENTED_EDGE('',*,*,#3454,.T.);
#2262=ORIENTED_EDGE('',*,*,#3796,.F.);
#2263=ORIENTED_EDGE('',*,*,#3712,.T.);
#2264=ORIENTED_EDGE('',*,*,#3749,.F.);
#2265=ORIENTED_EDGE('',*,*,#3769,.T.);
#2266=ORIENTED_EDGE('',*,*,#3785,.T.);
#2267=ORIENTED_EDGE('',*,*,#3325,.T.);
#2268=ORIENTED_EDGE('',*,*,#3348,.T.);
#2269=ORIENTED_EDGE('',*,*,#3453,.T.);
#2270=ORIENTED_EDGE('',*,*,#3795,.F.);
#2271=ORIENTED_EDGE('',*,*,#3713,.T.);
#2272=ORIENTED_EDGE('',*,*,#3796,.T.);
#2273=ORIENTED_EDGE('',*,*,#3364,.T.);
#2274=ORIENTED_EDGE('',*,*,#3343,.F.);
#2275=ORIENTED_EDGE('',*,*,#3319,.T.);
#2276=ORIENTED_EDGE('',*,*,#3782,.T.);
#2277=ORIENTED_EDGE('',*,*,#3764,.T.);
#2278=ORIENTED_EDGE('',*,*,#3744,.F.);
#2279=ORIENTED_EDGE('',*,*,#3718,.T.);
#2280=ORIENTED_EDGE('',*,*,#3797,.T.);
#2281=ORIENTED_EDGE('',*,*,#3449,.T.);
#2282=ORIENTED_EDGE('',*,*,#3427,.T.);
#2283=ORIENTED_EDGE('',*,*,#3406,.T.);
#2284=ORIENTED_EDGE('',*,*,#3386,.F.);
#2285=ORIENTED_EDGE('',*,*,#3366,.T.);
#2286=ORIENTED_EDGE('',*,*,#3388,.F.);
#2287=ORIENTED_EDGE('',*,*,#3408,.T.);
#2288=ORIENTED_EDGE('',*,*,#3429,.T.);
#2289=ORIENTED_EDGE('',*,*,#3451,.T.);
#2290=ORIENTED_EDGE('',*,*,#3798,.F.);
#2291=ORIENTED_EDGE('',*,*,#3716,.T.);
#2292=ORIENTED_EDGE('',*,*,#3746,.F.);
#2293=ORIENTED_EDGE('',*,*,#3766,.T.);
#2294=ORIENTED_EDGE('',*,*,#3783,.T.);
#2295=ORIENTED_EDGE('',*,*,#3321,.T.);
#2296=ORIENTED_EDGE('',*,*,#3345,.T.);
#2297=ORIENTED_EDGE('',*,*,#3450,.T.);
#2298=ORIENTED_EDGE('',*,*,#3797,.F.);
#2299=ORIENTED_EDGE('',*,*,#3717,.T.);
#2300=ORIENTED_EDGE('',*,*,#3798,.T.);
#2301=ORIENTED_EDGE('',*,*,#3361,.T.);
#2302=ORIENTED_EDGE('',*,*,#3340,.F.);
#2303=ORIENTED_EDGE('',*,*,#3315,.T.);
#2304=ORIENTED_EDGE('',*,*,#3780,.T.);
#2305=ORIENTED_EDGE('',*,*,#3761,.T.);
#2306=ORIENTED_EDGE('',*,*,#3741,.F.);
#2307=ORIENTED_EDGE('',*,*,#3722,.T.);
#2308=ORIENTED_EDGE('',*,*,#3799,.T.);
#2309=ORIENTED_EDGE('',*,*,#3446,.T.);
#2310=ORIENTED_EDGE('',*,*,#3424,.T.);
#2311=ORIENTED_EDGE('',*,*,#3403,.T.);
#2312=ORIENTED_EDGE('',*,*,#3383,.F.);
#2313=ORIENTED_EDGE('',*,*,#3363,.T.);
#2314=ORIENTED_EDGE('',*,*,#3385,.F.);
#2315=ORIENTED_EDGE('',*,*,#3405,.T.);
#2316=ORIENTED_EDGE('',*,*,#3426,.T.);
#2317=ORIENTED_EDGE('',*,*,#3448,.T.);
#2318=ORIENTED_EDGE('',*,*,#3800,.F.);
#2319=ORIENTED_EDGE('',*,*,#3720,.T.);
#2320=ORIENTED_EDGE('',*,*,#3743,.F.);
#2321=ORIENTED_EDGE('',*,*,#3763,.T.);
#2322=ORIENTED_EDGE('',*,*,#3781,.T.);
#2323=ORIENTED_EDGE('',*,*,#3317,.T.);
#2324=ORIENTED_EDGE('',*,*,#3342,.T.);
#2325=ORIENTED_EDGE('',*,*,#3447,.T.);
#2326=ORIENTED_EDGE('',*,*,#3799,.F.);
#2327=ORIENTED_EDGE('',*,*,#3721,.T.);
#2328=ORIENTED_EDGE('',*,*,#3800,.T.);
#2329=ORIENTED_EDGE('',*,*,#3358,.T.);
#2330=ORIENTED_EDGE('',*,*,#3337,.F.);
#2331=ORIENTED_EDGE('',*,*,#3311,.T.);
#2332=ORIENTED_EDGE('',*,*,#3778,.T.);
#2333=ORIENTED_EDGE('',*,*,#3758,.T.);
#2334=ORIENTED_EDGE('',*,*,#3738,.F.);
#2335=ORIENTED_EDGE('',*,*,#3726,.T.);
#2336=ORIENTED_EDGE('',*,*,#3801,.T.);
#2337=ORIENTED_EDGE('',*,*,#3443,.T.);
#2338=ORIENTED_EDGE('',*,*,#3421,.T.);
#2339=ORIENTED_EDGE('',*,*,#3400,.T.);
#2340=ORIENTED_EDGE('',*,*,#3380,.F.);
#2341=ORIENTED_EDGE('',*,*,#3360,.T.);
#2342=ORIENTED_EDGE('',*,*,#3382,.F.);
#2343=ORIENTED_EDGE('',*,*,#3402,.T.);
#2344=ORIENTED_EDGE('',*,*,#3423,.T.);
#2345=ORIENTED_EDGE('',*,*,#3445,.T.);
#2346=ORIENTED_EDGE('',*,*,#3802,.F.);
#2347=ORIENTED_EDGE('',*,*,#3724,.T.);
#2348=ORIENTED_EDGE('',*,*,#3740,.F.);
#2349=ORIENTED_EDGE('',*,*,#3760,.T.);
#2350=ORIENTED_EDGE('',*,*,#3779,.T.);
#2351=ORIENTED_EDGE('',*,*,#3313,.T.);
#2352=ORIENTED_EDGE('',*,*,#3339,.T.);
#2353=ORIENTED_EDGE('',*,*,#3444,.T.);
#2354=ORIENTED_EDGE('',*,*,#3801,.F.);
#2355=ORIENTED_EDGE('',*,*,#3725,.T.);
#2356=ORIENTED_EDGE('',*,*,#3802,.T.);
#2357=ORIENTED_EDGE('',*,*,#3355,.T.);
#2358=ORIENTED_EDGE('',*,*,#3334,.F.);
#2359=ORIENTED_EDGE('',*,*,#3307,.T.);
#2360=ORIENTED_EDGE('',*,*,#3776,.T.);
#2361=ORIENTED_EDGE('',*,*,#3755,.T.);
#2362=ORIENTED_EDGE('',*,*,#3735,.F.);
#2363=ORIENTED_EDGE('',*,*,#3730,.T.);
#2364=ORIENTED_EDGE('',*,*,#3803,.T.);
#2365=ORIENTED_EDGE('',*,*,#3440,.T.);
#2366=ORIENTED_EDGE('',*,*,#3418,.T.);
#2367=ORIENTED_EDGE('',*,*,#3397,.T.);
#2368=ORIENTED_EDGE('',*,*,#3377,.F.);
#2369=ORIENTED_EDGE('',*,*,#3357,.T.);
#2370=ORIENTED_EDGE('',*,*,#3379,.F.);
#2371=ORIENTED_EDGE('',*,*,#3399,.T.);
#2372=ORIENTED_EDGE('',*,*,#3420,.T.);
#2373=ORIENTED_EDGE('',*,*,#3442,.T.);
#2374=ORIENTED_EDGE('',*,*,#3804,.F.);
#2375=ORIENTED_EDGE('',*,*,#3728,.T.);
#2376=ORIENTED_EDGE('',*,*,#3737,.F.);
#2377=ORIENTED_EDGE('',*,*,#3757,.T.);
#2378=ORIENTED_EDGE('',*,*,#3777,.T.);
#2379=ORIENTED_EDGE('',*,*,#3309,.T.);
#2380=ORIENTED_EDGE('',*,*,#3336,.T.);
#2381=ORIENTED_EDGE('',*,*,#3441,.T.);
#2382=ORIENTED_EDGE('',*,*,#3803,.F.);
#2383=ORIENTED_EDGE('',*,*,#3729,.T.);
#2384=ORIENTED_EDGE('',*,*,#3804,.T.);
#2385=ORIENTED_EDGE('',*,*,#3466,.T.);
#2386=ORIENTED_EDGE('',*,*,#3509,.T.);
#2387=ORIENTED_EDGE('',*,*,#3530,.T.);
#2388=ORIENTED_EDGE('',*,*,#3552,.F.);
#2389=ORIENTED_EDGE('',*,*,#3572,.T.);
#2390=ORIENTED_EDGE('',*,*,#3593,.T.);
#2391=ORIENTED_EDGE('',*,*,#3614,.T.);
#2392=ORIENTED_EDGE('',*,*,#3635,.T.);
#2393=ORIENTED_EDGE('',*,*,#3656,.T.);
#2394=ORIENTED_EDGE('',*,*,#3678,.F.);
#2395=ORIENTED_EDGE('',*,*,#3699,.T.);
#2396=ORIENTED_EDGE('',*,*,#3805,.F.);
#2397=ORIENTED_EDGE('',*,*,#3467,.T.);
#2398=ORIENTED_EDGE('',*,*,#3805,.T.);
#2399=ORIENTED_EDGE('',*,*,#3698,.T.);
#2400=ORIENTED_EDGE('',*,*,#3806,.F.);
#2401=ORIENTED_EDGE('',*,*,#3468,.T.);
#2402=ORIENTED_EDGE('',*,*,#3806,.T.);
#2403=ORIENTED_EDGE('',*,*,#3697,.T.);
#2404=ORIENTED_EDGE('',*,*,#3676,.F.);
#2405=ORIENTED_EDGE('',*,*,#3654,.T.);
#2406=ORIENTED_EDGE('',*,*,#3633,.T.);
#2407=ORIENTED_EDGE('',*,*,#3612,.T.);
#2408=ORIENTED_EDGE('',*,*,#3591,.F.);
#2409=ORIENTED_EDGE('',*,*,#3570,.T.);
#2410=ORIENTED_EDGE('',*,*,#3550,.F.);
#2411=ORIENTED_EDGE('',*,*,#3528,.T.);
#2412=ORIENTED_EDGE('',*,*,#3507,.T.);
#2413=ORIENTED_EDGE('',*,*,#3470,.T.);
#2414=ORIENTED_EDGE('',*,*,#3506,.T.);
#2415=ORIENTED_EDGE('',*,*,#3527,.T.);
#2416=ORIENTED_EDGE('',*,*,#3549,.F.);
#2417=ORIENTED_EDGE('',*,*,#3569,.T.);
#2418=ORIENTED_EDGE('',*,*,#3590,.T.);
#2419=ORIENTED_EDGE('',*,*,#3611,.T.);
#2420=ORIENTED_EDGE('',*,*,#3632,.T.);
#2421=ORIENTED_EDGE('',*,*,#3653,.T.);
#2422=ORIENTED_EDGE('',*,*,#3675,.F.);
#2423=ORIENTED_EDGE('',*,*,#3696,.T.);
#2424=ORIENTED_EDGE('',*,*,#3807,.F.);
#2425=ORIENTED_EDGE('',*,*,#3471,.T.);
#2426=ORIENTED_EDGE('',*,*,#3807,.T.);
#2427=ORIENTED_EDGE('',*,*,#3695,.T.);
#2428=ORIENTED_EDGE('',*,*,#3808,.F.);
#2429=ORIENTED_EDGE('',*,*,#3472,.T.);
#2430=ORIENTED_EDGE('',*,*,#3808,.T.);
#2431=ORIENTED_EDGE('',*,*,#3694,.T.);
#2432=ORIENTED_EDGE('',*,*,#3673,.F.);
#2433=ORIENTED_EDGE('',*,*,#3651,.T.);
#2434=ORIENTED_EDGE('',*,*,#3630,.T.);
#2435=ORIENTED_EDGE('',*,*,#3609,.T.);
#2436=ORIENTED_EDGE('',*,*,#3588,.F.);
#2437=ORIENTED_EDGE('',*,*,#3567,.T.);
#2438=ORIENTED_EDGE('',*,*,#3547,.F.);
#2439=ORIENTED_EDGE('',*,*,#3525,.T.);
#2440=ORIENTED_EDGE('',*,*,#3504,.T.);
#2441=ORIENTED_EDGE('',*,*,#3474,.T.);
#2442=ORIENTED_EDGE('',*,*,#3503,.T.);
#2443=ORIENTED_EDGE('',*,*,#3524,.T.);
#2444=ORIENTED_EDGE('',*,*,#3546,.F.);
#2445=ORIENTED_EDGE('',*,*,#3566,.T.);
#2446=ORIENTED_EDGE('',*,*,#3587,.T.);
#2447=ORIENTED_EDGE('',*,*,#3608,.T.);
#2448=ORIENTED_EDGE('',*,*,#3629,.T.);
#2449=ORIENTED_EDGE('',*,*,#3650,.T.);
#2450=ORIENTED_EDGE('',*,*,#3672,.F.);
#2451=ORIENTED_EDGE('',*,*,#3693,.T.);
#2452=ORIENTED_EDGE('',*,*,#3809,.F.);
#2453=ORIENTED_EDGE('',*,*,#3475,.T.);
#2454=ORIENTED_EDGE('',*,*,#3809,.T.);
#2455=ORIENTED_EDGE('',*,*,#3692,.T.);
#2456=ORIENTED_EDGE('',*,*,#3810,.F.);
#2457=ORIENTED_EDGE('',*,*,#3476,.T.);
#2458=ORIENTED_EDGE('',*,*,#3810,.T.);
#2459=ORIENTED_EDGE('',*,*,#3691,.T.);
#2460=ORIENTED_EDGE('',*,*,#3670,.F.);
#2461=ORIENTED_EDGE('',*,*,#3648,.T.);
#2462=ORIENTED_EDGE('',*,*,#3627,.T.);
#2463=ORIENTED_EDGE('',*,*,#3606,.T.);
#2464=ORIENTED_EDGE('',*,*,#3585,.F.);
#2465=ORIENTED_EDGE('',*,*,#3564,.T.);
#2466=ORIENTED_EDGE('',*,*,#3544,.F.);
#2467=ORIENTED_EDGE('',*,*,#3522,.T.);
#2468=ORIENTED_EDGE('',*,*,#3501,.T.);
#2469=ORIENTED_EDGE('',*,*,#3478,.T.);
#2470=ORIENTED_EDGE('',*,*,#3500,.T.);
#2471=ORIENTED_EDGE('',*,*,#3521,.T.);
#2472=ORIENTED_EDGE('',*,*,#3543,.F.);
#2473=ORIENTED_EDGE('',*,*,#3563,.T.);
#2474=ORIENTED_EDGE('',*,*,#3584,.T.);
#2475=ORIENTED_EDGE('',*,*,#3605,.T.);
#2476=ORIENTED_EDGE('',*,*,#3626,.T.);
#2477=ORIENTED_EDGE('',*,*,#3647,.T.);
#2478=ORIENTED_EDGE('',*,*,#3669,.F.);
#2479=ORIENTED_EDGE('',*,*,#3690,.T.);
#2480=ORIENTED_EDGE('',*,*,#3811,.F.);
#2481=ORIENTED_EDGE('',*,*,#3479,.T.);
#2482=ORIENTED_EDGE('',*,*,#3811,.T.);
#2483=ORIENTED_EDGE('',*,*,#3689,.T.);
#2484=ORIENTED_EDGE('',*,*,#3812,.F.);
#2485=ORIENTED_EDGE('',*,*,#3480,.T.);
#2486=ORIENTED_EDGE('',*,*,#3812,.T.);
#2487=ORIENTED_EDGE('',*,*,#3688,.T.);
#2488=ORIENTED_EDGE('',*,*,#3667,.F.);
#2489=ORIENTED_EDGE('',*,*,#3645,.T.);
#2490=ORIENTED_EDGE('',*,*,#3624,.T.);
#2491=ORIENTED_EDGE('',*,*,#3603,.T.);
#2492=ORIENTED_EDGE('',*,*,#3582,.F.);
#2493=ORIENTED_EDGE('',*,*,#3561,.T.);
#2494=ORIENTED_EDGE('',*,*,#3541,.F.);
#2495=ORIENTED_EDGE('',*,*,#3519,.T.);
#2496=ORIENTED_EDGE('',*,*,#3498,.T.);
#2497=ORIENTED_EDGE('',*,*,#3482,.T.);
#2498=ORIENTED_EDGE('',*,*,#3497,.T.);
#2499=ORIENTED_EDGE('',*,*,#3518,.T.);
#2500=ORIENTED_EDGE('',*,*,#3540,.F.);
#2501=ORIENTED_EDGE('',*,*,#3560,.T.);
#2502=ORIENTED_EDGE('',*,*,#3581,.T.);
#2503=ORIENTED_EDGE('',*,*,#3602,.T.);
#2504=ORIENTED_EDGE('',*,*,#3623,.T.);
#2505=ORIENTED_EDGE('',*,*,#3644,.T.);
#2506=ORIENTED_EDGE('',*,*,#3666,.F.);
#2507=ORIENTED_EDGE('',*,*,#3687,.T.);
#2508=ORIENTED_EDGE('',*,*,#3813,.F.);
#2509=ORIENTED_EDGE('',*,*,#3483,.T.);
#2510=ORIENTED_EDGE('',*,*,#3813,.T.);
#2511=ORIENTED_EDGE('',*,*,#3686,.T.);
#2512=ORIENTED_EDGE('',*,*,#3814,.F.);
#2513=ORIENTED_EDGE('',*,*,#3484,.T.);
#2514=ORIENTED_EDGE('',*,*,#3814,.T.);
#2515=ORIENTED_EDGE('',*,*,#3685,.T.);
#2516=ORIENTED_EDGE('',*,*,#3664,.F.);
#2517=ORIENTED_EDGE('',*,*,#3642,.T.);
#2518=ORIENTED_EDGE('',*,*,#3621,.T.);
#2519=ORIENTED_EDGE('',*,*,#3600,.T.);
#2520=ORIENTED_EDGE('',*,*,#3579,.F.);
#2521=ORIENTED_EDGE('',*,*,#3558,.T.);
#2522=ORIENTED_EDGE('',*,*,#3538,.F.);
#2523=ORIENTED_EDGE('',*,*,#3516,.T.);
#2524=ORIENTED_EDGE('',*,*,#3495,.T.);
#2525=ORIENTED_EDGE('',*,*,#3487,.T.);
#2526=ORIENTED_EDGE('',*,*,#3815,.T.);
#2527=ORIENTED_EDGE('',*,*,#3683,.T.);
#2528=ORIENTED_EDGE('',*,*,#3816,.F.);
#2529=ORIENTED_EDGE('',*,*,#3488,.T.);
#2530=ORIENTED_EDGE('',*,*,#3816,.T.);
#2531=ORIENTED_EDGE('',*,*,#3682,.T.);
#2532=ORIENTED_EDGE('',*,*,#3661,.F.);
#2533=ORIENTED_EDGE('',*,*,#3639,.T.);
#2534=ORIENTED_EDGE('',*,*,#3618,.T.);
#2535=ORIENTED_EDGE('',*,*,#3597,.T.);
#2536=ORIENTED_EDGE('',*,*,#3576,.F.);
#2537=ORIENTED_EDGE('',*,*,#3555,.T.);
#2538=ORIENTED_EDGE('',*,*,#3535,.F.);
#2539=ORIENTED_EDGE('',*,*,#3513,.T.);
#2540=ORIENTED_EDGE('',*,*,#3492,.T.);
#2541=ORIENTED_EDGE('',*,*,#3486,.T.);
#2542=ORIENTED_EDGE('',*,*,#3494,.T.);
#2543=ORIENTED_EDGE('',*,*,#3515,.T.);
#2544=ORIENTED_EDGE('',*,*,#3537,.F.);
#2545=ORIENTED_EDGE('',*,*,#3557,.T.);
#2546=ORIENTED_EDGE('',*,*,#3578,.T.);
#2547=ORIENTED_EDGE('',*,*,#3599,.T.);
#2548=ORIENTED_EDGE('',*,*,#3620,.T.);
#2549=ORIENTED_EDGE('',*,*,#3641,.T.);
#2550=ORIENTED_EDGE('',*,*,#3663,.F.);
#2551=ORIENTED_EDGE('',*,*,#3684,.T.);
#2552=ORIENTED_EDGE('',*,*,#3815,.F.);
#2553=ORIENTED_EDGE('',*,*,#3137,.T.);
#2554=ORIENTED_EDGE('',*,*,#3147,.T.);
#2555=ORIENTED_EDGE('',*,*,#3144,.T.);
#2556=ORIENTED_EDGE('',*,*,#3141,.T.);
#2557=ORIENTED_EDGE('',*,*,#3161,.T.);
#2558=ORIENTED_EDGE('',*,*,#3171,.T.);
#2559=ORIENTED_EDGE('',*,*,#3168,.T.);
#2560=ORIENTED_EDGE('',*,*,#3165,.T.);
#2561=ORIENTED_EDGE('',*,*,#3185,.T.);
#2562=ORIENTED_EDGE('',*,*,#3195,.T.);
#2563=ORIENTED_EDGE('',*,*,#3192,.T.);
#2564=ORIENTED_EDGE('',*,*,#3189,.T.);
#2565=ORIENTED_EDGE('',*,*,#3209,.T.);
#2566=ORIENTED_EDGE('',*,*,#3219,.T.);
#2567=ORIENTED_EDGE('',*,*,#3216,.T.);
#2568=ORIENTED_EDGE('',*,*,#3213,.T.);
#2569=ORIENTED_EDGE('',*,*,#3233,.T.);
#2570=ORIENTED_EDGE('',*,*,#3243,.T.);
#2571=ORIENTED_EDGE('',*,*,#3240,.T.);
#2572=ORIENTED_EDGE('',*,*,#3237,.T.);
#2573=ORIENTED_EDGE('',*,*,#3257,.T.);
#2574=ORIENTED_EDGE('',*,*,#3267,.T.);
#2575=ORIENTED_EDGE('',*,*,#3264,.T.);
#2576=ORIENTED_EDGE('',*,*,#3261,.T.);
#2577=ORIENTED_EDGE('',*,*,#3281,.T.);
#2578=ORIENTED_EDGE('',*,*,#3291,.T.);
#2579=ORIENTED_EDGE('',*,*,#3288,.T.);
#2580=ORIENTED_EDGE('',*,*,#3285,.T.);
#2581=ORIENTED_EDGE('',*,*,#3293,.T.);
#2582=ORIENTED_EDGE('',*,*,#3303,.T.);
#2583=ORIENTED_EDGE('',*,*,#3300,.T.);
#2584=ORIENTED_EDGE('',*,*,#3297,.T.);
#2585=ORIENTED_EDGE('',*,*,#3269,.T.);
#2586=ORIENTED_EDGE('',*,*,#3279,.T.);
#2587=ORIENTED_EDGE('',*,*,#3276,.T.);
#2588=ORIENTED_EDGE('',*,*,#3273,.T.);
#2589=ORIENTED_EDGE('',*,*,#3245,.T.);
#2590=ORIENTED_EDGE('',*,*,#3255,.T.);
#2591=ORIENTED_EDGE('',*,*,#3252,.T.);
#2592=ORIENTED_EDGE('',*,*,#3249,.T.);
#2593=ORIENTED_EDGE('',*,*,#3221,.T.);
#2594=ORIENTED_EDGE('',*,*,#3231,.T.);
#2595=ORIENTED_EDGE('',*,*,#3228,.T.);
#2596=ORIENTED_EDGE('',*,*,#3225,.T.);
#2597=ORIENTED_EDGE('',*,*,#3197,.T.);
#2598=ORIENTED_EDGE('',*,*,#3207,.T.);
#2599=ORIENTED_EDGE('',*,*,#3204,.T.);
#2600=ORIENTED_EDGE('',*,*,#3201,.T.);
#2601=ORIENTED_EDGE('',*,*,#3173,.T.);
#2602=ORIENTED_EDGE('',*,*,#3183,.T.);
#2603=ORIENTED_EDGE('',*,*,#3180,.T.);
#2604=ORIENTED_EDGE('',*,*,#3177,.T.);
#2605=ORIENTED_EDGE('',*,*,#3149,.T.);
#2606=ORIENTED_EDGE('',*,*,#3159,.T.);
#2607=ORIENTED_EDGE('',*,*,#3156,.T.);
#2608=ORIENTED_EDGE('',*,*,#3153,.T.);
#2609=ORIENTED_EDGE('',*,*,#3133,.T.);
#2610=ORIENTED_EDGE('',*,*,#3121,.T.);
#2611=ORIENTED_EDGE('',*,*,#3135,.T.);
#2612=ORIENTED_EDGE('',*,*,#3110,.F.);
#2613=EDGE_CURVE('',#3817,#3818,#4601,.T.);
#2614=EDGE_CURVE('',#3818,#3819,#4602,.T.);
#2615=EDGE_CURVE('',#3819,#3820,#4603,.T.);
#2616=EDGE_CURVE('',#3820,#3817,#4604,.T.);
#2617=EDGE_CURVE('',#3821,#3822,#4605,.T.);
#2618=EDGE_CURVE('',#3823,#3821,#4606,.T.);
#2619=EDGE_CURVE('',#3824,#3823,#4607,.T.);
#2620=EDGE_CURVE('',#3822,#3824,#4608,.T.);
#2621=EDGE_CURVE('',#3825,#3826,#4609,.T.);
#2622=EDGE_CURVE('',#3827,#3825,#4610,.T.);
#2623=EDGE_CURVE('',#3828,#3827,#4611,.T.);
#2624=EDGE_CURVE('',#3826,#3828,#4612,.T.);
#2625=EDGE_CURVE('',#3829,#3830,#4613,.T.);
#2626=EDGE_CURVE('',#3831,#3829,#4614,.T.);
#2627=EDGE_CURVE('',#3832,#3831,#4615,.T.);
#2628=EDGE_CURVE('',#3830,#3832,#4616,.T.);
#2629=EDGE_CURVE('',#3833,#3834,#4617,.T.);
#2630=EDGE_CURVE('',#3835,#3833,#4618,.T.);
#2631=EDGE_CURVE('',#3836,#3835,#4619,.T.);
#2632=EDGE_CURVE('',#3834,#3836,#4620,.T.);
#2633=EDGE_CURVE('',#3837,#3838,#4621,.T.);
#2634=EDGE_CURVE('',#3839,#3837,#4622,.T.);
#2635=EDGE_CURVE('',#3840,#3839,#4623,.T.);
#2636=EDGE_CURVE('',#3838,#3840,#4624,.T.);
#2637=EDGE_CURVE('',#3841,#3842,#4625,.T.);
#2638=EDGE_CURVE('',#3843,#3841,#4626,.T.);
#2639=EDGE_CURVE('',#3844,#3843,#4627,.T.);
#2640=EDGE_CURVE('',#3842,#3844,#4628,.T.);
#2641=EDGE_CURVE('',#3845,#3846,#4629,.T.);
#2642=EDGE_CURVE('',#3847,#3845,#4630,.T.);
#2643=EDGE_CURVE('',#3848,#3847,#4631,.T.);
#2644=EDGE_CURVE('',#3846,#3848,#4632,.T.);
#2645=EDGE_CURVE('',#3849,#3850,#4633,.T.);
#2646=EDGE_CURVE('',#3851,#3849,#4634,.T.);
#2647=EDGE_CURVE('',#3852,#3851,#4635,.T.);
#2648=EDGE_CURVE('',#3850,#3852,#4636,.T.);
#2649=EDGE_CURVE('',#3853,#3854,#4637,.T.);
#2650=EDGE_CURVE('',#3855,#3853,#4638,.T.);
#2651=EDGE_CURVE('',#3856,#3855,#4639,.T.);
#2652=EDGE_CURVE('',#3854,#3856,#4640,.T.);
#2653=EDGE_CURVE('',#3857,#3858,#4641,.T.);
#2654=EDGE_CURVE('',#3859,#3857,#4642,.T.);
#2655=EDGE_CURVE('',#3860,#3859,#4643,.T.);
#2656=EDGE_CURVE('',#3858,#3860,#4644,.T.);
#2657=EDGE_CURVE('',#3861,#3862,#4645,.T.);
#2658=EDGE_CURVE('',#3863,#3861,#4646,.T.);
#2659=EDGE_CURVE('',#3864,#3863,#4647,.T.);
#2660=EDGE_CURVE('',#3862,#3864,#4648,.T.);
#2661=EDGE_CURVE('',#3865,#3866,#4649,.T.);
#2662=EDGE_CURVE('',#3867,#3865,#4650,.T.);
#2663=EDGE_CURVE('',#3868,#3867,#4651,.T.);
#2664=EDGE_CURVE('',#3866,#3868,#4652,.T.);
#2665=EDGE_CURVE('',#3869,#3870,#4653,.T.);
#2666=EDGE_CURVE('',#3871,#3869,#4654,.T.);
#2667=EDGE_CURVE('',#3872,#3871,#4655,.T.);
#2668=EDGE_CURVE('',#3870,#3872,#4656,.T.);
#2669=EDGE_CURVE('',#3873,#3874,#4657,.T.);
#2670=EDGE_CURVE('',#3875,#3873,#4658,.T.);
#2671=EDGE_CURVE('',#3876,#3875,#4659,.T.);
#2672=EDGE_CURVE('',#3874,#3876,#4660,.T.);
#2673=EDGE_CURVE('',#3877,#3878,#4661,.T.);
#2674=EDGE_CURVE('',#3818,#3878,#4662,.T.);
#2675=EDGE_CURVE('',#3817,#3877,#4663,.T.);
#2676=EDGE_CURVE('',#3878,#3879,#4664,.T.);
#2677=EDGE_CURVE('',#3819,#3879,#4665,.T.);
#2678=EDGE_CURVE('',#3879,#3880,#4666,.T.);
#2679=EDGE_CURVE('',#3820,#3880,#4667,.T.);
#2680=EDGE_CURVE('',#3880,#3877,#4668,.T.);
#2681=EDGE_CURVE('',#3881,#3882,#4669,.F.);
#2682=EDGE_CURVE('',#3882,#3883,#4670,.F.);
#2683=EDGE_CURVE('',#3883,#3884,#4671,.F.);
#2684=EDGE_CURVE('',#3884,#3881,#4672,.F.);
#2685=EDGE_CURVE('',#3885,#3886,#4673,.F.);
#2686=EDGE_CURVE('',#3886,#3887,#4674,.F.);
#2687=EDGE_CURVE('',#3887,#3888,#4675,.F.);
#2688=EDGE_CURVE('',#3888,#3885,#4676,.F.);
#2689=EDGE_CURVE('',#3889,#3890,#4677,.F.);
#2690=EDGE_CURVE('',#3890,#3891,#4678,.F.);
#2691=EDGE_CURVE('',#3891,#3892,#4679,.F.);
#2692=EDGE_CURVE('',#3892,#3889,#4680,.F.);
#2693=EDGE_CURVE('',#3893,#3894,#4681,.F.);
#2694=EDGE_CURVE('',#3894,#3895,#4682,.F.);
#2695=EDGE_CURVE('',#3895,#3896,#4683,.F.);
#2696=EDGE_CURVE('',#3896,#3893,#4684,.F.);
#2697=EDGE_CURVE('',#3897,#3898,#4685,.F.);
#2698=EDGE_CURVE('',#3898,#3899,#4686,.F.);
#2699=EDGE_CURVE('',#3899,#3900,#4687,.F.);
#2700=EDGE_CURVE('',#3900,#3897,#4688,.F.);
#2701=EDGE_CURVE('',#3901,#3902,#4689,.F.);
#2702=EDGE_CURVE('',#3902,#3903,#4690,.F.);
#2703=EDGE_CURVE('',#3903,#3904,#4691,.F.);
#2704=EDGE_CURVE('',#3904,#3901,#4692,.F.);
#2705=EDGE_CURVE('',#3905,#3906,#4693,.F.);
#2706=EDGE_CURVE('',#3906,#3907,#4694,.F.);
#2707=EDGE_CURVE('',#3907,#3908,#4695,.F.);
#2708=EDGE_CURVE('',#3908,#3905,#4696,.F.);
#2709=EDGE_CURVE('',#3909,#3910,#4697,.F.);
#2710=EDGE_CURVE('',#3910,#3911,#4698,.F.);
#2711=EDGE_CURVE('',#3911,#3912,#4699,.F.);
#2712=EDGE_CURVE('',#3912,#3909,#4700,.F.);
#2713=EDGE_CURVE('',#3913,#3914,#4701,.F.);
#2714=EDGE_CURVE('',#3914,#3915,#4702,.F.);
#2715=EDGE_CURVE('',#3915,#3916,#4703,.F.);
#2716=EDGE_CURVE('',#3916,#3913,#4704,.F.);
#2717=EDGE_CURVE('',#3917,#3918,#4705,.F.);
#2718=EDGE_CURVE('',#3918,#3919,#4706,.F.);
#2719=EDGE_CURVE('',#3919,#3920,#4707,.F.);
#2720=EDGE_CURVE('',#3920,#3917,#4708,.F.);
#2721=EDGE_CURVE('',#3921,#3922,#4709,.F.);
#2722=EDGE_CURVE('',#3922,#3923,#4710,.F.);
#2723=EDGE_CURVE('',#3923,#3924,#4711,.F.);
#2724=EDGE_CURVE('',#3924,#3921,#4712,.F.);
#2725=EDGE_CURVE('',#3925,#3926,#4713,.F.);
#2726=EDGE_CURVE('',#3926,#3927,#4714,.F.);
#2727=EDGE_CURVE('',#3927,#3928,#4715,.F.);
#2728=EDGE_CURVE('',#3928,#3925,#4716,.F.);
#2729=EDGE_CURVE('',#3929,#3930,#4717,.F.);
#2730=EDGE_CURVE('',#3930,#3931,#4718,.F.);
#2731=EDGE_CURVE('',#3931,#3932,#4719,.F.);
#2732=EDGE_CURVE('',#3932,#3929,#4720,.F.);
#2733=EDGE_CURVE('',#3933,#3934,#4721,.F.);
#2734=EDGE_CURVE('',#3934,#3935,#4722,.F.);
#2735=EDGE_CURVE('',#3935,#3936,#4723,.F.);
#2736=EDGE_CURVE('',#3936,#3933,#4724,.F.);
#2737=EDGE_CURVE('',#3937,#3938,#4725,.F.);
#2738=EDGE_CURVE('',#3823,#3937,#4726,.T.);
#2739=EDGE_CURVE('',#3821,#3938,#4727,.T.);
#2740=EDGE_CURVE('',#3938,#3939,#4728,.F.);
#2741=EDGE_CURVE('',#3822,#3939,#4729,.T.);
#2742=EDGE_CURVE('',#3939,#3940,#4730,.F.);
#2743=EDGE_CURVE('',#3824,#3940,#4731,.T.);
#2744=EDGE_CURVE('',#3940,#3937,#4732,.F.);
#2745=EDGE_CURVE('',#3941,#3942,#4733,.F.);
#2746=EDGE_CURVE('',#3827,#3941,#4734,.T.);
#2747=EDGE_CURVE('',#3825,#3942,#4735,.T.);
#2748=EDGE_CURVE('',#3942,#3943,#4736,.F.);
#2749=EDGE_CURVE('',#3826,#3943,#4737,.T.);
#2750=EDGE_CURVE('',#3943,#3944,#4738,.F.);
#2751=EDGE_CURVE('',#3828,#3944,#4739,.T.);
#2752=EDGE_CURVE('',#3944,#3941,#4740,.F.);
#2753=EDGE_CURVE('',#3945,#3946,#4741,.F.);
#2754=EDGE_CURVE('',#3831,#3945,#4742,.T.);
#2755=EDGE_CURVE('',#3829,#3946,#4743,.T.);
#2756=EDGE_CURVE('',#3946,#3947,#4744,.F.);
#2757=EDGE_CURVE('',#3830,#3947,#4745,.T.);
#2758=EDGE_CURVE('',#3947,#3948,#4746,.F.);
#2759=EDGE_CURVE('',#3832,#3948,#4747,.T.);
#2760=EDGE_CURVE('',#3948,#3945,#4748,.F.);
#2761=EDGE_CURVE('',#3949,#3950,#4749,.F.);
#2762=EDGE_CURVE('',#3835,#3949,#4750,.T.);
#2763=EDGE_CURVE('',#3833,#3950,#4751,.T.);
#2764=EDGE_CURVE('',#3950,#3951,#4752,.F.);
#2765=EDGE_CURVE('',#3834,#3951,#4753,.T.);
#2766=EDGE_CURVE('',#3951,#3952,#4754,.F.);
#2767=EDGE_CURVE('',#3836,#3952,#4755,.T.);
#2768=EDGE_CURVE('',#3952,#3949,#4756,.F.);
#2769=EDGE_CURVE('',#3953,#3954,#4757,.F.);
#2770=EDGE_CURVE('',#3839,#3953,#4758,.T.);
#2771=EDGE_CURVE('',#3837,#3954,#4759,.T.);
#2772=EDGE_CURVE('',#3954,#3955,#4760,.F.);
#2773=EDGE_CURVE('',#3838,#3955,#4761,.T.);
#2774=EDGE_CURVE('',#3955,#3956,#4762,.F.);
#2775=EDGE_CURVE('',#3840,#3956,#4763,.T.);
#2776=EDGE_CURVE('',#3956,#3953,#4764,.F.);
#2777=EDGE_CURVE('',#3957,#3958,#4765,.F.);
#2778=EDGE_CURVE('',#3843,#3957,#4766,.T.);
#2779=EDGE_CURVE('',#3841,#3958,#4767,.T.);
#2780=EDGE_CURVE('',#3958,#3959,#4768,.F.);
#2781=EDGE_CURVE('',#3842,#3959,#4769,.T.);
#2782=EDGE_CURVE('',#3959,#3960,#4770,.F.);
#2783=EDGE_CURVE('',#3844,#3960,#4771,.T.);
#2784=EDGE_CURVE('',#3960,#3957,#4772,.F.);
#2785=EDGE_CURVE('',#3961,#3962,#4773,.F.);
#2786=EDGE_CURVE('',#3847,#3961,#4774,.T.);
#2787=EDGE_CURVE('',#3845,#3962,#4775,.T.);
#2788=EDGE_CURVE('',#3962,#3963,#4776,.F.);
#2789=EDGE_CURVE('',#3846,#3963,#4777,.T.);
#2790=EDGE_CURVE('',#3963,#3964,#4778,.F.);
#2791=EDGE_CURVE('',#3848,#3964,#4779,.T.);
#2792=EDGE_CURVE('',#3964,#3961,#4780,.F.);
#2793=EDGE_CURVE('',#3965,#3966,#4781,.F.);
#2794=EDGE_CURVE('',#3851,#3965,#4782,.T.);
#2795=EDGE_CURVE('',#3849,#3966,#4783,.T.);
#2796=EDGE_CURVE('',#3966,#3967,#4784,.F.);
#2797=EDGE_CURVE('',#3850,#3967,#4785,.T.);
#2798=EDGE_CURVE('',#3967,#3968,#4786,.F.);
#2799=EDGE_CURVE('',#3852,#3968,#4787,.T.);
#2800=EDGE_CURVE('',#3968,#3965,#4788,.F.);
#2801=EDGE_CURVE('',#3969,#3970,#4789,.F.);
#2802=EDGE_CURVE('',#3855,#3969,#4790,.T.);
#2803=EDGE_CURVE('',#3853,#3970,#4791,.T.);
#2804=EDGE_CURVE('',#3970,#3971,#4792,.F.);
#2805=EDGE_CURVE('',#3854,#3971,#4793,.T.);
#2806=EDGE_CURVE('',#3971,#3972,#4794,.F.);
#2807=EDGE_CURVE('',#3856,#3972,#4795,.T.);
#2808=EDGE_CURVE('',#3972,#3969,#4796,.F.);
#2809=EDGE_CURVE('',#3973,#3974,#4797,.F.);
#2810=EDGE_CURVE('',#3859,#3973,#4798,.T.);
#2811=EDGE_CURVE('',#3857,#3974,#4799,.T.);
#2812=EDGE_CURVE('',#3974,#3975,#4800,.F.);
#2813=EDGE_CURVE('',#3858,#3975,#4801,.T.);
#2814=EDGE_CURVE('',#3975,#3976,#4802,.F.);
#2815=EDGE_CURVE('',#3860,#3976,#4803,.T.);
#2816=EDGE_CURVE('',#3976,#3973,#4804,.F.);
#2817=EDGE_CURVE('',#3977,#3978,#4805,.F.);
#2818=EDGE_CURVE('',#3863,#3977,#4806,.T.);
#2819=EDGE_CURVE('',#3861,#3978,#4807,.T.);
#2820=EDGE_CURVE('',#3978,#3979,#4808,.F.);
#2821=EDGE_CURVE('',#3862,#3979,#4809,.T.);
#2822=EDGE_CURVE('',#3979,#3980,#4810,.F.);
#2823=EDGE_CURVE('',#3864,#3980,#4811,.T.);
#2824=EDGE_CURVE('',#3980,#3977,#4812,.F.);
#2825=EDGE_CURVE('',#3981,#3982,#4813,.F.);
#2826=EDGE_CURVE('',#3867,#3981,#4814,.T.);
#2827=EDGE_CURVE('',#3865,#3982,#4815,.T.);
#2828=EDGE_CURVE('',#3982,#3983,#4816,.F.);
#2829=EDGE_CURVE('',#3866,#3983,#4817,.T.);
#2830=EDGE_CURVE('',#3983,#3984,#4818,.F.);
#2831=EDGE_CURVE('',#3868,#3984,#4819,.T.);
#2832=EDGE_CURVE('',#3984,#3981,#4820,.F.);
#2833=EDGE_CURVE('',#3985,#3986,#4821,.F.);
#2834=EDGE_CURVE('',#3871,#3985,#4822,.T.);
#2835=EDGE_CURVE('',#3869,#3986,#4823,.T.);
#2836=EDGE_CURVE('',#3986,#3987,#4824,.F.);
#2837=EDGE_CURVE('',#3870,#3987,#4825,.T.);
#2838=EDGE_CURVE('',#3987,#3988,#4826,.F.);
#2839=EDGE_CURVE('',#3872,#3988,#4827,.T.);
#2840=EDGE_CURVE('',#3988,#3985,#4828,.F.);
#2841=EDGE_CURVE('',#3989,#3990,#4829,.F.);
#2842=EDGE_CURVE('',#3875,#3989,#4830,.T.);
#2843=EDGE_CURVE('',#3873,#3990,#4831,.T.);
#2844=EDGE_CURVE('',#3990,#3991,#4832,.F.);
#2845=EDGE_CURVE('',#3874,#3991,#4833,.T.);
#2846=EDGE_CURVE('',#3991,#3992,#4834,.F.);
#2847=EDGE_CURVE('',#3876,#3992,#4835,.T.);
#2848=EDGE_CURVE('',#3992,#3989,#4836,.F.);
#2849=EDGE_CURVE('',#3935,#3938,#4837,.T.);
#2850=EDGE_CURVE('',#3934,#3937,#4838,.T.);
#2851=EDGE_CURVE('',#3936,#3939,#4839,.T.);
#2852=EDGE_CURVE('',#3933,#3940,#4840,.T.);
#2853=EDGE_CURVE('',#3883,#3990,#4841,.T.);
#2854=EDGE_CURVE('',#3882,#3989,#4842,.T.);
#2855=EDGE_CURVE('',#3884,#3991,#4843,.T.);
#2856=EDGE_CURVE('',#3881,#3992,#4844,.T.);
#2857=EDGE_CURVE('',#3887,#3986,#4845,.T.);
#2858=EDGE_CURVE('',#3886,#3985,#4846,.T.);
#2859=EDGE_CURVE('',#3888,#3987,#4847,.T.);
#2860=EDGE_CURVE('',#3885,#3988,#4848,.T.);
#2861=EDGE_CURVE('',#3891,#3982,#4849,.T.);
#2862=EDGE_CURVE('',#3890,#3981,#4850,.T.);
#2863=EDGE_CURVE('',#3892,#3983,#4851,.T.);
#2864=EDGE_CURVE('',#3889,#3984,#4852,.T.);
#2865=EDGE_CURVE('',#3895,#3978,#4853,.T.);
#2866=EDGE_CURVE('',#3894,#3977,#4854,.T.);
#2867=EDGE_CURVE('',#3896,#3979,#4855,.T.);
#2868=EDGE_CURVE('',#3893,#3980,#4856,.T.);
#2869=EDGE_CURVE('',#3899,#3974,#4857,.T.);
#2870=EDGE_CURVE('',#3898,#3973,#4858,.T.);
#2871=EDGE_CURVE('',#3900,#3975,#4859,.T.);
#2872=EDGE_CURVE('',#3897,#3976,#4860,.T.);
#2873=EDGE_CURVE('',#3903,#3970,#4861,.T.);
#2874=EDGE_CURVE('',#3902,#3969,#4862,.T.);
#2875=EDGE_CURVE('',#3904,#3971,#4863,.T.);
#2876=EDGE_CURVE('',#3901,#3972,#4864,.T.);
#2877=EDGE_CURVE('',#3907,#3966,#4865,.T.);
#2878=EDGE_CURVE('',#3906,#3965,#4866,.T.);
#2879=EDGE_CURVE('',#3908,#3967,#4867,.T.);
#2880=EDGE_CURVE('',#3905,#3968,#4868,.T.);
#2881=EDGE_CURVE('',#3911,#3962,#4869,.T.);
#2882=EDGE_CURVE('',#3910,#3961,#4870,.T.);
#2883=EDGE_CURVE('',#3912,#3963,#4871,.T.);
#2884=EDGE_CURVE('',#3909,#3964,#4872,.T.);
#2885=EDGE_CURVE('',#3915,#3958,#4873,.T.);
#2886=EDGE_CURVE('',#3914,#3957,#4874,.T.);
#2887=EDGE_CURVE('',#3916,#3959,#4875,.T.);
#2888=EDGE_CURVE('',#3913,#3960,#4876,.T.);
#2889=EDGE_CURVE('',#3919,#3954,#4877,.T.);
#2890=EDGE_CURVE('',#3918,#3953,#4878,.T.);
#2891=EDGE_CURVE('',#3920,#3955,#4879,.T.);
#2892=EDGE_CURVE('',#3917,#3956,#4880,.T.);
#2893=EDGE_CURVE('',#3923,#3950,#4881,.T.);
#2894=EDGE_CURVE('',#3922,#3949,#4882,.T.);
#2895=EDGE_CURVE('',#3924,#3951,#4883,.T.);
#2896=EDGE_CURVE('',#3921,#3952,#4884,.T.);
#2897=EDGE_CURVE('',#3927,#3946,#4885,.T.);
#2898=EDGE_CURVE('',#3926,#3945,#4886,.T.);
#2899=EDGE_CURVE('',#3928,#3947,#4887,.T.);
#2900=EDGE_CURVE('',#3925,#3948,#4888,.T.);
#2901=EDGE_CURVE('',#3931,#3942,#4889,.T.);
#2902=EDGE_CURVE('',#3930,#3941,#4890,.T.);
#2903=EDGE_CURVE('',#3932,#3943,#4891,.T.);
#2904=EDGE_CURVE('',#3929,#3944,#4892,.T.);
#2905=EDGE_CURVE('',#3993,#3994,#4893,.T.);
#2906=EDGE_CURVE('',#3993,#3995,#4894,.T.);
#2907=EDGE_CURVE('',#3996,#3995,#4895,.T.);
#2908=EDGE_CURVE('',#3994,#3996,#4896,.T.);
#2909=EDGE_CURVE('',#3997,#3998,#4897,.T.);
#2910=EDGE_CURVE('',#3999,#3997,#4898,.T.);
#2911=EDGE_CURVE('',#3999,#4000,#4899,.T.);
#2912=EDGE_CURVE('',#4000,#3998,#4900,.T.);
#2913=EDGE_CURVE('',#4001,#4002,#4901,.T.);
#2914=EDGE_CURVE('',#4001,#4003,#4902,.T.);
#2915=EDGE_CURVE('',#4004,#4003,#4903,.T.);
#2916=EDGE_CURVE('',#4002,#4004,#4904,.T.);
#2917=EDGE_CURVE('',#4005,#4006,#4905,.T.);
#2918=EDGE_CURVE('',#4007,#4005,#4906,.T.);
#2919=EDGE_CURVE('',#4007,#4008,#4907,.T.);
#2920=EDGE_CURVE('',#4008,#4006,#4908,.T.);
#2921=EDGE_CURVE('',#4005,#3994,#4909,.T.);
#2922=EDGE_CURVE('',#3996,#3999,#4910,.T.);
#2923=EDGE_CURVE('',#3997,#4002,#4911,.T.);
#2924=EDGE_CURVE('',#4004,#4009,#4912,.T.);
#2925=EDGE_CURVE('',#4009,#4010,#4913,.T.);
#2926=EDGE_CURVE('',#4010,#4011,#4914,.T.);
#2927=EDGE_CURVE('',#4011,#4012,#4915,.T.);
#2928=EDGE_CURVE('',#4012,#4007,#4916,.T.);
#2929=EDGE_CURVE('',#4006,#3993,#4917,.T.);
#2930=EDGE_CURVE('',#4013,#4008,#4918,.T.);
#2931=EDGE_CURVE('',#4014,#4013,#4919,.T.);
#2932=EDGE_CURVE('',#4015,#4014,#4920,.T.);
#2933=EDGE_CURVE('',#4016,#4015,#4921,.T.);
#2934=EDGE_CURVE('',#4003,#4016,#4922,.T.);
#2935=EDGE_CURVE('',#3998,#4001,#4923,.T.);
#2936=EDGE_CURVE('',#3995,#4000,#4924,.T.);
#2937=EDGE_CURVE('',#4017,#4018,#4925,.F.);
#2938=EDGE_CURVE('',#4018,#4019,#4926,.F.);
#2939=EDGE_CURVE('',#4019,#4020,#4927,.F.);
#2940=EDGE_CURVE('',#4020,#4017,#4928,.F.);
#2941=EDGE_CURVE('',#4021,#4022,#4929,.F.);
#2942=EDGE_CURVE('',#4022,#4023,#4930,.F.);
#2943=EDGE_CURVE('',#4023,#4024,#4931,.F.);
#2944=EDGE_CURVE('',#4024,#4021,#4932,.F.);
#2945=EDGE_CURVE('',#4025,#4026,#4933,.F.);
#2946=EDGE_CURVE('',#4026,#4027,#4934,.F.);
#2947=EDGE_CURVE('',#4027,#4028,#4935,.F.);
#2948=EDGE_CURVE('',#4028,#4025,#4936,.F.);
#2949=EDGE_CURVE('',#4029,#4030,#4937,.F.);
#2950=EDGE_CURVE('',#4030,#4031,#4938,.F.);
#2951=EDGE_CURVE('',#4031,#4032,#4939,.F.);
#2952=EDGE_CURVE('',#4032,#4029,#4940,.F.);
#2953=EDGE_CURVE('',#4033,#4034,#4941,.F.);
#2954=EDGE_CURVE('',#4034,#4035,#4942,.F.);
#2955=EDGE_CURVE('',#4035,#4036,#4943,.F.);
#2956=EDGE_CURVE('',#4036,#4033,#4944,.F.);
#2957=EDGE_CURVE('',#4037,#4038,#4945,.F.);
#2958=EDGE_CURVE('',#4038,#4039,#4946,.F.);
#2959=EDGE_CURVE('',#4039,#4040,#4947,.F.);
#2960=EDGE_CURVE('',#4040,#4037,#4948,.F.);
#2961=EDGE_CURVE('',#4041,#4042,#4949,.F.);
#2962=EDGE_CURVE('',#4042,#4043,#4950,.F.);
#2963=EDGE_CURVE('',#4043,#4044,#4951,.F.);
#2964=EDGE_CURVE('',#4044,#4041,#4952,.F.);
#2965=EDGE_CURVE('',#4045,#4046,#4953,.F.);
#2966=EDGE_CURVE('',#4046,#4047,#4954,.F.);
#2967=EDGE_CURVE('',#4047,#4048,#4955,.F.);
#2968=EDGE_CURVE('',#4048,#4045,#4956,.F.);
#2969=EDGE_CURVE('',#4049,#4050,#4957,.F.);
#2970=EDGE_CURVE('',#4050,#4051,#4958,.F.);
#2971=EDGE_CURVE('',#4051,#4052,#4959,.F.);
#2972=EDGE_CURVE('',#4052,#4049,#4960,.F.);
#2973=EDGE_CURVE('',#4053,#4054,#4961,.F.);
#2974=EDGE_CURVE('',#4054,#4055,#4962,.F.);
#2975=EDGE_CURVE('',#4055,#4056,#4963,.F.);
#2976=EDGE_CURVE('',#4056,#4053,#4964,.F.);
#2977=EDGE_CURVE('',#4057,#4058,#4965,.F.);
#2978=EDGE_CURVE('',#4058,#4059,#4966,.F.);
#2979=EDGE_CURVE('',#4059,#4060,#4967,.F.);
#2980=EDGE_CURVE('',#4060,#4057,#4968,.F.);
#2981=EDGE_CURVE('',#4061,#4062,#4969,.F.);
#2982=EDGE_CURVE('',#4062,#4063,#4970,.F.);
#2983=EDGE_CURVE('',#4063,#4064,#4971,.F.);
#2984=EDGE_CURVE('',#4064,#4061,#4972,.F.);
#2985=EDGE_CURVE('',#4065,#4066,#4973,.F.);
#2986=EDGE_CURVE('',#4066,#4067,#4974,.F.);
#2987=EDGE_CURVE('',#4067,#4068,#4975,.F.);
#2988=EDGE_CURVE('',#4068,#4065,#4976,.F.);
#2989=EDGE_CURVE('',#4069,#4070,#4977,.F.);
#2990=EDGE_CURVE('',#4070,#4071,#4978,.F.);
#2991=EDGE_CURVE('',#4071,#4072,#4979,.F.);
#2992=EDGE_CURVE('',#4072,#4069,#4980,.F.);
#2993=EDGE_CURVE('',#4009,#4016,#4981,.T.);
#2994=EDGE_CURVE('',#4010,#4015,#4982,.T.);
#2995=EDGE_CURVE('',#4073,#4074,#4983,.F.);
#2996=EDGE_CURVE('',#4074,#4075,#4984,.F.);
#2997=EDGE_CURVE('',#4075,#4076,#4985,.F.);
#2998=EDGE_CURVE('',#4076,#4073,#4986,.F.);
#2999=EDGE_CURVE('',#4077,#4078,#4987,.F.);
#3000=EDGE_CURVE('',#4078,#4079,#4988,.F.);
#3001=EDGE_CURVE('',#4079,#4080,#4989,.F.);
#3002=EDGE_CURVE('',#4080,#4077,#4990,.F.);
#3003=EDGE_CURVE('',#4081,#4082,#4991,.F.);
#3004=EDGE_CURVE('',#4082,#4083,#4992,.F.);
#3005=EDGE_CURVE('',#4083,#4084,#4993,.F.);
#3006=EDGE_CURVE('',#4084,#4081,#4994,.F.);
#3007=EDGE_CURVE('',#4085,#4086,#4995,.F.);
#3008=EDGE_CURVE('',#4086,#4087,#4996,.F.);
#3009=EDGE_CURVE('',#4087,#4088,#4997,.F.);
#3010=EDGE_CURVE('',#4088,#4085,#4998,.F.);
#3011=EDGE_CURVE('',#4089,#4090,#4999,.F.);
#3012=EDGE_CURVE('',#4090,#4091,#5000,.F.);
#3013=EDGE_CURVE('',#4091,#4092,#5001,.F.);
#3014=EDGE_CURVE('',#4092,#4089,#5002,.F.);
#3015=EDGE_CURVE('',#4093,#4094,#5003,.F.);
#3016=EDGE_CURVE('',#4094,#4095,#5004,.F.);
#3017=EDGE_CURVE('',#4095,#4096,#5005,.F.);
#3018=EDGE_CURVE('',#4096,#4093,#5006,.F.);
#3019=EDGE_CURVE('',#4097,#4098,#5007,.F.);
#3020=EDGE_CURVE('',#4098,#4099,#5008,.F.);
#3021=EDGE_CURVE('',#4099,#4100,#5009,.F.);
#3022=EDGE_CURVE('',#4100,#4097,#5010,.F.);
#3023=EDGE_CURVE('',#4101,#4102,#5011,.F.);
#3024=EDGE_CURVE('',#4102,#4103,#5012,.F.);
#3025=EDGE_CURVE('',#4103,#4104,#5013,.F.);
#3026=EDGE_CURVE('',#4104,#4101,#5014,.F.);
#3027=EDGE_CURVE('',#4105,#4106,#5015,.F.);
#3028=EDGE_CURVE('',#4106,#4107,#5016,.F.);
#3029=EDGE_CURVE('',#4107,#4108,#5017,.F.);
#3030=EDGE_CURVE('',#4108,#4105,#5018,.F.);
#3031=EDGE_CURVE('',#4109,#4110,#5019,.F.);
#3032=EDGE_CURVE('',#4110,#4111,#5020,.F.);
#3033=EDGE_CURVE('',#4111,#4112,#5021,.F.);
#3034=EDGE_CURVE('',#4112,#4109,#5022,.F.);
#3035=EDGE_CURVE('',#4113,#4114,#5023,.F.);
#3036=EDGE_CURVE('',#4114,#4115,#5024,.F.);
#3037=EDGE_CURVE('',#4115,#4116,#5025,.F.);
#3038=EDGE_CURVE('',#4116,#4113,#5026,.F.);
#3039=EDGE_CURVE('',#4117,#4118,#5027,.F.);
#3040=EDGE_CURVE('',#4118,#4119,#5028,.F.);
#3041=EDGE_CURVE('',#4119,#4120,#5029,.F.);
#3042=EDGE_CURVE('',#4120,#4117,#5030,.F.);
#3043=EDGE_CURVE('',#4121,#4122,#5031,.F.);
#3044=EDGE_CURVE('',#4122,#4123,#5032,.F.);
#3045=EDGE_CURVE('',#4123,#4124,#5033,.F.);
#3046=EDGE_CURVE('',#4124,#4121,#5034,.F.);
#3047=EDGE_CURVE('',#4125,#4126,#5035,.F.);
#3048=EDGE_CURVE('',#4126,#4127,#5036,.F.);
#3049=EDGE_CURVE('',#4127,#4128,#5037,.F.);
#3050=EDGE_CURVE('',#4128,#4125,#5038,.F.);
#3051=EDGE_CURVE('',#4011,#4014,#5039,.T.);
#3052=EDGE_CURVE('',#4012,#4013,#5040,.T.);
#3053=EDGE_CURVE('',#4070,#4127,#5041,.T.);
#3054=EDGE_CURVE('',#4071,#4126,#5042,.T.);
#3055=EDGE_CURVE('',#4072,#4125,#5043,.T.);
#3056=EDGE_CURVE('',#4069,#4128,#5044,.T.);
#3057=EDGE_CURVE('',#4066,#4123,#5045,.T.);
#3058=EDGE_CURVE('',#4067,#4122,#5046,.T.);
#3059=EDGE_CURVE('',#4068,#4121,#5047,.T.);
#3060=EDGE_CURVE('',#4065,#4124,#5048,.T.);
#3061=EDGE_CURVE('',#4062,#4119,#5049,.T.);
#3062=EDGE_CURVE('',#4063,#4118,#5050,.T.);
#3063=EDGE_CURVE('',#4064,#4117,#5051,.T.);
#3064=EDGE_CURVE('',#4061,#4120,#5052,.T.);
#3065=EDGE_CURVE('',#4058,#4115,#5053,.T.);
#3066=EDGE_CURVE('',#4059,#4114,#5054,.T.);
#3067=EDGE_CURVE('',#4060,#4113,#5055,.T.);
#3068=EDGE_CURVE('',#4057,#4116,#5056,.T.);
#3069=EDGE_CURVE('',#4054,#4111,#5057,.T.);
#3070=EDGE_CURVE('',#4055,#4110,#5058,.T.);
#3071=EDGE_CURVE('',#4056,#4109,#5059,.T.);
#3072=EDGE_CURVE('',#4053,#4112,#5060,.T.);
#3073=EDGE_CURVE('',#4050,#4107,#5061,.T.);
#3074=EDGE_CURVE('',#4051,#4106,#5062,.T.);
#3075=EDGE_CURVE('',#4052,#4105,#5063,.T.);
#3076=EDGE_CURVE('',#4049,#4108,#5064,.T.);
#3077=EDGE_CURVE('',#4046,#4103,#5065,.T.);
#3078=EDGE_CURVE('',#4047,#4102,#5066,.T.);
#3079=EDGE_CURVE('',#4048,#4101,#5067,.T.);
#3080=EDGE_CURVE('',#4045,#4104,#5068,.T.);
#3081=EDGE_CURVE('',#4042,#4099,#5069,.T.);
#3082=EDGE_CURVE('',#4043,#4098,#5070,.T.);
#3083=EDGE_CURVE('',#4044,#4097,#5071,.T.);
#3084=EDGE_CURVE('',#4041,#4100,#5072,.T.);
#3085=EDGE_CURVE('',#4038,#4095,#5073,.T.);
#3086=EDGE_CURVE('',#4039,#4094,#5074,.T.);
#3087=EDGE_CURVE('',#4040,#4093,#5075,.T.);
#3088=EDGE_CURVE('',#4037,#4096,#5076,.T.);
#3089=EDGE_CURVE('',#4034,#4091,#5077,.T.);
#3090=EDGE_CURVE('',#4035,#4090,#5078,.T.);
#3091=EDGE_CURVE('',#4036,#4089,#5079,.T.);
#3092=EDGE_CURVE('',#4033,#4092,#5080,.T.);
#3093=EDGE_CURVE('',#4030,#4087,#5081,.T.);
#3094=EDGE_CURVE('',#4031,#4086,#5082,.T.);
#3095=EDGE_CURVE('',#4032,#4085,#5083,.T.);
#3096=EDGE_CURVE('',#4029,#4088,#5084,.T.);
#3097=EDGE_CURVE('',#4026,#4083,#5085,.T.);
#3098=EDGE_CURVE('',#4027,#4082,#5086,.T.);
#3099=EDGE_CURVE('',#4028,#4081,#5087,.T.);
#3100=EDGE_CURVE('',#4025,#4084,#5088,.T.);
#3101=EDGE_CURVE('',#4022,#4079,#5089,.T.);
#3102=EDGE_CURVE('',#4023,#4078,#5090,.T.);
#3103=EDGE_CURVE('',#4024,#4077,#5091,.T.);
#3104=EDGE_CURVE('',#4021,#4080,#5092,.T.);
#3105=EDGE_CURVE('',#4018,#4075,#5093,.T.);
#3106=EDGE_CURVE('',#4019,#4074,#5094,.T.);
#3107=EDGE_CURVE('',#4020,#4073,#5095,.T.);
#3108=EDGE_CURVE('',#4017,#4076,#5096,.T.);
#3109=EDGE_CURVE('',#4129,#4130,#5097,.T.);
#3110=EDGE_CURVE('',#4130,#4131,#5098,.T.);
#3111=EDGE_CURVE('',#4131,#4132,#5099,.T.);
#3112=EDGE_CURVE('',#4132,#4133,#5100,.T.);
#3113=EDGE_CURVE('',#4133,#4134,#5101,.T.);
#3114=EDGE_CURVE('',#4134,#4135,#5102,.T.);
#3115=EDGE_CURVE('',#4135,#4136,#5103,.T.);
#3116=EDGE_CURVE('',#4136,#4137,#5104,.T.);
#3117=EDGE_CURVE('',#4137,#4138,#5105,.T.);
#3118=EDGE_CURVE('',#4138,#4139,#5106,.T.);
#3119=EDGE_CURVE('',#4139,#4140,#5107,.T.);
#3120=EDGE_CURVE('',#4140,#4129,#5108,.T.);
#3121=EDGE_CURVE('',#4141,#4142,#5109,.T.);
#3122=EDGE_CURVE('',#4143,#4141,#5110,.T.);
#3123=EDGE_CURVE('',#4144,#4143,#5111,.T.);
#3124=EDGE_CURVE('',#4145,#4144,#5112,.T.);
#3125=EDGE_CURVE('',#4146,#4145,#5113,.T.);
#3126=EDGE_CURVE('',#4147,#4146,#5114,.T.);
#3127=EDGE_CURVE('',#4148,#4147,#5115,.T.);
#3128=EDGE_CURVE('',#4149,#4148,#5116,.T.);
#3129=EDGE_CURVE('',#4150,#4149,#5117,.T.);
#3130=EDGE_CURVE('',#4151,#4150,#5118,.T.);
#3131=EDGE_CURVE('',#4152,#4151,#5119,.T.);
#3132=EDGE_CURVE('',#4142,#4152,#5120,.T.);
#3133=EDGE_CURVE('',#4130,#4141,#5121,.T.);
#3134=EDGE_CURVE('',#4129,#4143,#5122,.T.);
#3135=EDGE_CURVE('',#4142,#4131,#5123,.T.);
#3136=EDGE_CURVE('',#4132,#4152,#5124,.T.);
#3137=EDGE_CURVE('',#4153,#4154,#5125,.F.);
#3138=EDGE_CURVE('',#4155,#4153,#5126,.T.);
#3139=EDGE_CURVE('',#4156,#4155,#5127,.F.);
#3140=EDGE_CURVE('',#4156,#4154,#5128,.T.);
#3141=EDGE_CURVE('',#4157,#4153,#5129,.F.);
#3142=EDGE_CURVE('',#4158,#4157,#5130,.T.);
#3143=EDGE_CURVE('',#4155,#4158,#5131,.F.);
#3144=EDGE_CURVE('',#4159,#4157,#5132,.F.);
#3145=EDGE_CURVE('',#4160,#4159,#5133,.T.);
#3146=EDGE_CURVE('',#4158,#4160,#5134,.F.);
#3147=EDGE_CURVE('',#4154,#4159,#5135,.F.);
#3148=EDGE_CURVE('',#4160,#4156,#5136,.F.);
#3149=EDGE_CURVE('',#4161,#4162,#5137,.F.);
#3150=EDGE_CURVE('',#4163,#4161,#5138,.T.);
#3151=EDGE_CURVE('',#4164,#4163,#5139,.F.);
#3152=EDGE_CURVE('',#4164,#4162,#5140,.T.);
#3153=EDGE_CURVE('',#4165,#4161,#5141,.F.);
#3154=EDGE_CURVE('',#4166,#4165,#5142,.T.);
#3155=EDGE_CURVE('',#4163,#4166,#5143,.F.);
#3156=EDGE_CURVE('',#4167,#4165,#5144,.F.);
#3157=EDGE_CURVE('',#4168,#4167,#5145,.T.);
#3158=EDGE_CURVE('',#4166,#4168,#5146,.F.);
#3159=EDGE_CURVE('',#4162,#4167,#5147,.F.);
#3160=EDGE_CURVE('',#4168,#4164,#5148,.F.);
#3161=EDGE_CURVE('',#4169,#4170,#5149,.F.);
#3162=EDGE_CURVE('',#4171,#4169,#5150,.T.);
#3163=EDGE_CURVE('',#4172,#4171,#5151,.F.);
#3164=EDGE_CURVE('',#4172,#4170,#5152,.T.);
#3165=EDGE_CURVE('',#4173,#4169,#5153,.F.);
#3166=EDGE_CURVE('',#4174,#4173,#5154,.T.);
#3167=EDGE_CURVE('',#4171,#4174,#5155,.F.);
#3168=EDGE_CURVE('',#4175,#4173,#5156,.F.);
#3169=EDGE_CURVE('',#4176,#4175,#5157,.T.);
#3170=EDGE_CURVE('',#4174,#4176,#5158,.F.);
#3171=EDGE_CURVE('',#4170,#4175,#5159,.F.);
#3172=EDGE_CURVE('',#4176,#4172,#5160,.F.);
#3173=EDGE_CURVE('',#4177,#4178,#5161,.F.);
#3174=EDGE_CURVE('',#4179,#4177,#5162,.T.);
#3175=EDGE_CURVE('',#4180,#4179,#5163,.F.);
#3176=EDGE_CURVE('',#4180,#4178,#5164,.T.);
#3177=EDGE_CURVE('',#4181,#4177,#5165,.F.);
#3178=EDGE_CURVE('',#4182,#4181,#5166,.T.);
#3179=EDGE_CURVE('',#4179,#4182,#5167,.F.);
#3180=EDGE_CURVE('',#4183,#4181,#5168,.F.);
#3181=EDGE_CURVE('',#4184,#4183,#5169,.T.);
#3182=EDGE_CURVE('',#4182,#4184,#5170,.F.);
#3183=EDGE_CURVE('',#4178,#4183,#5171,.F.);
#3184=EDGE_CURVE('',#4184,#4180,#5172,.F.);
#3185=EDGE_CURVE('',#4185,#4186,#5173,.F.);
#3186=EDGE_CURVE('',#4187,#4185,#5174,.T.);
#3187=EDGE_CURVE('',#4188,#4187,#5175,.F.);
#3188=EDGE_CURVE('',#4188,#4186,#5176,.T.);
#3189=EDGE_CURVE('',#4189,#4185,#5177,.F.);
#3190=EDGE_CURVE('',#4190,#4189,#5178,.T.);
#3191=EDGE_CURVE('',#4187,#4190,#5179,.F.);
#3192=EDGE_CURVE('',#4191,#4189,#5180,.F.);
#3193=EDGE_CURVE('',#4192,#4191,#5181,.T.);
#3194=EDGE_CURVE('',#4190,#4192,#5182,.F.);
#3195=EDGE_CURVE('',#4186,#4191,#5183,.F.);
#3196=EDGE_CURVE('',#4192,#4188,#5184,.F.);
#3197=EDGE_CURVE('',#4193,#4194,#5185,.F.);
#3198=EDGE_CURVE('',#4195,#4193,#5186,.T.);
#3199=EDGE_CURVE('',#4196,#4195,#5187,.F.);
#3200=EDGE_CURVE('',#4196,#4194,#5188,.T.);
#3201=EDGE_CURVE('',#4197,#4193,#5189,.F.);
#3202=EDGE_CURVE('',#4198,#4197,#5190,.T.);
#3203=EDGE_CURVE('',#4195,#4198,#5191,.F.);
#3204=EDGE_CURVE('',#4199,#4197,#5192,.F.);
#3205=EDGE_CURVE('',#4200,#4199,#5193,.T.);
#3206=EDGE_CURVE('',#4198,#4200,#5194,.F.);
#3207=EDGE_CURVE('',#4194,#4199,#5195,.F.);
#3208=EDGE_CURVE('',#4200,#4196,#5196,.F.);
#3209=EDGE_CURVE('',#4201,#4202,#5197,.F.);
#3210=EDGE_CURVE('',#4203,#4201,#5198,.T.);
#3211=EDGE_CURVE('',#4204,#4203,#5199,.F.);
#3212=EDGE_CURVE('',#4204,#4202,#5200,.T.);
#3213=EDGE_CURVE('',#4205,#4201,#5201,.F.);
#3214=EDGE_CURVE('',#4206,#4205,#5202,.T.);
#3215=EDGE_CURVE('',#4203,#4206,#5203,.F.);
#3216=EDGE_CURVE('',#4207,#4205,#5204,.F.);
#3217=EDGE_CURVE('',#4208,#4207,#5205,.T.);
#3218=EDGE_CURVE('',#4206,#4208,#5206,.F.);
#3219=EDGE_CURVE('',#4202,#4207,#5207,.F.);
#3220=EDGE_CURVE('',#4208,#4204,#5208,.F.);
#3221=EDGE_CURVE('',#4209,#4210,#5209,.F.);
#3222=EDGE_CURVE('',#4211,#4209,#5210,.T.);
#3223=EDGE_CURVE('',#4212,#4211,#5211,.F.);
#3224=EDGE_CURVE('',#4212,#4210,#5212,.T.);
#3225=EDGE_CURVE('',#4213,#4209,#5213,.F.);
#3226=EDGE_CURVE('',#4214,#4213,#5214,.T.);
#3227=EDGE_CURVE('',#4211,#4214,#5215,.F.);
#3228=EDGE_CURVE('',#4215,#4213,#5216,.F.);
#3229=EDGE_CURVE('',#4216,#4215,#5217,.T.);
#3230=EDGE_CURVE('',#4214,#4216,#5218,.F.);
#3231=EDGE_CURVE('',#4210,#4215,#5219,.F.);
#3232=EDGE_CURVE('',#4216,#4212,#5220,.F.);
#3233=EDGE_CURVE('',#4217,#4218,#5221,.F.);
#3234=EDGE_CURVE('',#4219,#4217,#5222,.T.);
#3235=EDGE_CURVE('',#4220,#4219,#5223,.F.);
#3236=EDGE_CURVE('',#4220,#4218,#5224,.T.);
#3237=EDGE_CURVE('',#4221,#4217,#5225,.F.);
#3238=EDGE_CURVE('',#4222,#4221,#5226,.T.);
#3239=EDGE_CURVE('',#4219,#4222,#5227,.F.);
#3240=EDGE_CURVE('',#4223,#4221,#5228,.F.);
#3241=EDGE_CURVE('',#4224,#4223,#5229,.T.);
#3242=EDGE_CURVE('',#4222,#4224,#5230,.F.);
#3243=EDGE_CURVE('',#4218,#4223,#5231,.F.);
#3244=EDGE_CURVE('',#4224,#4220,#5232,.F.);
#3245=EDGE_CURVE('',#4225,#4226,#5233,.F.);
#3246=EDGE_CURVE('',#4227,#4225,#5234,.T.);
#3247=EDGE_CURVE('',#4228,#4227,#5235,.F.);
#3248=EDGE_CURVE('',#4228,#4226,#5236,.T.);
#3249=EDGE_CURVE('',#4229,#4225,#5237,.F.);
#3250=EDGE_CURVE('',#4230,#4229,#5238,.T.);
#3251=EDGE_CURVE('',#4227,#4230,#5239,.F.);
#3252=EDGE_CURVE('',#4231,#4229,#5240,.F.);
#3253=EDGE_CURVE('',#4232,#4231,#5241,.T.);
#3254=EDGE_CURVE('',#4230,#4232,#5242,.F.);
#3255=EDGE_CURVE('',#4226,#4231,#5243,.F.);
#3256=EDGE_CURVE('',#4232,#4228,#5244,.F.);
#3257=EDGE_CURVE('',#4233,#4234,#5245,.F.);
#3258=EDGE_CURVE('',#4235,#4233,#5246,.T.);
#3259=EDGE_CURVE('',#4236,#4235,#5247,.F.);
#3260=EDGE_CURVE('',#4236,#4234,#5248,.T.);
#3261=EDGE_CURVE('',#4237,#4233,#5249,.F.);
#3262=EDGE_CURVE('',#4238,#4237,#5250,.T.);
#3263=EDGE_CURVE('',#4235,#4238,#5251,.F.);
#3264=EDGE_CURVE('',#4239,#4237,#5252,.F.);
#3265=EDGE_CURVE('',#4240,#4239,#5253,.T.);
#3266=EDGE_CURVE('',#4238,#4240,#5254,.F.);
#3267=EDGE_CURVE('',#4234,#4239,#5255,.F.);
#3268=EDGE_CURVE('',#4240,#4236,#5256,.F.);
#3269=EDGE_CURVE('',#4241,#4242,#5257,.F.);
#3270=EDGE_CURVE('',#4243,#4241,#5258,.T.);
#3271=EDGE_CURVE('',#4244,#4243,#5259,.F.);
#3272=EDGE_CURVE('',#4244,#4242,#5260,.T.);
#3273=EDGE_CURVE('',#4245,#4241,#5261,.F.);
#3274=EDGE_CURVE('',#4246,#4245,#5262,.T.);
#3275=EDGE_CURVE('',#4243,#4246,#5263,.F.);
#3276=EDGE_CURVE('',#4247,#4245,#5264,.F.);
#3277=EDGE_CURVE('',#4248,#4247,#5265,.T.);
#3278=EDGE_CURVE('',#4246,#4248,#5266,.F.);
#3279=EDGE_CURVE('',#4242,#4247,#5267,.F.);
#3280=EDGE_CURVE('',#4248,#4244,#5268,.F.);
#3281=EDGE_CURVE('',#4249,#4250,#5269,.F.);
#3282=EDGE_CURVE('',#4251,#4249,#5270,.T.);
#3283=EDGE_CURVE('',#4252,#4251,#5271,.F.);
#3284=EDGE_CURVE('',#4252,#4250,#5272,.T.);
#3285=EDGE_CURVE('',#4253,#4249,#5273,.F.);
#3286=EDGE_CURVE('',#4254,#4253,#5274,.T.);
#3287=EDGE_CURVE('',#4251,#4254,#5275,.F.);
#3288=EDGE_CURVE('',#4255,#4253,#5276,.F.);
#3289=EDGE_CURVE('',#4256,#4255,#5277,.T.);
#3290=EDGE_CURVE('',#4254,#4256,#5278,.F.);
#3291=EDGE_CURVE('',#4250,#4255,#5279,.F.);
#3292=EDGE_CURVE('',#4256,#4252,#5280,.F.);
#3293=EDGE_CURVE('',#4257,#4258,#5281,.F.);
#3294=EDGE_CURVE('',#4259,#4257,#5282,.T.);
#3295=EDGE_CURVE('',#4260,#4259,#5283,.F.);
#3296=EDGE_CURVE('',#4260,#4258,#5284,.T.);
#3297=EDGE_CURVE('',#4261,#4257,#5285,.F.);
#3298=EDGE_CURVE('',#4262,#4261,#5286,.T.);
#3299=EDGE_CURVE('',#4259,#4262,#5287,.F.);
#3300=EDGE_CURVE('',#4263,#4261,#5288,.F.);
#3301=EDGE_CURVE('',#4264,#4263,#5289,.T.);
#3302=EDGE_CURVE('',#4262,#4264,#5290,.F.);
#3303=EDGE_CURVE('',#4258,#4263,#5291,.F.);
#3304=EDGE_CURVE('',#4264,#4260,#5292,.F.);
#3305=EDGE_CURVE('',#4265,#4266,#5293,.T.);
#3306=EDGE_CURVE('',#4265,#4267,#5294,.T.);
#3307=EDGE_CURVE('',#4268,#4267,#5295,.T.);
#3308=EDGE_CURVE('',#4266,#4268,#5296,.T.);
#3309=EDGE_CURVE('',#4269,#4270,#5297,.T.);
#3310=EDGE_CURVE('',#4269,#4271,#5298,.T.);
#3311=EDGE_CURVE('',#4272,#4271,#5299,.T.);
#3312=EDGE_CURVE('',#4270,#4272,#5300,.T.);
#3313=EDGE_CURVE('',#4273,#4274,#5301,.T.);
#3314=EDGE_CURVE('',#4273,#4275,#5302,.T.);
#3315=EDGE_CURVE('',#4276,#4275,#5303,.T.);
#3316=EDGE_CURVE('',#4274,#4276,#5304,.T.);
#3317=EDGE_CURVE('',#4277,#4278,#5305,.T.);
#3318=EDGE_CURVE('',#4277,#4279,#5306,.T.);
#3319=EDGE_CURVE('',#4280,#4279,#5307,.T.);
#3320=EDGE_CURVE('',#4278,#4280,#5308,.T.);
#3321=EDGE_CURVE('',#4281,#4282,#5309,.T.);
#3322=EDGE_CURVE('',#4281,#4283,#5310,.T.);
#3323=EDGE_CURVE('',#4284,#4283,#5311,.T.);
#3324=EDGE_CURVE('',#4282,#4284,#5312,.T.);
#3325=EDGE_CURVE('',#4285,#4286,#5313,.T.);
#3326=EDGE_CURVE('',#4285,#4287,#5314,.T.);
#3327=EDGE_CURVE('',#4288,#4287,#5315,.T.);
#3328=EDGE_CURVE('',#4286,#4288,#5316,.T.);
#3329=EDGE_CURVE('',#4289,#4290,#5317,.T.);
#3330=EDGE_CURVE('',#4289,#4291,#5318,.T.);
#3331=EDGE_CURVE('',#4292,#4291,#5319,.T.);
#3332=EDGE_CURVE('',#4290,#4292,#5320,.T.);
#3333=EDGE_CURVE('',#4266,#4293,#5321,.T.);
#3334=EDGE_CURVE('',#4268,#4294,#5322,.T.);
#3335=EDGE_CURVE('',#4293,#4294,#5323,.T.);
#3336=EDGE_CURVE('',#4270,#4295,#5324,.T.);
#3337=EDGE_CURVE('',#4272,#4296,#5325,.T.);
#3338=EDGE_CURVE('',#4295,#4296,#5326,.T.);
#3339=EDGE_CURVE('',#4274,#4297,#5327,.T.);
#3340=EDGE_CURVE('',#4276,#4298,#5328,.T.);
#3341=EDGE_CURVE('',#4297,#4298,#5329,.T.);
#3342=EDGE_CURVE('',#4278,#4299,#5330,.T.);
#3343=EDGE_CURVE('',#4280,#4300,#5331,.T.);
#3344=EDGE_CURVE('',#4299,#4300,#5332,.T.);
#3345=EDGE_CURVE('',#4282,#4301,#5333,.T.);
#3346=EDGE_CURVE('',#4284,#4302,#5334,.T.);
#3347=EDGE_CURVE('',#4301,#4302,#5335,.T.);
#3348=EDGE_CURVE('',#4286,#4303,#5336,.T.);
#3349=EDGE_CURVE('',#4288,#4304,#5337,.T.);
#3350=EDGE_CURVE('',#4303,#4304,#5338,.T.);
#3351=EDGE_CURVE('',#4290,#4305,#5339,.T.);
#3352=EDGE_CURVE('',#4292,#4306,#5340,.T.);
#3353=EDGE_CURVE('',#4305,#4306,#5341,.T.);
#3354=EDGE_CURVE('',#4293,#4307,#5342,.T.);
#3355=EDGE_CURVE('',#4308,#4294,#5343,.T.);
#3356=EDGE_CURVE('',#4307,#4308,#5344,.T.);
#3357=EDGE_CURVE('',#4295,#4309,#5345,.T.);
#3358=EDGE_CURVE('',#4310,#4296,#5346,.T.);
#3359=EDGE_CURVE('',#4309,#4310,#5347,.T.);
#3360=EDGE_CURVE('',#4297,#4311,#5348,.T.);
#3361=EDGE_CURVE('',#4312,#4298,#5349,.T.);
#3362=EDGE_CURVE('',#4311,#4312,#5350,.T.);
#3363=EDGE_CURVE('',#4299,#4313,#5351,.T.);
#3364=EDGE_CURVE('',#4314,#4300,#5352,.T.);
#3365=EDGE_CURVE('',#4313,#4314,#5353,.T.);
#3366=EDGE_CURVE('',#4301,#4315,#5354,.T.);
#3367=EDGE_CURVE('',#4316,#4302,#5355,.T.);
#3368=EDGE_CURVE('',#4315,#4316,#5356,.T.);
#3369=EDGE_CURVE('',#4303,#4317,#5357,.T.);
#3370=EDGE_CURVE('',#4318,#4304,#5358,.T.);
#3371=EDGE_CURVE('',#4317,#4318,#5359,.T.);
#3372=EDGE_CURVE('',#4305,#4319,#5360,.T.);
#3373=EDGE_CURVE('',#4320,#4306,#5361,.T.);
#3374=EDGE_CURVE('',#4319,#4320,#5362,.T.);
#3375=EDGE_CURVE('',#4321,#4322,#5363,.T.);
#3376=EDGE_CURVE('',#4321,#4307,#18,.T.);
#3377=EDGE_CURVE('',#4308,#4322,#19,.T.);
#3378=EDGE_CURVE('',#4323,#4324,#5364,.T.);
#3379=EDGE_CURVE('',#4323,#4309,#20,.T.);
#3380=EDGE_CURVE('',#4310,#4324,#21,.T.);
#3381=EDGE_CURVE('',#4325,#4326,#5365,.T.);
#3382=EDGE_CURVE('',#4325,#4311,#22,.T.);
#3383=EDGE_CURVE('',#4312,#4326,#23,.T.);
#3384=EDGE_CURVE('',#4327,#4328,#5366,.T.);
#3385=EDGE_CURVE('',#4327,#4313,#24,.T.);
#3386=EDGE_CURVE('',#4314,#4328,#25,.T.);
#3387=EDGE_CURVE('',#4329,#4330,#5367,.T.);
#3388=EDGE_CURVE('',#4329,#4315,#26,.T.);
#3389=EDGE_CURVE('',#4316,#4330,#27,.T.);
#3390=EDGE_CURVE('',#4331,#4332,#5368,.T.);
#3391=EDGE_CURVE('',#4331,#4317,#28,.T.);
#3392=EDGE_CURVE('',#4318,#4332,#29,.T.);
#3393=EDGE_CURVE('',#4333,#4334,#5369,.T.);
#3394=EDGE_CURVE('',#4333,#4319,#30,.T.);
#3395=EDGE_CURVE('',#4320,#4334,#31,.T.);
#3396=EDGE_CURVE('',#4321,#4335,#5370,.T.);
#3397=EDGE_CURVE('',#4336,#4322,#5371,.T.);
#3398=EDGE_CURVE('',#4335,#4336,#5372,.T.);
#3399=EDGE_CURVE('',#4323,#4337,#5373,.T.);
#3400=EDGE_CURVE('',#4338,#4324,#5374,.T.);
#3401=EDGE_CURVE('',#4337,#4338,#5375,.T.);
#3402=EDGE_CURVE('',#4325,#4339,#5376,.T.);
#3403=EDGE_CURVE('',#4340,#4326,#5377,.T.);
#3404=EDGE_CURVE('',#4339,#4340,#5378,.T.);
#3405=EDGE_CURVE('',#4327,#4341,#5379,.T.);
#3406=EDGE_CURVE('',#4342,#4328,#5380,.T.);
#3407=EDGE_CURVE('',#4341,#4342,#5381,.T.);
#3408=EDGE_CURVE('',#4329,#4343,#5382,.T.);
#3409=EDGE_CURVE('',#4344,#4330,#5383,.T.);
#3410=EDGE_CURVE('',#4343,#4344,#5384,.T.);
#3411=EDGE_CURVE('',#4331,#4345,#5385,.T.);
#3412=EDGE_CURVE('',#4346,#4332,#5386,.T.);
#3413=EDGE_CURVE('',#4345,#4346,#5387,.T.);
#3414=EDGE_CURVE('',#4333,#4347,#5388,.T.);
#3415=EDGE_CURVE('',#4348,#4334,#5389,.T.);
#3416=EDGE_CURVE('',#4347,#4348,#5390,.T.);
#3417=EDGE_CURVE('',#4335,#4349,#32,.T.);
#3418=EDGE_CURVE('',#4350,#4336,#33,.T.);
#3419=EDGE_CURVE('',#4349,#4350,#5391,.T.);
#3420=EDGE_CURVE('',#4337,#4351,#34,.T.);
#3421=EDGE_CURVE('',#4352,#4338,#35,.T.);
#3422=EDGE_CURVE('',#4351,#4352,#5392,.T.);
#3423=EDGE_CURVE('',#4339,#4353,#36,.T.);
#3424=EDGE_CURVE('',#4354,#4340,#37,.T.);
#3425=EDGE_CURVE('',#4353,#4354,#5393,.T.);
#3426=EDGE_CURVE('',#4341,#4355,#38,.T.);
#3427=EDGE_CURVE('',#4356,#4342,#39,.T.);
#3428=EDGE_CURVE('',#4355,#4356,#5394,.T.);
#3429=EDGE_CURVE('',#4343,#4357,#40,.T.);
#3430=EDGE_CURVE('',#4358,#4344,#41,.T.);
#3431=EDGE_CURVE('',#4357,#4358,#5395,.T.);
#3432=EDGE_CURVE('',#4345,#4359,#42,.T.);
#3433=EDGE_CURVE('',#4360,#4346,#43,.T.);
#3434=EDGE_CURVE('',#4359,#4360,#5396,.T.);
#3435=EDGE_CURVE('',#4347,#4361,#44,.T.);
#3436=EDGE_CURVE('',#4362,#4348,#45,.T.);
#3437=EDGE_CURVE('',#4361,#4362,#5397,.T.);
#3438=EDGE_CURVE('',#4363,#4135,#5398,.T.);
#3439=EDGE_CURVE('',#4349,#4363,#5399,.T.);
#3440=EDGE_CURVE('',#4364,#4350,#5400,.T.);
#3441=EDGE_CURVE('',#4365,#4364,#5401,.T.);
#3442=EDGE_CURVE('',#4351,#4365,#5402,.T.);
#3443=EDGE_CURVE('',#4366,#4352,#5403,.T.);
#3444=EDGE_CURVE('',#4367,#4366,#5404,.T.);
#3445=EDGE_CURVE('',#4353,#4367,#5405,.T.);
#3446=EDGE_CURVE('',#4368,#4354,#5406,.T.);
#3447=EDGE_CURVE('',#4369,#4368,#5407,.T.);
#3448=EDGE_CURVE('',#4355,#4369,#5408,.T.);
#3449=EDGE_CURVE('',#4370,#4356,#5409,.T.);
#3450=EDGE_CURVE('',#4371,#4370,#5410,.T.);
#3451=EDGE_CURVE('',#4357,#4371,#5411,.T.);
#3452=EDGE_CURVE('',#4372,#4358,#5412,.T.);
#3453=EDGE_CURVE('',#4373,#4372,#5413,.T.);
#3454=EDGE_CURVE('',#4359,#4373,#5414,.T.);
#3455=EDGE_CURVE('',#4374,#4360,#5415,.T.);
#3456=EDGE_CURVE('',#4375,#4374,#5416,.T.);
#3457=EDGE_CURVE('',#4361,#4375,#5417,.T.);
#3458=EDGE_CURVE('',#4376,#4362,#5418,.T.);
#3459=EDGE_CURVE('',#4149,#4376,#5419,.T.);
#3460=EDGE_CURVE('',#4136,#4148,#5420,.T.);
#3461=EDGE_CURVE('',#4138,#4377,#5421,.T.);
#3462=EDGE_CURVE('',#4137,#4147,#5422,.T.);
#3463=EDGE_CURVE('',#4378,#4146,#5423,.T.);
#3464=EDGE_CURVE('',#4379,#4378,#5424,.T.);
#3465=EDGE_CURVE('',#4380,#4379,#5425,.T.);
#3466=EDGE_CURVE('',#4381,#4380,#5426,.T.);
#3467=EDGE_CURVE('',#4382,#4381,#5427,.T.);
#3468=EDGE_CURVE('',#4383,#4382,#5428,.T.);
#3469=EDGE_CURVE('',#4384,#4383,#5429,.T.);
#3470=EDGE_CURVE('',#4385,#4384,#5430,.T.);
#3471=EDGE_CURVE('',#4386,#4385,#5431,.T.);
#3472=EDGE_CURVE('',#4387,#4386,#5432,.T.);
#3473=EDGE_CURVE('',#4388,#4387,#5433,.T.);
#3474=EDGE_CURVE('',#4389,#4388,#5434,.T.);
#3475=EDGE_CURVE('',#4390,#4389,#5435,.T.);
#3476=EDGE_CURVE('',#4391,#4390,#5436,.T.);
#3477=EDGE_CURVE('',#4392,#4391,#5437,.T.);
#3478=EDGE_CURVE('',#4393,#4392,#5438,.T.);
#3479=EDGE_CURVE('',#4394,#4393,#5439,.T.);
#3480=EDGE_CURVE('',#4395,#4394,#5440,.T.);
#3481=EDGE_CURVE('',#4396,#4395,#5441,.T.);
#3482=EDGE_CURVE('',#4397,#4396,#5442,.T.);
#3483=EDGE_CURVE('',#4398,#4397,#5443,.T.);
#3484=EDGE_CURVE('',#4399,#4398,#5444,.T.);
#3485=EDGE_CURVE('',#4400,#4399,#5445,.T.);
#3486=EDGE_CURVE('',#4401,#4400,#5446,.T.);
#3487=EDGE_CURVE('',#4402,#4401,#5447,.T.);
#3488=EDGE_CURVE('',#4403,#4402,#5448,.T.);
#3489=EDGE_CURVE('',#4404,#4403,#5449,.T.);
#3490=EDGE_CURVE('',#4377,#4404,#5450,.T.);
#3491=EDGE_CURVE('',#4404,#4405,#46,.T.);
#3492=EDGE_CURVE('',#4406,#4403,#47,.T.);
#3493=EDGE_CURVE('',#4405,#4406,#5451,.T.);
#3494=EDGE_CURVE('',#4400,#4407,#48,.T.);
#3495=EDGE_CURVE('',#4408,#4399,#49,.T.);
#3496=EDGE_CURVE('',#4407,#4408,#5452,.T.);
#3497=EDGE_CURVE('',#4396,#4409,#50,.T.);
#3498=EDGE_CURVE('',#4410,#4395,#51,.T.);
#3499=EDGE_CURVE('',#4409,#4410,#5453,.T.);
#3500=EDGE_CURVE('',#4392,#4411,#52,.T.);
#3501=EDGE_CURVE('',#4412,#4391,#53,.T.);
#3502=EDGE_CURVE('',#4411,#4412,#5454,.T.);
#3503=EDGE_CURVE('',#4388,#4413,#54,.T.);
#3504=EDGE_CURVE('',#4414,#4387,#55,.T.);
#3505=EDGE_CURVE('',#4413,#4414,#5455,.T.);
#3506=EDGE_CURVE('',#4384,#4415,#56,.T.);
#3507=EDGE_CURVE('',#4416,#4383,#57,.T.);
#3508=EDGE_CURVE('',#4415,#4416,#5456,.T.);
#3509=EDGE_CURVE('',#4380,#4417,#58,.T.);
#3510=EDGE_CURVE('',#4418,#4379,#59,.T.);
#3511=EDGE_CURVE('',#4417,#4418,#5457,.T.);
#3512=EDGE_CURVE('',#4405,#4419,#5458,.T.);
#3513=EDGE_CURVE('',#4420,#4406,#5459,.T.);
#3514=EDGE_CURVE('',#4419,#4420,#5460,.T.);
#3515=EDGE_CURVE('',#4407,#4421,#5461,.T.);
#3516=EDGE_CURVE('',#4422,#4408,#5462,.T.);
#3517=EDGE_CURVE('',#4421,#4422,#5463,.T.);
#3518=EDGE_CURVE('',#4409,#4423,#5464,.T.);
#3519=EDGE_CURVE('',#4424,#4410,#5465,.T.);
#3520=EDGE_CURVE('',#4423,#4424,#5466,.T.);
#3521=EDGE_CURVE('',#4411,#4425,#5467,.T.);
#3522=EDGE_CURVE('',#4426,#4412,#5468,.T.);
#3523=EDGE_CURVE('',#4425,#4426,#5469,.T.);
#3524=EDGE_CURVE('',#4413,#4427,#5470,.T.);
#3525=EDGE_CURVE('',#4428,#4414,#5471,.T.);
#3526=EDGE_CURVE('',#4427,#4428,#5472,.T.);
#3527=EDGE_CURVE('',#4415,#4429,#5473,.T.);
#3528=EDGE_CURVE('',#4430,#4416,#5474,.T.);
#3529=EDGE_CURVE('',#4429,#4430,#5475,.T.);
#3530=EDGE_CURVE('',#4417,#4431,#5476,.T.);
#3531=EDGE_CURVE('',#4432,#4418,#5477,.T.);
#3532=EDGE_CURVE('',#4431,#4432,#5478,.T.);
#3533=EDGE_CURVE('',#4433,#4434,#5479,.T.);
#3534=EDGE_CURVE('',#4433,#4419,#60,.T.);
#3535=EDGE_CURVE('',#4420,#4434,#61,.T.);
#3536=EDGE_CURVE('',#4435,#4436,#5480,.T.);
#3537=EDGE_CURVE('',#4435,#4421,#62,.T.);
#3538=EDGE_CURVE('',#4422,#4436,#63,.T.);
#3539=EDGE_CURVE('',#4437,#4438,#5481,.T.);
#3540=EDGE_CURVE('',#4437,#4423,#64,.T.);
#3541=EDGE_CURVE('',#4424,#4438,#65,.T.);
#3542=EDGE_CURVE('',#4439,#4440,#5482,.T.);
#3543=EDGE_CURVE('',#4439,#4425,#66,.T.);
#3544=EDGE_CURVE('',#4426,#4440,#67,.T.);
#3545=EDGE_CURVE('',#4441,#4442,#5483,.T.);
#3546=EDGE_CURVE('',#4441,#4427,#68,.T.);
#3547=EDGE_CURVE('',#4428,#4442,#69,.T.);
#3548=EDGE_CURVE('',#4443,#4444,#5484,.T.);
#3549=EDGE_CURVE('',#4443,#4429,#70,.T.);
#3550=EDGE_CURVE('',#4430,#4444,#71,.T.);
#3551=EDGE_CURVE('',#4445,#4446,#5485,.T.);
#3552=EDGE_CURVE('',#4445,#4431,#72,.T.);
#3553=EDGE_CURVE('',#4432,#4446,#73,.T.);
#3554=EDGE_CURVE('',#4433,#4447,#5486,.T.);
#3555=EDGE_CURVE('',#4448,#4434,#5487,.T.);
#3556=EDGE_CURVE('',#4447,#4448,#5488,.T.);
#3557=EDGE_CURVE('',#4435,#4449,#5489,.T.);
#3558=EDGE_CURVE('',#4450,#4436,#5490,.T.);
#3559=EDGE_CURVE('',#4449,#4450,#5491,.T.);
#3560=EDGE_CURVE('',#4437,#4451,#5492,.T.);
#3561=EDGE_CURVE('',#4452,#4438,#5493,.T.);
#3562=EDGE_CURVE('',#4451,#4452,#5494,.T.);
#3563=EDGE_CURVE('',#4439,#4453,#5495,.T.);
#3564=EDGE_CURVE('',#4454,#4440,#5496,.T.);
#3565=EDGE_CURVE('',#4453,#4454,#5497,.T.);
#3566=EDGE_CURVE('',#4441,#4455,#5498,.T.);
#3567=EDGE_CURVE('',#4456,#4442,#5499,.T.);
#3568=EDGE_CURVE('',#4455,#4456,#5500,.T.);
#3569=EDGE_CURVE('',#4443,#4457,#5501,.T.);
#3570=EDGE_CURVE('',#4458,#4444,#5502,.T.);
#3571=EDGE_CURVE('',#4457,#4458,#5503,.T.);
#3572=EDGE_CURVE('',#4445,#4459,#5504,.T.);
#3573=EDGE_CURVE('',#4460,#4446,#5505,.T.);
#3574=EDGE_CURVE('',#4459,#4460,#5506,.T.);
#3575=EDGE_CURVE('',#4447,#4461,#5507,.T.);
#3576=EDGE_CURVE('',#4448,#4462,#5508,.T.);
#3577=EDGE_CURVE('',#4461,#4462,#5509,.T.);
#3578=EDGE_CURVE('',#4449,#4463,#5510,.T.);
#3579=EDGE_CURVE('',#4450,#4464,#5511,.T.);
#3580=EDGE_CURVE('',#4463,#4464,#5512,.T.);
#3581=EDGE_CURVE('',#4451,#4465,#5513,.T.);
#3582=EDGE_CURVE('',#4452,#4466,#5514,.T.);
#3583=EDGE_CURVE('',#4465,#4466,#5515,.T.);
#3584=EDGE_CURVE('',#4453,#4467,#5516,.T.);
#3585=EDGE_CURVE('',#4454,#4468,#5517,.T.);
#3586=EDGE_CURVE('',#4467,#4468,#5518,.T.);
#3587=EDGE_CURVE('',#4455,#4469,#5519,.T.);
#3588=EDGE_CURVE('',#4456,#4470,#5520,.T.);
#3589=EDGE_CURVE('',#4469,#4470,#5521,.T.);
#3590=EDGE_CURVE('',#4457,#4471,#5522,.T.);
#3591=EDGE_CURVE('',#4458,#4472,#5523,.T.);
#3592=EDGE_CURVE('',#4471,#4472,#5524,.T.);
#3593=EDGE_CURVE('',#4459,#4473,#5525,.T.);
#3594=EDGE_CURVE('',#4460,#4474,#5526,.T.);
#3595=EDGE_CURVE('',#4473,#4474,#5527,.T.);
#3596=EDGE_CURVE('',#4461,#4475,#5528,.T.);
#3597=EDGE_CURVE('',#4476,#4462,#5529,.T.);
#3598=EDGE_CURVE('',#4475,#4476,#5530,.T.);
#3599=EDGE_CURVE('',#4463,#4477,#5531,.T.);
#3600=EDGE_CURVE('',#4478,#4464,#5532,.T.);
#3601=EDGE_CURVE('',#4477,#4478,#5533,.T.);
#3602=EDGE_CURVE('',#4465,#4479,#5534,.T.);
#3603=EDGE_CURVE('',#4480,#4466,#5535,.T.);
#3604=EDGE_CURVE('',#4479,#4480,#5536,.T.);
#3605=EDGE_CURVE('',#4467,#4481,#5537,.T.);
#3606=EDGE_CURVE('',#4482,#4468,#5538,.T.);
#3607=EDGE_CURVE('',#4481,#4482,#5539,.T.);
#3608=EDGE_CURVE('',#4469,#4483,#5540,.T.);
#3609=EDGE_CURVE('',#4484,#4470,#5541,.T.);
#3610=EDGE_CURVE('',#4483,#4484,#5542,.T.);
#3611=EDGE_CURVE('',#4471,#4485,#5543,.T.);
#3612=EDGE_CURVE('',#4486,#4472,#5544,.T.);
#3613=EDGE_CURVE('',#4485,#4486,#5545,.T.);
#3614=EDGE_CURVE('',#4473,#4487,#5546,.T.);
#3615=EDGE_CURVE('',#4488,#4474,#5547,.T.);
#3616=EDGE_CURVE('',#4487,#4488,#5548,.T.);
#3617=EDGE_CURVE('',#4475,#4489,#74,.T.);
#3618=EDGE_CURVE('',#4490,#4476,#75,.T.);
#3619=EDGE_CURVE('',#4489,#4490,#5549,.T.);
#3620=EDGE_CURVE('',#4477,#4491,#76,.T.);
#3621=EDGE_CURVE('',#4492,#4478,#77,.T.);
#3622=EDGE_CURVE('',#4491,#4492,#5550,.T.);
#3623=EDGE_CURVE('',#4479,#4493,#78,.T.);
#3624=EDGE_CURVE('',#4494,#4480,#79,.T.);
#3625=EDGE_CURVE('',#4493,#4494,#5551,.T.);
#3626=EDGE_CURVE('',#4481,#4495,#80,.T.);
#3627=EDGE_CURVE('',#4496,#4482,#81,.T.);
#3628=EDGE_CURVE('',#4495,#4496,#5552,.T.);
#3629=EDGE_CURVE('',#4483,#4497,#82,.T.);
#3630=EDGE_CURVE('',#4498,#4484,#83,.T.);
#3631=EDGE_CURVE('',#4497,#4498,#5553,.T.);
#3632=EDGE_CURVE('',#4485,#4499,#84,.T.);
#3633=EDGE_CURVE('',#4500,#4486,#85,.T.);
#3634=EDGE_CURVE('',#4499,#4500,#5554,.T.);
#3635=EDGE_CURVE('',#4487,#4501,#86,.T.);
#3636=EDGE_CURVE('',#4502,#4488,#87,.T.);
#3637=EDGE_CURVE('',#4501,#4502,#5555,.T.);
#3638=EDGE_CURVE('',#4489,#4503,#5556,.T.);
#3639=EDGE_CURVE('',#4504,#4490,#5557,.T.);
#3640=EDGE_CURVE('',#4503,#4504,#5558,.T.);
#3641=EDGE_CURVE('',#4491,#4505,#5559,.T.);
#3642=EDGE_CURVE('',#4506,#4492,#5560,.T.);
#3643=EDGE_CURVE('',#4505,#4506,#5561,.T.);
#3644=EDGE_CURVE('',#4493,#4507,#5562,.T.);
#3645=EDGE_CURVE('',#4508,#4494,#5563,.T.);
#3646=EDGE_CURVE('',#4507,#4508,#5564,.T.);
#3647=EDGE_CURVE('',#4495,#4509,#5565,.T.);
#3648=EDGE_CURVE('',#4510,#4496,#5566,.T.);
#3649=EDGE_CURVE('',#4509,#4510,#5567,.T.);
#3650=EDGE_CURVE('',#4497,#4511,#5568,.T.);
#3651=EDGE_CURVE('',#4512,#4498,#5569,.T.);
#3652=EDGE_CURVE('',#4511,#4512,#5570,.T.);
#3653=EDGE_CURVE('',#4499,#4513,#5571,.T.);
#3654=EDGE_CURVE('',#4514,#4500,#5572,.T.);
#3655=EDGE_CURVE('',#4513,#4514,#5573,.T.);
#3656=EDGE_CURVE('',#4501,#4515,#5574,.T.);
#3657=EDGE_CURVE('',#4516,#4502,#5575,.T.);
#3658=EDGE_CURVE('',#4515,#4516,#5576,.T.);
#3659=EDGE_CURVE('',#4517,#4518,#5577,.T.);
#3660=EDGE_CURVE('',#4517,#4503,#88,.T.);
#3661=EDGE_CURVE('',#4504,#4518,#89,.T.);
#3662=EDGE_CURVE('',#4519,#4520,#5578,.T.);
#3663=EDGE_CURVE('',#4519,#4505,#90,.T.);
#3664=EDGE_CURVE('',#4506,#4520,#91,.T.);
#3665=EDGE_CURVE('',#4521,#4522,#5579,.T.);
#3666=EDGE_CURVE('',#4521,#4507,#92,.T.);
#3667=EDGE_CURVE('',#4508,#4522,#93,.T.);
#3668=EDGE_CURVE('',#4523,#4524,#5580,.T.);
#3669=EDGE_CURVE('',#4523,#4509,#94,.T.);
#3670=EDGE_CURVE('',#4510,#4524,#95,.T.);
#3671=EDGE_CURVE('',#4525,#4526,#5581,.T.);
#3672=EDGE_CURVE('',#4525,#4511,#96,.T.);
#3673=EDGE_CURVE('',#4512,#4526,#97,.T.);
#3674=EDGE_CURVE('',#4527,#4528,#5582,.T.);
#3675=EDGE_CURVE('',#4527,#4513,#98,.T.);
#3676=EDGE_CURVE('',#4514,#4528,#99,.T.);
#3677=EDGE_CURVE('',#4529,#4530,#5583,.T.);
#3678=EDGE_CURVE('',#4529,#4515,#100,.T.);
#3679=EDGE_CURVE('',#4516,#4530,#101,.T.);
#3680=EDGE_CURVE('',#4531,#4139,#5584,.T.);
#3681=EDGE_CURVE('',#4517,#4531,#5585,.T.);
#3682=EDGE_CURVE('',#4532,#4518,#5586,.T.);
#3683=EDGE_CURVE('',#4533,#4532,#5587,.T.);
#3684=EDGE_CURVE('',#4519,#4533,#5588,.T.);
#3685=EDGE_CURVE('',#4534,#4520,#5589,.T.);
#3686=EDGE_CURVE('',#4535,#4534,#5590,.T.);
#3687=EDGE_CURVE('',#4521,#4535,#5591,.T.);
#3688=EDGE_CURVE('',#4536,#4522,#5592,.T.);
#3689=EDGE_CURVE('',#4537,#4536,#5593,.T.);
#3690=EDGE_CURVE('',#4523,#4537,#5594,.T.);
#3691=EDGE_CURVE('',#4538,#4524,#5595,.T.);
#3692=EDGE_CURVE('',#4539,#4538,#5596,.T.);
#3693=EDGE_CURVE('',#4525,#4539,#5597,.T.);
#3694=EDGE_CURVE('',#4540,#4526,#5598,.T.);
#3695=EDGE_CURVE('',#4541,#4540,#5599,.T.);
#3696=EDGE_CURVE('',#4527,#4541,#5600,.T.);
#3697=EDGE_CURVE('',#4542,#4528,#5601,.T.);
#3698=EDGE_CURVE('',#4543,#4542,#5602,.T.);
#3699=EDGE_CURVE('',#4529,#4543,#5603,.T.);
#3700=EDGE_CURVE('',#4544,#4530,#5604,.T.);
#3701=EDGE_CURVE('',#4145,#4544,#5605,.T.);
#3702=EDGE_CURVE('',#4140,#4144,#5606,.T.);
#3703=EDGE_CURVE('',#4134,#4545,#5607,.T.);
#3704=EDGE_CURVE('',#4133,#4151,#5608,.T.);
#3705=EDGE_CURVE('',#4546,#4150,#5609,.T.);
#3706=EDGE_CURVE('',#4547,#4546,#5610,.T.);
#3707=EDGE_CURVE('',#4548,#4547,#5611,.T.);
#3708=EDGE_CURVE('',#4549,#4548,#5612,.T.);
#3709=EDGE_CURVE('',#4550,#4549,#5613,.T.);
#3710=EDGE_CURVE('',#4551,#4550,#5614,.T.);
#3711=EDGE_CURVE('',#4552,#4551,#5615,.T.);
#3712=EDGE_CURVE('',#4553,#4552,#5616,.T.);
#3713=EDGE_CURVE('',#4554,#4553,#5617,.T.);
#3714=EDGE_CURVE('',#4555,#4554,#5618,.T.);
#3715=EDGE_CURVE('',#4556,#4555,#5619,.T.);
#3716=EDGE_CURVE('',#4557,#4556,#5620,.T.);
#3717=EDGE_CURVE('',#4558,#4557,#5621,.T.);
#3718=EDGE_CURVE('',#4559,#4558,#5622,.T.);
#3719=EDGE_CURVE('',#4560,#4559,#5623,.T.);
#3720=EDGE_CURVE('',#4561,#4560,#5624,.T.);
#3721=EDGE_CURVE('',#4562,#4561,#5625,.T.);
#3722=EDGE_CURVE('',#4563,#4562,#5626,.T.);
#3723=EDGE_CURVE('',#4564,#4563,#5627,.T.);
#3724=EDGE_CURVE('',#4565,#4564,#5628,.T.);
#3725=EDGE_CURVE('',#4566,#4565,#5629,.T.);
#3726=EDGE_CURVE('',#4567,#4566,#5630,.T.);
#3727=EDGE_CURVE('',#4568,#4567,#5631,.T.);
#3728=EDGE_CURVE('',#4569,#4568,#5632,.T.);
#3729=EDGE_CURVE('',#4570,#4569,#5633,.T.);
#3730=EDGE_CURVE('',#4571,#4570,#5634,.T.);
#3731=EDGE_CURVE('',#4572,#4571,#5635,.T.);
#3732=EDGE_CURVE('',#4545,#4572,#5636,.T.);
#3733=EDGE_CURVE('',#4573,#4574,#5637,.T.);
#3734=EDGE_CURVE('',#4573,#4572,#102,.T.);
#3735=EDGE_CURVE('',#4571,#4574,#103,.T.);
#3736=EDGE_CURVE('',#4575,#4576,#5638,.T.);
#3737=EDGE_CURVE('',#4575,#4568,#104,.T.);
#3738=EDGE_CURVE('',#4567,#4576,#105,.T.);
#3739=EDGE_CURVE('',#4577,#4578,#5639,.T.);
#3740=EDGE_CURVE('',#4577,#4564,#106,.T.);
#3741=EDGE_CURVE('',#4563,#4578,#107,.T.);
#3742=EDGE_CURVE('',#4579,#4580,#5640,.T.);
#3743=EDGE_CURVE('',#4579,#4560,#108,.T.);
#3744=EDGE_CURVE('',#4559,#4580,#109,.T.);
#3745=EDGE_CURVE('',#4581,#4582,#5641,.T.);
#3746=EDGE_CURVE('',#4581,#4556,#110,.T.);
#3747=EDGE_CURVE('',#4555,#4582,#111,.T.);
#3748=EDGE_CURVE('',#4583,#4584,#5642,.T.);
#3749=EDGE_CURVE('',#4583,#4552,#112,.T.);
#3750=EDGE_CURVE('',#4551,#4584,#113,.T.);
#3751=EDGE_CURVE('',#4585,#4586,#5643,.T.);
#3752=EDGE_CURVE('',#4585,#4548,#114,.T.);
#3753=EDGE_CURVE('',#4547,#4586,#115,.T.);
#3754=EDGE_CURVE('',#4573,#4587,#5644,.T.);
#3755=EDGE_CURVE('',#4588,#4574,#5645,.T.);
#3756=EDGE_CURVE('',#4587,#4588,#5646,.T.);
#3757=EDGE_CURVE('',#4575,#4589,#5647,.T.);
#3758=EDGE_CURVE('',#4590,#4576,#5648,.T.);
#3759=EDGE_CURVE('',#4589,#4590,#5649,.T.);
#3760=EDGE_CURVE('',#4577,#4591,#5650,.T.);
#3761=EDGE_CURVE('',#4592,#4578,#5651,.T.);
#3762=EDGE_CURVE('',#4591,#4592,#5652,.T.);
#3763=EDGE_CURVE('',#4579,#4593,#5653,.T.);
#3764=EDGE_CURVE('',#4594,#4580,#5654,.T.);
#3765=EDGE_CURVE('',#4593,#4594,#5655,.T.);
#3766=EDGE_CURVE('',#4581,#4595,#5656,.T.);
#3767=EDGE_CURVE('',#4596,#4582,#5657,.T.);
#3768=EDGE_CURVE('',#4595,#4596,#5658,.T.);
#3769=EDGE_CURVE('',#4583,#4597,#5659,.T.);
#3770=EDGE_CURVE('',#4598,#4584,#5660,.T.);
#3771=EDGE_CURVE('',#4597,#4598,#5661,.T.);
#3772=EDGE_CURVE('',#4585,#4599,#5662,.T.);
#3773=EDGE_CURVE('',#4600,#4586,#5663,.T.);
#3774=EDGE_CURVE('',#4599,#4600,#5664,.T.);
#3775=EDGE_CURVE('',#4587,#4265,#116,.T.);
#3776=EDGE_CURVE('',#4267,#4588,#117,.T.);
#3777=EDGE_CURVE('',#4589,#4269,#118,.T.);
#3778=EDGE_CURVE('',#4271,#4590,#119,.T.);
#3779=EDGE_CURVE('',#4591,#4273,#120,.T.);
#3780=EDGE_CURVE('',#4275,#4592,#121,.T.);
#3781=EDGE_CURVE('',#4593,#4277,#122,.T.);
#3782=EDGE_CURVE('',#4279,#4594,#123,.T.);
#3783=EDGE_CURVE('',#4595,#4281,#124,.T.);
#3784=EDGE_CURVE('',#4283,#4596,#125,.T.);
#3785=EDGE_CURVE('',#4597,#4285,#126,.T.);
#3786=EDGE_CURVE('',#4287,#4598,#127,.T.);
#3787=EDGE_CURVE('',#4599,#4289,#128,.T.);
#3788=EDGE_CURVE('',#4291,#4600,#129,.T.);
#3789=EDGE_CURVE('',#4378,#4544,#5665,.T.);
#3790=EDGE_CURVE('',#4546,#4376,#5666,.T.);
#3791=EDGE_CURVE('',#4377,#4531,#5667,.T.);
#3792=EDGE_CURVE('',#4545,#4363,#5668,.T.);
#3793=EDGE_CURVE('',#4550,#4374,#5669,.T.);
#3794=EDGE_CURVE('',#4549,#4375,#5670,.T.);
#3795=EDGE_CURVE('',#4554,#4372,#5671,.T.);
#3796=EDGE_CURVE('',#4553,#4373,#5672,.T.);
#3797=EDGE_CURVE('',#4558,#4370,#5673,.T.);
#3798=EDGE_CURVE('',#4557,#4371,#5674,.T.);
#3799=EDGE_CURVE('',#4562,#4368,#5675,.T.);
#3800=EDGE_CURVE('',#4561,#4369,#5676,.T.);
#3801=EDGE_CURVE('',#4566,#4366,#5677,.T.);
#3802=EDGE_CURVE('',#4565,#4367,#5678,.T.);
#3803=EDGE_CURVE('',#4570,#4364,#5679,.T.);
#3804=EDGE_CURVE('',#4569,#4365,#5680,.T.);
#3805=EDGE_CURVE('',#4381,#4543,#5681,.T.);
#3806=EDGE_CURVE('',#4382,#4542,#5682,.T.);
#3807=EDGE_CURVE('',#4385,#4541,#5683,.T.);
#3808=EDGE_CURVE('',#4386,#4540,#5684,.T.);
#3809=EDGE_CURVE('',#4389,#4539,#5685,.T.);
#3810=EDGE_CURVE('',#4390,#4538,#5686,.T.);
#3811=EDGE_CURVE('',#4393,#4537,#5687,.T.);
#3812=EDGE_CURVE('',#4394,#4536,#5688,.T.);
#3813=EDGE_CURVE('',#4397,#4535,#5689,.T.);
#3814=EDGE_CURVE('',#4398,#4534,#5690,.T.);
#3815=EDGE_CURVE('',#4401,#4533,#5691,.T.);
#3816=EDGE_CURVE('',#4402,#4532,#5692,.T.);
#3817=VERTEX_POINT('',#11359);
#3818=VERTEX_POINT('',#11360);
#3819=VERTEX_POINT('',#11362);
#3820=VERTEX_POINT('',#11364);
#3821=VERTEX_POINT('',#11367);
#3822=VERTEX_POINT('',#11368);
#3823=VERTEX_POINT('',#11370);
#3824=VERTEX_POINT('',#11372);
#3825=VERTEX_POINT('',#11375);
#3826=VERTEX_POINT('',#11376);
#3827=VERTEX_POINT('',#11378);
#3828=VERTEX_POINT('',#11380);
#3829=VERTEX_POINT('',#11383);
#3830=VERTEX_POINT('',#11384);
#3831=VERTEX_POINT('',#11386);
#3832=VERTEX_POINT('',#11388);
#3833=VERTEX_POINT('',#11391);
#3834=VERTEX_POINT('',#11392);
#3835=VERTEX_POINT('',#11394);
#3836=VERTEX_POINT('',#11396);
#3837=VERTEX_POINT('',#11399);
#3838=VERTEX_POINT('',#11400);
#3839=VERTEX_POINT('',#11402);
#3840=VERTEX_POINT('',#11404);
#3841=VERTEX_POINT('',#11407);
#3842=VERTEX_POINT('',#11408);
#3843=VERTEX_POINT('',#11410);
#3844=VERTEX_POINT('',#11412);
#3845=VERTEX_POINT('',#11415);
#3846=VERTEX_POINT('',#11416);
#3847=VERTEX_POINT('',#11418);
#3848=VERTEX_POINT('',#11420);
#3849=VERTEX_POINT('',#11423);
#3850=VERTEX_POINT('',#11424);
#3851=VERTEX_POINT('',#11426);
#3852=VERTEX_POINT('',#11428);
#3853=VERTEX_POINT('',#11431);
#3854=VERTEX_POINT('',#11432);
#3855=VERTEX_POINT('',#11434);
#3856=VERTEX_POINT('',#11436);
#3857=VERTEX_POINT('',#11439);
#3858=VERTEX_POINT('',#11440);
#3859=VERTEX_POINT('',#11442);
#3860=VERTEX_POINT('',#11444);
#3861=VERTEX_POINT('',#11447);
#3862=VERTEX_POINT('',#11448);
#3863=VERTEX_POINT('',#11450);
#3864=VERTEX_POINT('',#11452);
#3865=VERTEX_POINT('',#11455);
#3866=VERTEX_POINT('',#11456);
#3867=VERTEX_POINT('',#11458);
#3868=VERTEX_POINT('',#11460);
#3869=VERTEX_POINT('',#11463);
#3870=VERTEX_POINT('',#11464);
#3871=VERTEX_POINT('',#11466);
#3872=VERTEX_POINT('',#11468);
#3873=VERTEX_POINT('',#11471);
#3874=VERTEX_POINT('',#11472);
#3875=VERTEX_POINT('',#11474);
#3876=VERTEX_POINT('',#11476);
#3877=VERTEX_POINT('',#11480);
#3878=VERTEX_POINT('',#11481);
#3879=VERTEX_POINT('',#11486);
#3880=VERTEX_POINT('',#11490);
#3881=VERTEX_POINT('',#11496);
#3882=VERTEX_POINT('',#11497);
#3883=VERTEX_POINT('',#11499);
#3884=VERTEX_POINT('',#11501);
#3885=VERTEX_POINT('',#11504);
#3886=VERTEX_POINT('',#11505);
#3887=VERTEX_POINT('',#11507);
#3888=VERTEX_POINT('',#11509);
#3889=VERTEX_POINT('',#11512);
#3890=VERTEX_POINT('',#11513);
#3891=VERTEX_POINT('',#11515);
#3892=VERTEX_POINT('',#11517);
#3893=VERTEX_POINT('',#11520);
#3894=VERTEX_POINT('',#11521);
#3895=VERTEX_POINT('',#11523);
#3896=VERTEX_POINT('',#11525);
#3897=VERTEX_POINT('',#11528);
#3898=VERTEX_POINT('',#11529);
#3899=VERTEX_POINT('',#11531);
#3900=VERTEX_POINT('',#11533);
#3901=VERTEX_POINT('',#11536);
#3902=VERTEX_POINT('',#11537);
#3903=VERTEX_POINT('',#11539);
#3904=VERTEX_POINT('',#11541);
#3905=VERTEX_POINT('',#11544);
#3906=VERTEX_POINT('',#11545);
#3907=VERTEX_POINT('',#11547);
#3908=VERTEX_POINT('',#11549);
#3909=VERTEX_POINT('',#11552);
#3910=VERTEX_POINT('',#11553);
#3911=VERTEX_POINT('',#11555);
#3912=VERTEX_POINT('',#11557);
#3913=VERTEX_POINT('',#11560);
#3914=VERTEX_POINT('',#11561);
#3915=VERTEX_POINT('',#11563);
#3916=VERTEX_POINT('',#11565);
#3917=VERTEX_POINT('',#11568);
#3918=VERTEX_POINT('',#11569);
#3919=VERTEX_POINT('',#11571);
#3920=VERTEX_POINT('',#11573);
#3921=VERTEX_POINT('',#11576);
#3922=VERTEX_POINT('',#11577);
#3923=VERTEX_POINT('',#11579);
#3924=VERTEX_POINT('',#11581);
#3925=VERTEX_POINT('',#11584);
#3926=VERTEX_POINT('',#11585);
#3927=VERTEX_POINT('',#11587);
#3928=VERTEX_POINT('',#11589);
#3929=VERTEX_POINT('',#11592);
#3930=VERTEX_POINT('',#11593);
#3931=VERTEX_POINT('',#11595);
#3932=VERTEX_POINT('',#11597);
#3933=VERTEX_POINT('',#11600);
#3934=VERTEX_POINT('',#11601);
#3935=VERTEX_POINT('',#11603);
#3936=VERTEX_POINT('',#11605);
#3937=VERTEX_POINT('',#11609);
#3938=VERTEX_POINT('',#11610);
#3939=VERTEX_POINT('',#11615);
#3940=VERTEX_POINT('',#11619);
#3941=VERTEX_POINT('',#11625);
#3942=VERTEX_POINT('',#11626);
#3943=VERTEX_POINT('',#11631);
#3944=VERTEX_POINT('',#11635);
#3945=VERTEX_POINT('',#11641);
#3946=VERTEX_POINT('',#11642);
#3947=VERTEX_POINT('',#11647);
#3948=VERTEX_POINT('',#11651);
#3949=VERTEX_POINT('',#11657);
#3950=VERTEX_POINT('',#11658);
#3951=VERTEX_POINT('',#11663);
#3952=VERTEX_POINT('',#11667);
#3953=VERTEX_POINT('',#11673);
#3954=VERTEX_POINT('',#11674);
#3955=VERTEX_POINT('',#11679);
#3956=VERTEX_POINT('',#11683);
#3957=VERTEX_POINT('',#11689);
#3958=VERTEX_POINT('',#11690);
#3959=VERTEX_POINT('',#11695);
#3960=VERTEX_POINT('',#11699);
#3961=VERTEX_POINT('',#11705);
#3962=VERTEX_POINT('',#11706);
#3963=VERTEX_POINT('',#11711);
#3964=VERTEX_POINT('',#11715);
#3965=VERTEX_POINT('',#11721);
#3966=VERTEX_POINT('',#11722);
#3967=VERTEX_POINT('',#11727);
#3968=VERTEX_POINT('',#11731);
#3969=VERTEX_POINT('',#11737);
#3970=VERTEX_POINT('',#11738);
#3971=VERTEX_POINT('',#11743);
#3972=VERTEX_POINT('',#11747);
#3973=VERTEX_POINT('',#11753);
#3974=VERTEX_POINT('',#11754);
#3975=VERTEX_POINT('',#11759);
#3976=VERTEX_POINT('',#11763);
#3977=VERTEX_POINT('',#11769);
#3978=VERTEX_POINT('',#11770);
#3979=VERTEX_POINT('',#11775);
#3980=VERTEX_POINT('',#11779);
#3981=VERTEX_POINT('',#11785);
#3982=VERTEX_POINT('',#11786);
#3983=VERTEX_POINT('',#11791);
#3984=VERTEX_POINT('',#11795);
#3985=VERTEX_POINT('',#11801);
#3986=VERTEX_POINT('',#11802);
#3987=VERTEX_POINT('',#11807);
#3988=VERTEX_POINT('',#11811);
#3989=VERTEX_POINT('',#11817);
#3990=VERTEX_POINT('',#11818);
#3991=VERTEX_POINT('',#11823);
#3992=VERTEX_POINT('',#11827);
#3993=VERTEX_POINT('',#11946);
#3994=VERTEX_POINT('',#11947);
#3995=VERTEX_POINT('',#11949);
#3996=VERTEX_POINT('',#11951);
#3997=VERTEX_POINT('',#11955);
#3998=VERTEX_POINT('',#11956);
#3999=VERTEX_POINT('',#11958);
#4000=VERTEX_POINT('',#11960);
#4001=VERTEX_POINT('',#11964);
#4002=VERTEX_POINT('',#11965);
#4003=VERTEX_POINT('',#11967);
#4004=VERTEX_POINT('',#11969);
#4005=VERTEX_POINT('',#11973);
#4006=VERTEX_POINT('',#11974);
#4007=VERTEX_POINT('',#11976);
#4008=VERTEX_POINT('',#11978);
#4009=VERTEX_POINT('',#11985);
#4010=VERTEX_POINT('',#11987);
#4011=VERTEX_POINT('',#11989);
#4012=VERTEX_POINT('',#11991);
#4013=VERTEX_POINT('',#11996);
#4014=VERTEX_POINT('',#11998);
#4015=VERTEX_POINT('',#12000);
#4016=VERTEX_POINT('',#12002);
#4017=VERTEX_POINT('',#12008);
#4018=VERTEX_POINT('',#12009);
#4019=VERTEX_POINT('',#12011);
#4020=VERTEX_POINT('',#12013);
#4021=VERTEX_POINT('',#12016);
#4022=VERTEX_POINT('',#12017);
#4023=VERTEX_POINT('',#12019);
#4024=VERTEX_POINT('',#12021);
#4025=VERTEX_POINT('',#12024);
#4026=VERTEX_POINT('',#12025);
#4027=VERTEX_POINT('',#12027);
#4028=VERTEX_POINT('',#12029);
#4029=VERTEX_POINT('',#12032);
#4030=VERTEX_POINT('',#12033);
#4031=VERTEX_POINT('',#12035);
#4032=VERTEX_POINT('',#12037);
#4033=VERTEX_POINT('',#12040);
#4034=VERTEX_POINT('',#12041);
#4035=VERTEX_POINT('',#12043);
#4036=VERTEX_POINT('',#12045);
#4037=VERTEX_POINT('',#12048);
#4038=VERTEX_POINT('',#12049);
#4039=VERTEX_POINT('',#12051);
#4040=VERTEX_POINT('',#12053);
#4041=VERTEX_POINT('',#12056);
#4042=VERTEX_POINT('',#12057);
#4043=VERTEX_POINT('',#12059);
#4044=VERTEX_POINT('',#12061);
#4045=VERTEX_POINT('',#12064);
#4046=VERTEX_POINT('',#12065);
#4047=VERTEX_POINT('',#12067);
#4048=VERTEX_POINT('',#12069);
#4049=VERTEX_POINT('',#12072);
#4050=VERTEX_POINT('',#12073);
#4051=VERTEX_POINT('',#12075);
#4052=VERTEX_POINT('',#12077);
#4053=VERTEX_POINT('',#12080);
#4054=VERTEX_POINT('',#12081);
#4055=VERTEX_POINT('',#12083);
#4056=VERTEX_POINT('',#12085);
#4057=VERTEX_POINT('',#12088);
#4058=VERTEX_POINT('',#12089);
#4059=VERTEX_POINT('',#12091);
#4060=VERTEX_POINT('',#12093);
#4061=VERTEX_POINT('',#12096);
#4062=VERTEX_POINT('',#12097);
#4063=VERTEX_POINT('',#12099);
#4064=VERTEX_POINT('',#12101);
#4065=VERTEX_POINT('',#12104);
#4066=VERTEX_POINT('',#12105);
#4067=VERTEX_POINT('',#12107);
#4068=VERTEX_POINT('',#12109);
#4069=VERTEX_POINT('',#12112);
#4070=VERTEX_POINT('',#12113);
#4071=VERTEX_POINT('',#12115);
#4072=VERTEX_POINT('',#12117);
#4073=VERTEX_POINT('',#12125);
#4074=VERTEX_POINT('',#12126);
#4075=VERTEX_POINT('',#12128);
#4076=VERTEX_POINT('',#12130);
#4077=VERTEX_POINT('',#12133);
#4078=VERTEX_POINT('',#12134);
#4079=VERTEX_POINT('',#12136);
#4080=VERTEX_POINT('',#12138);
#4081=VERTEX_POINT('',#12141);
#4082=VERTEX_POINT('',#12142);
#4083=VERTEX_POINT('',#12144);
#4084=VERTEX_POINT('',#12146);
#4085=VERTEX_POINT('',#12149);
#4086=VERTEX_POINT('',#12150);
#4087=VERTEX_POINT('',#12152);
#4088=VERTEX_POINT('',#12154);
#4089=VERTEX_POINT('',#12157);
#4090=VERTEX_POINT('',#12158);
#4091=VERTEX_POINT('',#12160);
#4092=VERTEX_POINT('',#12162);
#4093=VERTEX_POINT('',#12165);
#4094=VERTEX_POINT('',#12166);
#4095=VERTEX_POINT('',#12168);
#4096=VERTEX_POINT('',#12170);
#4097=VERTEX_POINT('',#12173);
#4098=VERTEX_POINT('',#12174);
#4099=VERTEX_POINT('',#12176);
#4100=VERTEX_POINT('',#12178);
#4101=VERTEX_POINT('',#12181);
#4102=VERTEX_POINT('',#12182);
#4103=VERTEX_POINT('',#12184);
#4104=VERTEX_POINT('',#12186);
#4105=VERTEX_POINT('',#12189);
#4106=VERTEX_POINT('',#12190);
#4107=VERTEX_POINT('',#12192);
#4108=VERTEX_POINT('',#12194);
#4109=VERTEX_POINT('',#12197);
#4110=VERTEX_POINT('',#12198);
#4111=VERTEX_POINT('',#12200);
#4112=VERTEX_POINT('',#12202);
#4113=VERTEX_POINT('',#12205);
#4114=VERTEX_POINT('',#12206);
#4115=VERTEX_POINT('',#12208);
#4116=VERTEX_POINT('',#12210);
#4117=VERTEX_POINT('',#12213);
#4118=VERTEX_POINT('',#12214);
#4119=VERTEX_POINT('',#12216);
#4120=VERTEX_POINT('',#12218);
#4121=VERTEX_POINT('',#12221);
#4122=VERTEX_POINT('',#12222);
#4123=VERTEX_POINT('',#12224);
#4124=VERTEX_POINT('',#12226);
#4125=VERTEX_POINT('',#12229);
#4126=VERTEX_POINT('',#12230);
#4127=VERTEX_POINT('',#12232);
#4128=VERTEX_POINT('',#12234);
#4129=VERTEX_POINT('',#12357);
#4130=VERTEX_POINT('',#12358);
#4131=VERTEX_POINT('',#12360);
#4132=VERTEX_POINT('',#12362);
#4133=VERTEX_POINT('',#12364);
#4134=VERTEX_POINT('',#12366);
#4135=VERTEX_POINT('',#12368);
#4136=VERTEX_POINT('',#12370);
#4137=VERTEX_POINT('',#12372);
#4138=VERTEX_POINT('',#12374);
#4139=VERTEX_POINT('',#12376);
#4140=VERTEX_POINT('',#12378);
#4141=VERTEX_POINT('',#12382);
#4142=VERTEX_POINT('',#12383);
#4143=VERTEX_POINT('',#12385);
#4144=VERTEX_POINT('',#12387);
#4145=VERTEX_POINT('',#12389);
#4146=VERTEX_POINT('',#12391);
#4147=VERTEX_POINT('',#12393);
#4148=VERTEX_POINT('',#12395);
#4149=VERTEX_POINT('',#12397);
#4150=VERTEX_POINT('',#12399);
#4151=VERTEX_POINT('',#12401);
#4152=VERTEX_POINT('',#12403);
#4153=VERTEX_POINT('',#12413);
#4154=VERTEX_POINT('',#12414);
#4155=VERTEX_POINT('',#12416);
#4156=VERTEX_POINT('',#12418);
#4157=VERTEX_POINT('',#12422);
#4158=VERTEX_POINT('',#12424);
#4159=VERTEX_POINT('',#12428);
#4160=VERTEX_POINT('',#12430);
#4161=VERTEX_POINT('',#12437);
#4162=VERTEX_POINT('',#12438);
#4163=VERTEX_POINT('',#12440);
#4164=VERTEX_POINT('',#12442);
#4165=VERTEX_POINT('',#12446);
#4166=VERTEX_POINT('',#12448);
#4167=VERTEX_POINT('',#12452);
#4168=VERTEX_POINT('',#12454);
#4169=VERTEX_POINT('',#12461);
#4170=VERTEX_POINT('',#12462);
#4171=VERTEX_POINT('',#12464);
#4172=VERTEX_POINT('',#12466);
#4173=VERTEX_POINT('',#12470);
#4174=VERTEX_POINT('',#12472);
#4175=VERTEX_POINT('',#12476);
#4176=VERTEX_POINT('',#12478);
#4177=VERTEX_POINT('',#12485);
#4178=VERTEX_POINT('',#12486);
#4179=VERTEX_POINT('',#12488);
#4180=VERTEX_POINT('',#12490);
#4181=VERTEX_POINT('',#12494);
#4182=VERTEX_POINT('',#12496);
#4183=VERTEX_POINT('',#12500);
#4184=VERTEX_POINT('',#12502);
#4185=VERTEX_POINT('',#12509);
#4186=VERTEX_POINT('',#12510);
#4187=VERTEX_POINT('',#12512);
#4188=VERTEX_POINT('',#12514);
#4189=VERTEX_POINT('',#12518);
#4190=VERTEX_POINT('',#12520);
#4191=VERTEX_POINT('',#12524);
#4192=VERTEX_POINT('',#12526);
#4193=VERTEX_POINT('',#12533);
#4194=VERTEX_POINT('',#12534);
#4195=VERTEX_POINT('',#12536);
#4196=VERTEX_POINT('',#12538);
#4197=VERTEX_POINT('',#12542);
#4198=VERTEX_POINT('',#12544);
#4199=VERTEX_POINT('',#12548);
#4200=VERTEX_POINT('',#12550);
#4201=VERTEX_POINT('',#12557);
#4202=VERTEX_POINT('',#12558);
#4203=VERTEX_POINT('',#12560);
#4204=VERTEX_POINT('',#12562);
#4205=VERTEX_POINT('',#12566);
#4206=VERTEX_POINT('',#12568);
#4207=VERTEX_POINT('',#12572);
#4208=VERTEX_POINT('',#12574);
#4209=VERTEX_POINT('',#12581);
#4210=VERTEX_POINT('',#12582);
#4211=VERTEX_POINT('',#12584);
#4212=VERTEX_POINT('',#12586);
#4213=VERTEX_POINT('',#12590);
#4214=VERTEX_POINT('',#12592);
#4215=VERTEX_POINT('',#12596);
#4216=VERTEX_POINT('',#12598);
#4217=VERTEX_POINT('',#12605);
#4218=VERTEX_POINT('',#12606);
#4219=VERTEX_POINT('',#12608);
#4220=VERTEX_POINT('',#12610);
#4221=VERTEX_POINT('',#12614);
#4222=VERTEX_POINT('',#12616);
#4223=VERTEX_POINT('',#12620);
#4224=VERTEX_POINT('',#12622);
#4225=VERTEX_POINT('',#12629);
#4226=VERTEX_POINT('',#12630);
#4227=VERTEX_POINT('',#12632);
#4228=VERTEX_POINT('',#12634);
#4229=VERTEX_POINT('',#12638);
#4230=VERTEX_POINT('',#12640);
#4231=VERTEX_POINT('',#12644);
#4232=VERTEX_POINT('',#12646);
#4233=VERTEX_POINT('',#12653);
#4234=VERTEX_POINT('',#12654);
#4235=VERTEX_POINT('',#12656);
#4236=VERTEX_POINT('',#12658);
#4237=VERTEX_POINT('',#12662);
#4238=VERTEX_POINT('',#12664);
#4239=VERTEX_POINT('',#12668);
#4240=VERTEX_POINT('',#12670);
#4241=VERTEX_POINT('',#12677);
#4242=VERTEX_POINT('',#12678);
#4243=VERTEX_POINT('',#12680);
#4244=VERTEX_POINT('',#12682);
#4245=VERTEX_POINT('',#12686);
#4246=VERTEX_POINT('',#12688);
#4247=VERTEX_POINT('',#12692);
#4248=VERTEX_POINT('',#12694);
#4249=VERTEX_POINT('',#12701);
#4250=VERTEX_POINT('',#12702);
#4251=VERTEX_POINT('',#12704);
#4252=VERTEX_POINT('',#12706);
#4253=VERTEX_POINT('',#12710);
#4254=VERTEX_POINT('',#12712);
#4255=VERTEX_POINT('',#12716);
#4256=VERTEX_POINT('',#12718);
#4257=VERTEX_POINT('',#12725);
#4258=VERTEX_POINT('',#12726);
#4259=VERTEX_POINT('',#12728);
#4260=VERTEX_POINT('',#12730);
#4261=VERTEX_POINT('',#12734);
#4262=VERTEX_POINT('',#12736);
#4263=VERTEX_POINT('',#12740);
#4264=VERTEX_POINT('',#12742);
#4265=VERTEX_POINT('',#12749);
#4266=VERTEX_POINT('',#12750);
#4267=VERTEX_POINT('',#12752);
#4268=VERTEX_POINT('',#12754);
#4269=VERTEX_POINT('',#12758);
#4270=VERTEX_POINT('',#12759);
#4271=VERTEX_POINT('',#12761);
#4272=VERTEX_POINT('',#12763);
#4273=VERTEX_POINT('',#12767);
#4274=VERTEX_POINT('',#12768);
#4275=VERTEX_POINT('',#12770);
#4276=VERTEX_POINT('',#12772);
#4277=VERTEX_POINT('',#12776);
#4278=VERTEX_POINT('',#12777);
#4279=VERTEX_POINT('',#12779);
#4280=VERTEX_POINT('',#12781);
#4281=VERTEX_POINT('',#12785);
#4282=VERTEX_POINT('',#12786);
#4283=VERTEX_POINT('',#12788);
#4284=VERTEX_POINT('',#12790);
#4285=VERTEX_POINT('',#12794);
#4286=VERTEX_POINT('',#12795);
#4287=VERTEX_POINT('',#12797);
#4288=VERTEX_POINT('',#12799);
#4289=VERTEX_POINT('',#12803);
#4290=VERTEX_POINT('',#12804);
#4291=VERTEX_POINT('',#12806);
#4292=VERTEX_POINT('',#12808);
#4293=VERTEX_POINT('',#12812);
#4294=VERTEX_POINT('',#12814);
#4295=VERTEX_POINT('',#12818);
#4296=VERTEX_POINT('',#12820);
#4297=VERTEX_POINT('',#12824);
#4298=VERTEX_POINT('',#12826);
#4299=VERTEX_POINT('',#12830);
#4300=VERTEX_POINT('',#12832);
#4301=VERTEX_POINT('',#12836);
#4302=VERTEX_POINT('',#12838);
#4303=VERTEX_POINT('',#12842);
#4304=VERTEX_POINT('',#12844);
#4305=VERTEX_POINT('',#12848);
#4306=VERTEX_POINT('',#12850);
#4307=VERTEX_POINT('',#12854);
#4308=VERTEX_POINT('',#12856);
#4309=VERTEX_POINT('',#12860);
#4310=VERTEX_POINT('',#12862);
#4311=VERTEX_POINT('',#12866);
#4312=VERTEX_POINT('',#12868);
#4313=VERTEX_POINT('',#12872);
#4314=VERTEX_POINT('',#12874);
#4315=VERTEX_POINT('',#12878);
#4316=VERTEX_POINT('',#12880);
#4317=VERTEX_POINT('',#12884);
#4318=VERTEX_POINT('',#12886);
#4319=VERTEX_POINT('',#12890);
#4320=VERTEX_POINT('',#12892);
#4321=VERTEX_POINT('',#12896);
#4322=VERTEX_POINT('',#12897);
#4323=VERTEX_POINT('',#12902);
#4324=VERTEX_POINT('',#12903);
#4325=VERTEX_POINT('',#12908);
#4326=VERTEX_POINT('',#12909);
#4327=VERTEX_POINT('',#12914);
#4328=VERTEX_POINT('',#12915);
#4329=VERTEX_POINT('',#12920);
#4330=VERTEX_POINT('',#12921);
#4331=VERTEX_POINT('',#12926);
#4332=VERTEX_POINT('',#12927);
#4333=VERTEX_POINT('',#12932);
#4334=VERTEX_POINT('',#12933);
#4335=VERTEX_POINT('',#12938);
#4336=VERTEX_POINT('',#12940);
#4337=VERTEX_POINT('',#12944);
#4338=VERTEX_POINT('',#12946);
#4339=VERTEX_POINT('',#12950);
#4340=VERTEX_POINT('',#12952);
#4341=VERTEX_POINT('',#12956);
#4342=VERTEX_POINT('',#12958);
#4343=VERTEX_POINT('',#12962);
#4344=VERTEX_POINT('',#12964);
#4345=VERTEX_POINT('',#12968);
#4346=VERTEX_POINT('',#12970);
#4347=VERTEX_POINT('',#12974);
#4348=VERTEX_POINT('',#12976);
#4349=VERTEX_POINT('',#12980);
#4350=VERTEX_POINT('',#12982);
#4351=VERTEX_POINT('',#12986);
#4352=VERTEX_POINT('',#12988);
#4353=VERTEX_POINT('',#12992);
#4354=VERTEX_POINT('',#12994);
#4355=VERTEX_POINT('',#12998);
#4356=VERTEX_POINT('',#13000);
#4357=VERTEX_POINT('',#13004);
#4358=VERTEX_POINT('',#13006);
#4359=VERTEX_POINT('',#13010);
#4360=VERTEX_POINT('',#13012);
#4361=VERTEX_POINT('',#13016);
#4362=VERTEX_POINT('',#13018);
#4363=VERTEX_POINT('',#13022);
#4364=VERTEX_POINT('',#13025);
#4365=VERTEX_POINT('',#13027);
#4366=VERTEX_POINT('',#13030);
#4367=VERTEX_POINT('',#13032);
#4368=VERTEX_POINT('',#13035);
#4369=VERTEX_POINT('',#13037);
#4370=VERTEX_POINT('',#13040);
#4371=VERTEX_POINT('',#13042);
#4372=VERTEX_POINT('',#13045);
#4373=VERTEX_POINT('',#13047);
#4374=VERTEX_POINT('',#13050);
#4375=VERTEX_POINT('',#13052);
#4376=VERTEX_POINT('',#13055);
#4377=VERTEX_POINT('',#13060);
#4378=VERTEX_POINT('',#13063);
#4379=VERTEX_POINT('',#13065);
#4380=VERTEX_POINT('',#13067);
#4381=VERTEX_POINT('',#13069);
#4382=VERTEX_POINT('',#13071);
#4383=VERTEX_POINT('',#13073);
#4384=VERTEX_POINT('',#13075);
#4385=VERTEX_POINT('',#13077);
#4386=VERTEX_POINT('',#13079);
#4387=VERTEX_POINT('',#13081);
#4388=VERTEX_POINT('',#13083);
#4389=VERTEX_POINT('',#13085);
#4390=VERTEX_POINT('',#13087);
#4391=VERTEX_POINT('',#13089);
#4392=VERTEX_POINT('',#13091);
#4393=VERTEX_POINT('',#13093);
#4394=VERTEX_POINT('',#13095);
#4395=VERTEX_POINT('',#13097);
#4396=VERTEX_POINT('',#13099);
#4397=VERTEX_POINT('',#13101);
#4398=VERTEX_POINT('',#13103);
#4399=VERTEX_POINT('',#13105);
#4400=VERTEX_POINT('',#13107);
#4401=VERTEX_POINT('',#13109);
#4402=VERTEX_POINT('',#13111);
#4403=VERTEX_POINT('',#13113);
#4404=VERTEX_POINT('',#13115);
#4405=VERTEX_POINT('',#13119);
#4406=VERTEX_POINT('',#13121);
#4407=VERTEX_POINT('',#13125);
#4408=VERTEX_POINT('',#13127);
#4409=VERTEX_POINT('',#13131);
#4410=VERTEX_POINT('',#13133);
#4411=VERTEX_POINT('',#13137);
#4412=VERTEX_POINT('',#13139);
#4413=VERTEX_POINT('',#13143);
#4414=VERTEX_POINT('',#13145);
#4415=VERTEX_POINT('',#13149);
#4416=VERTEX_POINT('',#13151);
#4417=VERTEX_POINT('',#13155);
#4418=VERTEX_POINT('',#13157);
#4419=VERTEX_POINT('',#13161);
#4420=VERTEX_POINT('',#13163);
#4421=VERTEX_POINT('',#13167);
#4422=VERTEX_POINT('',#13169);
#4423=VERTEX_POINT('',#13173);
#4424=VERTEX_POINT('',#13175);
#4425=VERTEX_POINT('',#13179);
#4426=VERTEX_POINT('',#13181);
#4427=VERTEX_POINT('',#13185);
#4428=VERTEX_POINT('',#13187);
#4429=VERTEX_POINT('',#13191);
#4430=VERTEX_POINT('',#13193);
#4431=VERTEX_POINT('',#13197);
#4432=VERTEX_POINT('',#13199);
#4433=VERTEX_POINT('',#13203);
#4434=VERTEX_POINT('',#13204);
#4435=VERTEX_POINT('',#13209);
#4436=VERTEX_POINT('',#13210);
#4437=VERTEX_POINT('',#13215);
#4438=VERTEX_POINT('',#13216);
#4439=VERTEX_POINT('',#13221);
#4440=VERTEX_POINT('',#13222);
#4441=VERTEX_POINT('',#13227);
#4442=VERTEX_POINT('',#13228);
#4443=VERTEX_POINT('',#13233);
#4444=VERTEX_POINT('',#13234);
#4445=VERTEX_POINT('',#13239);
#4446=VERTEX_POINT('',#13240);
#4447=VERTEX_POINT('',#13245);
#4448=VERTEX_POINT('',#13247);
#4449=VERTEX_POINT('',#13251);
#4450=VERTEX_POINT('',#13253);
#4451=VERTEX_POINT('',#13257);
#4452=VERTEX_POINT('',#13259);
#4453=VERTEX_POINT('',#13263);
#4454=VERTEX_POINT('',#13265);
#4455=VERTEX_POINT('',#13269);
#4456=VERTEX_POINT('',#13271);
#4457=VERTEX_POINT('',#13275);
#4458=VERTEX_POINT('',#13277);
#4459=VERTEX_POINT('',#13281);
#4460=VERTEX_POINT('',#13283);
#4461=VERTEX_POINT('',#13287);
#4462=VERTEX_POINT('',#13289);
#4463=VERTEX_POINT('',#13293);
#4464=VERTEX_POINT('',#13295);
#4465=VERTEX_POINT('',#13299);
#4466=VERTEX_POINT('',#13301);
#4467=VERTEX_POINT('',#13305);
#4468=VERTEX_POINT('',#13307);
#4469=VERTEX_POINT('',#13311);
#4470=VERTEX_POINT('',#13313);
#4471=VERTEX_POINT('',#13317);
#4472=VERTEX_POINT('',#13319);
#4473=VERTEX_POINT('',#13323);
#4474=VERTEX_POINT('',#13325);
#4475=VERTEX_POINT('',#13329);
#4476=VERTEX_POINT('',#13331);
#4477=VERTEX_POINT('',#13335);
#4478=VERTEX_POINT('',#13337);
#4479=VERTEX_POINT('',#13341);
#4480=VERTEX_POINT('',#13343);
#4481=VERTEX_POINT('',#13347);
#4482=VERTEX_POINT('',#13349);
#4483=VERTEX_POINT('',#13353);
#4484=VERTEX_POINT('',#13355);
#4485=VERTEX_POINT('',#13359);
#4486=VERTEX_POINT('',#13361);
#4487=VERTEX_POINT('',#13365);
#4488=VERTEX_POINT('',#13367);
#4489=VERTEX_POINT('',#13371);
#4490=VERTEX_POINT('',#13373);
#4491=VERTEX_POINT('',#13377);
#4492=VERTEX_POINT('',#13379);
#4493=VERTEX_POINT('',#13383);
#4494=VERTEX_POINT('',#13385);
#4495=VERTEX_POINT('',#13389);
#4496=VERTEX_POINT('',#13391);
#4497=VERTEX_POINT('',#13395);
#4498=VERTEX_POINT('',#13397);
#4499=VERTEX_POINT('',#13401);
#4500=VERTEX_POINT('',#13403);
#4501=VERTEX_POINT('',#13407);
#4502=VERTEX_POINT('',#13409);
#4503=VERTEX_POINT('',#13413);
#4504=VERTEX_POINT('',#13415);
#4505=VERTEX_POINT('',#13419);
#4506=VERTEX_POINT('',#13421);
#4507=VERTEX_POINT('',#13425);
#4508=VERTEX_POINT('',#13427);
#4509=VERTEX_POINT('',#13431);
#4510=VERTEX_POINT('',#13433);
#4511=VERTEX_POINT('',#13437);
#4512=VERTEX_POINT('',#13439);
#4513=VERTEX_POINT('',#13443);
#4514=VERTEX_POINT('',#13445);
#4515=VERTEX_POINT('',#13449);
#4516=VERTEX_POINT('',#13451);
#4517=VERTEX_POINT('',#13455);
#4518=VERTEX_POINT('',#13456);
#4519=VERTEX_POINT('',#13461);
#4520=VERTEX_POINT('',#13462);
#4521=VERTEX_POINT('',#13467);
#4522=VERTEX_POINT('',#13468);
#4523=VERTEX_POINT('',#13473);
#4524=VERTEX_POINT('',#13474);
#4525=VERTEX_POINT('',#13479);
#4526=VERTEX_POINT('',#13480);
#4527=VERTEX_POINT('',#13485);
#4528=VERTEX_POINT('',#13486);
#4529=VERTEX_POINT('',#13491);
#4530=VERTEX_POINT('',#13492);
#4531=VERTEX_POINT('',#13497);
#4532=VERTEX_POINT('',#13500);
#4533=VERTEX_POINT('',#13502);
#4534=VERTEX_POINT('',#13505);
#4535=VERTEX_POINT('',#13507);
#4536=VERTEX_POINT('',#13510);
#4537=VERTEX_POINT('',#13512);
#4538=VERTEX_POINT('',#13515);
#4539=VERTEX_POINT('',#13517);
#4540=VERTEX_POINT('',#13520);
#4541=VERTEX_POINT('',#13522);
#4542=VERTEX_POINT('',#13525);
#4543=VERTEX_POINT('',#13527);
#4544=VERTEX_POINT('',#13530);
#4545=VERTEX_POINT('',#13535);
#4546=VERTEX_POINT('',#13538);
#4547=VERTEX_POINT('',#13540);
#4548=VERTEX_POINT('',#13542);
#4549=VERTEX_POINT('',#13544);
#4550=VERTEX_POINT('',#13546);
#4551=VERTEX_POINT('',#13548);
#4552=VERTEX_POINT('',#13550);
#4553=VERTEX_POINT('',#13552);
#4554=VERTEX_POINT('',#13554);
#4555=VERTEX_POINT('',#13556);
#4556=VERTEX_POINT('',#13558);
#4557=VERTEX_POINT('',#13560);
#4558=VERTEX_POINT('',#13562);
#4559=VERTEX_POINT('',#13564);
#4560=VERTEX_POINT('',#13566);
#4561=VERTEX_POINT('',#13568);
#4562=VERTEX_POINT('',#13570);
#4563=VERTEX_POINT('',#13572);
#4564=VERTEX_POINT('',#13574);
#4565=VERTEX_POINT('',#13576);
#4566=VERTEX_POINT('',#13578);
#4567=VERTEX_POINT('',#13580);
#4568=VERTEX_POINT('',#13582);
#4569=VERTEX_POINT('',#13584);
#4570=VERTEX_POINT('',#13586);
#4571=VERTEX_POINT('',#13588);
#4572=VERTEX_POINT('',#13590);
#4573=VERTEX_POINT('',#13594);
#4574=VERTEX_POINT('',#13595);
#4575=VERTEX_POINT('',#13600);
#4576=VERTEX_POINT('',#13601);
#4577=VERTEX_POINT('',#13606);
#4578=VERTEX_POINT('',#13607);
#4579=VERTEX_POINT('',#13612);
#4580=VERTEX_POINT('',#13613);
#4581=VERTEX_POINT('',#13618);
#4582=VERTEX_POINT('',#13619);
#4583=VERTEX_POINT('',#13624);
#4584=VERTEX_POINT('',#13625);
#4585=VERTEX_POINT('',#13630);
#4586=VERTEX_POINT('',#13631);
#4587=VERTEX_POINT('',#13636);
#4588=VERTEX_POINT('',#13638);
#4589=VERTEX_POINT('',#13642);
#4590=VERTEX_POINT('',#13644);
#4591=VERTEX_POINT('',#13648);
#4592=VERTEX_POINT('',#13650);
#4593=VERTEX_POINT('',#13654);
#4594=VERTEX_POINT('',#13656);
#4595=VERTEX_POINT('',#13660);
#4596=VERTEX_POINT('',#13662);
#4597=VERTEX_POINT('',#13666);
#4598=VERTEX_POINT('',#13668);
#4599=VERTEX_POINT('',#13672);
#4600=VERTEX_POINT('',#13674);
#4601=LINE('',#11358,#5693);
#4602=LINE('',#11361,#5694);
#4603=LINE('',#11363,#5695);
#4604=LINE('',#11365,#5696);
#4605=LINE('',#11366,#5697);
#4606=LINE('',#11369,#5698);
#4607=LINE('',#11371,#5699);
#4608=LINE('',#11373,#5700);
#4609=LINE('',#11374,#5701);
#4610=LINE('',#11377,#5702);
#4611=LINE('',#11379,#5703);
#4612=LINE('',#11381,#5704);
#4613=LINE('',#11382,#5705);
#4614=LINE('',#11385,#5706);
#4615=LINE('',#11387,#5707);
#4616=LINE('',#11389,#5708);
#4617=LINE('',#11390,#5709);
#4618=LINE('',#11393,#5710);
#4619=LINE('',#11395,#5711);
#4620=LINE('',#11397,#5712);
#4621=LINE('',#11398,#5713);
#4622=LINE('',#11401,#5714);
#4623=LINE('',#11403,#5715);
#4624=LINE('',#11405,#5716);
#4625=LINE('',#11406,#5717);
#4626=LINE('',#11409,#5718);
#4627=LINE('',#11411,#5719);
#4628=LINE('',#11413,#5720);
#4629=LINE('',#11414,#5721);
#4630=LINE('',#11417,#5722);
#4631=LINE('',#11419,#5723);
#4632=LINE('',#11421,#5724);
#4633=LINE('',#11422,#5725);
#4634=LINE('',#11425,#5726);
#4635=LINE('',#11427,#5727);
#4636=LINE('',#11429,#5728);
#4637=LINE('',#11430,#5729);
#4638=LINE('',#11433,#5730);
#4639=LINE('',#11435,#5731);
#4640=LINE('',#11437,#5732);
#4641=LINE('',#11438,#5733);
#4642=LINE('',#11441,#5734);
#4643=LINE('',#11443,#5735);
#4644=LINE('',#11445,#5736);
#4645=LINE('',#11446,#5737);
#4646=LINE('',#11449,#5738);
#4647=LINE('',#11451,#5739);
#4648=LINE('',#11453,#5740);
#4649=LINE('',#11454,#5741);
#4650=LINE('',#11457,#5742);
#4651=LINE('',#11459,#5743);
#4652=LINE('',#11461,#5744);
#4653=LINE('',#11462,#5745);
#4654=LINE('',#11465,#5746);
#4655=LINE('',#11467,#5747);
#4656=LINE('',#11469,#5748);
#4657=LINE('',#11470,#5749);
#4658=LINE('',#11473,#5750);
#4659=LINE('',#11475,#5751);
#4660=LINE('',#11477,#5752);
#4661=LINE('',#11479,#5753);
#4662=LINE('',#11482,#5754);
#4663=LINE('',#11483,#5755);
#4664=LINE('',#11485,#5756);
#4665=LINE('',#11487,#5757);
#4666=LINE('',#11489,#5758);
#4667=LINE('',#11491,#5759);
#4668=LINE('',#11493,#5760);
#4669=LINE('',#11495,#5761);
#4670=LINE('',#11498,#5762);
#4671=LINE('',#11500,#5763);
#4672=LINE('',#11502,#5764);
#4673=LINE('',#11503,#5765);
#4674=LINE('',#11506,#5766);
#4675=LINE('',#11508,#5767);
#4676=LINE('',#11510,#5768);
#4677=LINE('',#11511,#5769);
#4678=LINE('',#11514,#5770);
#4679=LINE('',#11516,#5771);
#4680=LINE('',#11518,#5772);
#4681=LINE('',#11519,#5773);
#4682=LINE('',#11522,#5774);
#4683=LINE('',#11524,#5775);
#4684=LINE('',#11526,#5776);
#4685=LINE('',#11527,#5777);
#4686=LINE('',#11530,#5778);
#4687=LINE('',#11532,#5779);
#4688=LINE('',#11534,#5780);
#4689=LINE('',#11535,#5781);
#4690=LINE('',#11538,#5782);
#4691=LINE('',#11540,#5783);
#4692=LINE('',#11542,#5784);
#4693=LINE('',#11543,#5785);
#4694=LINE('',#11546,#5786);
#4695=LINE('',#11548,#5787);
#4696=LINE('',#11550,#5788);
#4697=LINE('',#11551,#5789);
#4698=LINE('',#11554,#5790);
#4699=LINE('',#11556,#5791);
#4700=LINE('',#11558,#5792);
#4701=LINE('',#11559,#5793);
#4702=LINE('',#11562,#5794);
#4703=LINE('',#11564,#5795);
#4704=LINE('',#11566,#5796);
#4705=LINE('',#11567,#5797);
#4706=LINE('',#11570,#5798);
#4707=LINE('',#11572,#5799);
#4708=LINE('',#11574,#5800);
#4709=LINE('',#11575,#5801);
#4710=LINE('',#11578,#5802);
#4711=LINE('',#11580,#5803);
#4712=LINE('',#11582,#5804);
#4713=LINE('',#11583,#5805);
#4714=LINE('',#11586,#5806);
#4715=LINE('',#11588,#5807);
#4716=LINE('',#11590,#5808);
#4717=LINE('',#11591,#5809);
#4718=LINE('',#11594,#5810);
#4719=LINE('',#11596,#5811);
#4720=LINE('',#11598,#5812);
#4721=LINE('',#11599,#5813);
#4722=LINE('',#11602,#5814);
#4723=LINE('',#11604,#5815);
#4724=LINE('',#11606,#5816);
#4725=LINE('',#11608,#5817);
#4726=LINE('',#11611,#5818);
#4727=LINE('',#11612,#5819);
#4728=LINE('',#11614,#5820);
#4729=LINE('',#11616,#5821);
#4730=LINE('',#11618,#5822);
#4731=LINE('',#11620,#5823);
#4732=LINE('',#11622,#5824);
#4733=LINE('',#11624,#5825);
#4734=LINE('',#11627,#5826);
#4735=LINE('',#11628,#5827);
#4736=LINE('',#11630,#5828);
#4737=LINE('',#11632,#5829);
#4738=LINE('',#11634,#5830);
#4739=LINE('',#11636,#5831);
#4740=LINE('',#11638,#5832);
#4741=LINE('',#11640,#5833);
#4742=LINE('',#11643,#5834);
#4743=LINE('',#11644,#5835);
#4744=LINE('',#11646,#5836);
#4745=LINE('',#11648,#5837);
#4746=LINE('',#11650,#5838);
#4747=LINE('',#11652,#5839);
#4748=LINE('',#11654,#5840);
#4749=LINE('',#11656,#5841);
#4750=LINE('',#11659,#5842);
#4751=LINE('',#11660,#5843);
#4752=LINE('',#11662,#5844);
#4753=LINE('',#11664,#5845);
#4754=LINE('',#11666,#5846);
#4755=LINE('',#11668,#5847);
#4756=LINE('',#11670,#5848);
#4757=LINE('',#11672,#5849);
#4758=LINE('',#11675,#5850);
#4759=LINE('',#11676,#5851);
#4760=LINE('',#11678,#5852);
#4761=LINE('',#11680,#5853);
#4762=LINE('',#11682,#5854);
#4763=LINE('',#11684,#5855);
#4764=LINE('',#11686,#5856);
#4765=LINE('',#11688,#5857);
#4766=LINE('',#11691,#5858);
#4767=LINE('',#11692,#5859);
#4768=LINE('',#11694,#5860);
#4769=LINE('',#11696,#5861);
#4770=LINE('',#11698,#5862);
#4771=LINE('',#11700,#5863);
#4772=LINE('',#11702,#5864);
#4773=LINE('',#11704,#5865);
#4774=LINE('',#11707,#5866);
#4775=LINE('',#11708,#5867);
#4776=LINE('',#11710,#5868);
#4777=LINE('',#11712,#5869);
#4778=LINE('',#11714,#5870);
#4779=LINE('',#11716,#5871);
#4780=LINE('',#11718,#5872);
#4781=LINE('',#11720,#5873);
#4782=LINE('',#11723,#5874);
#4783=LINE('',#11724,#5875);
#4784=LINE('',#11726,#5876);
#4785=LINE('',#11728,#5877);
#4786=LINE('',#11730,#5878);
#4787=LINE('',#11732,#5879);
#4788=LINE('',#11734,#5880);
#4789=LINE('',#11736,#5881);
#4790=LINE('',#11739,#5882);
#4791=LINE('',#11740,#5883);
#4792=LINE('',#11742,#5884);
#4793=LINE('',#11744,#5885);
#4794=LINE('',#11746,#5886);
#4795=LINE('',#11748,#5887);
#4796=LINE('',#11750,#5888);
#4797=LINE('',#11752,#5889);
#4798=LINE('',#11755,#5890);
#4799=LINE('',#11756,#5891);
#4800=LINE('',#11758,#5892);
#4801=LINE('',#11760,#5893);
#4802=LINE('',#11762,#5894);
#4803=LINE('',#11764,#5895);
#4804=LINE('',#11766,#5896);
#4805=LINE('',#11768,#5897);
#4806=LINE('',#11771,#5898);
#4807=LINE('',#11772,#5899);
#4808=LINE('',#11774,#5900);
#4809=LINE('',#11776,#5901);
#4810=LINE('',#11778,#5902);
#4811=LINE('',#11780,#5903);
#4812=LINE('',#11782,#5904);
#4813=LINE('',#11784,#5905);
#4814=LINE('',#11787,#5906);
#4815=LINE('',#11788,#5907);
#4816=LINE('',#11790,#5908);
#4817=LINE('',#11792,#5909);
#4818=LINE('',#11794,#5910);
#4819=LINE('',#11796,#5911);
#4820=LINE('',#11798,#5912);
#4821=LINE('',#11800,#5913);
#4822=LINE('',#11803,#5914);
#4823=LINE('',#11804,#5915);
#4824=LINE('',#11806,#5916);
#4825=LINE('',#11808,#5917);
#4826=LINE('',#11810,#5918);
#4827=LINE('',#11812,#5919);
#4828=LINE('',#11814,#5920);
#4829=LINE('',#11816,#5921);
#4830=LINE('',#11819,#5922);
#4831=LINE('',#11820,#5923);
#4832=LINE('',#11822,#5924);
#4833=LINE('',#11824,#5925);
#4834=LINE('',#11826,#5926);
#4835=LINE('',#11828,#5927);
#4836=LINE('',#11830,#5928);
#4837=LINE('',#11832,#5929);
#4838=LINE('',#11833,#5930);
#4839=LINE('',#11835,#5931);
#4840=LINE('',#11837,#5932);
#4841=LINE('',#11840,#5933);
#4842=LINE('',#11841,#5934);
#4843=LINE('',#11843,#5935);
#4844=LINE('',#11845,#5936);
#4845=LINE('',#11848,#5937);
#4846=LINE('',#11849,#5938);
#4847=LINE('',#11851,#5939);
#4848=LINE('',#11853,#5940);
#4849=LINE('',#11856,#5941);
#4850=LINE('',#11857,#5942);
#4851=LINE('',#11859,#5943);
#4852=LINE('',#11861,#5944);
#4853=LINE('',#11864,#5945);
#4854=LINE('',#11865,#5946);
#4855=LINE('',#11867,#5947);
#4856=LINE('',#11869,#5948);
#4857=LINE('',#11872,#5949);
#4858=LINE('',#11873,#5950);
#4859=LINE('',#11875,#5951);
#4860=LINE('',#11877,#5952);
#4861=LINE('',#11880,#5953);
#4862=LINE('',#11881,#5954);
#4863=LINE('',#11883,#5955);
#4864=LINE('',#11885,#5956);
#4865=LINE('',#11888,#5957);
#4866=LINE('',#11889,#5958);
#4867=LINE('',#11891,#5959);
#4868=LINE('',#11893,#5960);
#4869=LINE('',#11896,#5961);
#4870=LINE('',#11897,#5962);
#4871=LINE('',#11899,#5963);
#4872=LINE('',#11901,#5964);
#4873=LINE('',#11904,#5965);
#4874=LINE('',#11905,#5966);
#4875=LINE('',#11907,#5967);
#4876=LINE('',#11909,#5968);
#4877=LINE('',#11912,#5969);
#4878=LINE('',#11913,#5970);
#4879=LINE('',#11915,#5971);
#4880=LINE('',#11917,#5972);
#4881=LINE('',#11920,#5973);
#4882=LINE('',#11921,#5974);
#4883=LINE('',#11923,#5975);
#4884=LINE('',#11925,#5976);
#4885=LINE('',#11928,#5977);
#4886=LINE('',#11929,#5978);
#4887=LINE('',#11931,#5979);
#4888=LINE('',#11933,#5980);
#4889=LINE('',#11936,#5981);
#4890=LINE('',#11937,#5982);
#4891=LINE('',#11939,#5983);
#4892=LINE('',#11941,#5984);
#4893=LINE('',#11945,#5985);
#4894=LINE('',#11948,#5986);
#4895=LINE('',#11950,#5987);
#4896=LINE('',#11952,#5988);
#4897=LINE('',#11954,#5989);
#4898=LINE('',#11957,#5990);
#4899=LINE('',#11959,#5991);
#4900=LINE('',#11961,#5992);
#4901=LINE('',#11963,#5993);
#4902=LINE('',#11966,#5994);
#4903=LINE('',#11968,#5995);
#4904=LINE('',#11970,#5996);
#4905=LINE('',#11972,#5997);
#4906=LINE('',#11975,#5998);
#4907=LINE('',#11977,#5999);
#4908=LINE('',#11979,#6000);
#4909=LINE('',#11981,#6001);
#4910=LINE('',#11982,#6002);
#4911=LINE('',#11983,#6003);
#4912=LINE('',#11984,#6004);
#4913=LINE('',#11986,#6005);
#4914=LINE('',#11988,#6006);
#4915=LINE('',#11990,#6007);
#4916=LINE('',#11992,#6008);
#4917=LINE('',#11994,#6009);
#4918=LINE('',#11995,#6010);
#4919=LINE('',#11997,#6011);
#4920=LINE('',#11999,#6012);
#4921=LINE('',#12001,#6013);
#4922=LINE('',#12003,#6014);
#4923=LINE('',#12004,#6015);
#4924=LINE('',#12005,#6016);
#4925=LINE('',#12007,#6017);
#4926=LINE('',#12010,#6018);
#4927=LINE('',#12012,#6019);
#4928=LINE('',#12014,#6020);
#4929=LINE('',#12015,#6021);
#4930=LINE('',#12018,#6022);
#4931=LINE('',#12020,#6023);
#4932=LINE('',#12022,#6024);
#4933=LINE('',#12023,#6025);
#4934=LINE('',#12026,#6026);
#4935=LINE('',#12028,#6027);
#4936=LINE('',#12030,#6028);
#4937=LINE('',#12031,#6029);
#4938=LINE('',#12034,#6030);
#4939=LINE('',#12036,#6031);
#4940=LINE('',#12038,#6032);
#4941=LINE('',#12039,#6033);
#4942=LINE('',#12042,#6034);
#4943=LINE('',#12044,#6035);
#4944=LINE('',#12046,#6036);
#4945=LINE('',#12047,#6037);
#4946=LINE('',#12050,#6038);
#4947=LINE('',#12052,#6039);
#4948=LINE('',#12054,#6040);
#4949=LINE('',#12055,#6041);
#4950=LINE('',#12058,#6042);
#4951=LINE('',#12060,#6043);
#4952=LINE('',#12062,#6044);
#4953=LINE('',#12063,#6045);
#4954=LINE('',#12066,#6046);
#4955=LINE('',#12068,#6047);
#4956=LINE('',#12070,#6048);
#4957=LINE('',#12071,#6049);
#4958=LINE('',#12074,#6050);
#4959=LINE('',#12076,#6051);
#4960=LINE('',#12078,#6052);
#4961=LINE('',#12079,#6053);
#4962=LINE('',#12082,#6054);
#4963=LINE('',#12084,#6055);
#4964=LINE('',#12086,#6056);
#4965=LINE('',#12087,#6057);
#4966=LINE('',#12090,#6058);
#4967=LINE('',#12092,#6059);
#4968=LINE('',#12094,#6060);
#4969=LINE('',#12095,#6061);
#4970=LINE('',#12098,#6062);
#4971=LINE('',#12100,#6063);
#4972=LINE('',#12102,#6064);
#4973=LINE('',#12103,#6065);
#4974=LINE('',#12106,#6066);
#4975=LINE('',#12108,#6067);
#4976=LINE('',#12110,#6068);
#4977=LINE('',#12111,#6069);
#4978=LINE('',#12114,#6070);
#4979=LINE('',#12116,#6071);
#4980=LINE('',#12118,#6072);
#4981=LINE('',#12120,#6073);
#4982=LINE('',#12122,#6074);
#4983=LINE('',#12124,#6075);
#4984=LINE('',#12127,#6076);
#4985=LINE('',#12129,#6077);
#4986=LINE('',#12131,#6078);
#4987=LINE('',#12132,#6079);
#4988=LINE('',#12135,#6080);
#4989=LINE('',#12137,#6081);
#4990=LINE('',#12139,#6082);
#4991=LINE('',#12140,#6083);
#4992=LINE('',#12143,#6084);
#4993=LINE('',#12145,#6085);
#4994=LINE('',#12147,#6086);
#4995=LINE('',#12148,#6087);
#4996=LINE('',#12151,#6088);
#4997=LINE('',#12153,#6089);
#4998=LINE('',#12155,#6090);
#4999=LINE('',#12156,#6091);
#5000=LINE('',#12159,#6092);
#5001=LINE('',#12161,#6093);
#5002=LINE('',#12163,#6094);
#5003=LINE('',#12164,#6095);
#5004=LINE('',#12167,#6096);
#5005=LINE('',#12169,#6097);
#5006=LINE('',#12171,#6098);
#5007=LINE('',#12172,#6099);
#5008=LINE('',#12175,#6100);
#5009=LINE('',#12177,#6101);
#5010=LINE('',#12179,#6102);
#5011=LINE('',#12180,#6103);
#5012=LINE('',#12183,#6104);
#5013=LINE('',#12185,#6105);
#5014=LINE('',#12187,#6106);
#5015=LINE('',#12188,#6107);
#5016=LINE('',#12191,#6108);
#5017=LINE('',#12193,#6109);
#5018=LINE('',#12195,#6110);
#5019=LINE('',#12196,#6111);
#5020=LINE('',#12199,#6112);
#5021=LINE('',#12201,#6113);
#5022=LINE('',#12203,#6114);
#5023=LINE('',#12204,#6115);
#5024=LINE('',#12207,#6116);
#5025=LINE('',#12209,#6117);
#5026=LINE('',#12211,#6118);
#5027=LINE('',#12212,#6119);
#5028=LINE('',#12215,#6120);
#5029=LINE('',#12217,#6121);
#5030=LINE('',#12219,#6122);
#5031=LINE('',#12220,#6123);
#5032=LINE('',#12223,#6124);
#5033=LINE('',#12225,#6125);
#5034=LINE('',#12227,#6126);
#5035=LINE('',#12228,#6127);
#5036=LINE('',#12231,#6128);
#5037=LINE('',#12233,#6129);
#5038=LINE('',#12235,#6130);
#5039=LINE('',#12236,#6131);
#5040=LINE('',#12238,#6132);
#5041=LINE('',#12243,#6133);
#5042=LINE('',#12244,#6134);
#5043=LINE('',#12246,#6135);
#5044=LINE('',#12248,#6136);
#5045=LINE('',#12251,#6137);
#5046=LINE('',#12252,#6138);
#5047=LINE('',#12254,#6139);
#5048=LINE('',#12256,#6140);
#5049=LINE('',#12259,#6141);
#5050=LINE('',#12260,#6142);
#5051=LINE('',#12262,#6143);
#5052=LINE('',#12264,#6144);
#5053=LINE('',#12267,#6145);
#5054=LINE('',#12268,#6146);
#5055=LINE('',#12270,#6147);
#5056=LINE('',#12272,#6148);
#5057=LINE('',#12275,#6149);
#5058=LINE('',#12276,#6150);
#5059=LINE('',#12278,#6151);
#5060=LINE('',#12280,#6152);
#5061=LINE('',#12283,#6153);
#5062=LINE('',#12284,#6154);
#5063=LINE('',#12286,#6155);
#5064=LINE('',#12288,#6156);
#5065=LINE('',#12291,#6157);
#5066=LINE('',#12292,#6158);
#5067=LINE('',#12294,#6159);
#5068=LINE('',#12296,#6160);
#5069=LINE('',#12299,#6161);
#5070=LINE('',#12300,#6162);
#5071=LINE('',#12302,#6163);
#5072=LINE('',#12304,#6164);
#5073=LINE('',#12307,#6165);
#5074=LINE('',#12308,#6166);
#5075=LINE('',#12310,#6167);
#5076=LINE('',#12312,#6168);
#5077=LINE('',#12315,#6169);
#5078=LINE('',#12316,#6170);
#5079=LINE('',#12318,#6171);
#5080=LINE('',#12320,#6172);
#5081=LINE('',#12323,#6173);
#5082=LINE('',#12324,#6174);
#5083=LINE('',#12326,#6175);
#5084=LINE('',#12328,#6176);
#5085=LINE('',#12331,#6177);
#5086=LINE('',#12332,#6178);
#5087=LINE('',#12334,#6179);
#5088=LINE('',#12336,#6180);
#5089=LINE('',#12339,#6181);
#5090=LINE('',#12340,#6182);
#5091=LINE('',#12342,#6183);
#5092=LINE('',#12344,#6184);
#5093=LINE('',#12347,#6185);
#5094=LINE('',#12348,#6186);
#5095=LINE('',#12350,#6187);
#5096=LINE('',#12352,#6188);
#5097=LINE('',#12356,#6189);
#5098=LINE('',#12359,#6190);
#5099=LINE('',#12361,#6191);
#5100=LINE('',#12363,#6192);
#5101=LINE('',#12365,#6193);
#5102=LINE('',#12367,#6194);
#5103=LINE('',#12369,#6195);
#5104=LINE('',#12371,#6196);
#5105=LINE('',#12373,#6197);
#5106=LINE('',#12375,#6198);
#5107=LINE('',#12377,#6199);
#5108=LINE('',#12379,#6200);
#5109=LINE('',#12381,#6201);
#5110=LINE('',#12384,#6202);
#5111=LINE('',#12386,#6203);
#5112=LINE('',#12388,#6204);
#5113=LINE('',#12390,#6205);
#5114=LINE('',#12392,#6206);
#5115=LINE('',#12394,#6207);
#5116=LINE('',#12396,#6208);
#5117=LINE('',#12398,#6209);
#5118=LINE('',#12400,#6210);
#5119=LINE('',#12402,#6211);
#5120=LINE('',#12404,#6212);
#5121=LINE('',#12406,#6213);
#5122=LINE('',#12407,#6214);
#5123=LINE('',#12409,#6215);
#5124=LINE('',#12410,#6216);
#5125=LINE('',#12412,#6217);
#5126=LINE('',#12415,#6218);
#5127=LINE('',#12417,#6219);
#5128=LINE('',#12419,#6220);
#5129=LINE('',#12421,#6221);
#5130=LINE('',#12423,#6222);
#5131=LINE('',#12425,#6223);
#5132=LINE('',#12427,#6224);
#5133=LINE('',#12429,#6225);
#5134=LINE('',#12431,#6226);
#5135=LINE('',#12433,#6227);
#5136=LINE('',#12434,#6228);
#5137=LINE('',#12436,#6229);
#5138=LINE('',#12439,#6230);
#5139=LINE('',#12441,#6231);
#5140=LINE('',#12443,#6232);
#5141=LINE('',#12445,#6233);
#5142=LINE('',#12447,#6234);
#5143=LINE('',#12449,#6235);
#5144=LINE('',#12451,#6236);
#5145=LINE('',#12453,#6237);
#5146=LINE('',#12455,#6238);
#5147=LINE('',#12457,#6239);
#5148=LINE('',#12458,#6240);
#5149=LINE('',#12460,#6241);
#5150=LINE('',#12463,#6242);
#5151=LINE('',#12465,#6243);
#5152=LINE('',#12467,#6244);
#5153=LINE('',#12469,#6245);
#5154=LINE('',#12471,#6246);
#5155=LINE('',#12473,#6247);
#5156=LINE('',#12475,#6248);
#5157=LINE('',#12477,#6249);
#5158=LINE('',#12479,#6250);
#5159=LINE('',#12481,#6251);
#5160=LINE('',#12482,#6252);
#5161=LINE('',#12484,#6253);
#5162=LINE('',#12487,#6254);
#5163=LINE('',#12489,#6255);
#5164=LINE('',#12491,#6256);
#5165=LINE('',#12493,#6257);
#5166=LINE('',#12495,#6258);
#5167=LINE('',#12497,#6259);
#5168=LINE('',#12499,#6260);
#5169=LINE('',#12501,#6261);
#5170=LINE('',#12503,#6262);
#5171=LINE('',#12505,#6263);
#5172=LINE('',#12506,#6264);
#5173=LINE('',#12508,#6265);
#5174=LINE('',#12511,#6266);
#5175=LINE('',#12513,#6267);
#5176=LINE('',#12515,#6268);
#5177=LINE('',#12517,#6269);
#5178=LINE('',#12519,#6270);
#5179=LINE('',#12521,#6271);
#5180=LINE('',#12523,#6272);
#5181=LINE('',#12525,#6273);
#5182=LINE('',#12527,#6274);
#5183=LINE('',#12529,#6275);
#5184=LINE('',#12530,#6276);
#5185=LINE('',#12532,#6277);
#5186=LINE('',#12535,#6278);
#5187=LINE('',#12537,#6279);
#5188=LINE('',#12539,#6280);
#5189=LINE('',#12541,#6281);
#5190=LINE('',#12543,#6282);
#5191=LINE('',#12545,#6283);
#5192=LINE('',#12547,#6284);
#5193=LINE('',#12549,#6285);
#5194=LINE('',#12551,#6286);
#5195=LINE('',#12553,#6287);
#5196=LINE('',#12554,#6288);
#5197=LINE('',#12556,#6289);
#5198=LINE('',#12559,#6290);
#5199=LINE('',#12561,#6291);
#5200=LINE('',#12563,#6292);
#5201=LINE('',#12565,#6293);
#5202=LINE('',#12567,#6294);
#5203=LINE('',#12569,#6295);
#5204=LINE('',#12571,#6296);
#5205=LINE('',#12573,#6297);
#5206=LINE('',#12575,#6298);
#5207=LINE('',#12577,#6299);
#5208=LINE('',#12578,#6300);
#5209=LINE('',#12580,#6301);
#5210=LINE('',#12583,#6302);
#5211=LINE('',#12585,#6303);
#5212=LINE('',#12587,#6304);
#5213=LINE('',#12589,#6305);
#5214=LINE('',#12591,#6306);
#5215=LINE('',#12593,#6307);
#5216=LINE('',#12595,#6308);
#5217=LINE('',#12597,#6309);
#5218=LINE('',#12599,#6310);
#5219=LINE('',#12601,#6311);
#5220=LINE('',#12602,#6312);
#5221=LINE('',#12604,#6313);
#5222=LINE('',#12607,#6314);
#5223=LINE('',#12609,#6315);
#5224=LINE('',#12611,#6316);
#5225=LINE('',#12613,#6317);
#5226=LINE('',#12615,#6318);
#5227=LINE('',#12617,#6319);
#5228=LINE('',#12619,#6320);
#5229=LINE('',#12621,#6321);
#5230=LINE('',#12623,#6322);
#5231=LINE('',#12625,#6323);
#5232=LINE('',#12626,#6324);
#5233=LINE('',#12628,#6325);
#5234=LINE('',#12631,#6326);
#5235=LINE('',#12633,#6327);
#5236=LINE('',#12635,#6328);
#5237=LINE('',#12637,#6329);
#5238=LINE('',#12639,#6330);
#5239=LINE('',#12641,#6331);
#5240=LINE('',#12643,#6332);
#5241=LINE('',#12645,#6333);
#5242=LINE('',#12647,#6334);
#5243=LINE('',#12649,#6335);
#5244=LINE('',#12650,#6336);
#5245=LINE('',#12652,#6337);
#5246=LINE('',#12655,#6338);
#5247=LINE('',#12657,#6339);
#5248=LINE('',#12659,#6340);
#5249=LINE('',#12661,#6341);
#5250=LINE('',#12663,#6342);
#5251=LINE('',#12665,#6343);
#5252=LINE('',#12667,#6344);
#5253=LINE('',#12669,#6345);
#5254=LINE('',#12671,#6346);
#5255=LINE('',#12673,#6347);
#5256=LINE('',#12674,#6348);
#5257=LINE('',#12676,#6349);
#5258=LINE('',#12679,#6350);
#5259=LINE('',#12681,#6351);
#5260=LINE('',#12683,#6352);
#5261=LINE('',#12685,#6353);
#5262=LINE('',#12687,#6354);
#5263=LINE('',#12689,#6355);
#5264=LINE('',#12691,#6356);
#5265=LINE('',#12693,#6357);
#5266=LINE('',#12695,#6358);
#5267=LINE('',#12697,#6359);
#5268=LINE('',#12698,#6360);
#5269=LINE('',#12700,#6361);
#5270=LINE('',#12703,#6362);
#5271=LINE('',#12705,#6363);
#5272=LINE('',#12707,#6364);
#5273=LINE('',#12709,#6365);
#5274=LINE('',#12711,#6366);
#5275=LINE('',#12713,#6367);
#5276=LINE('',#12715,#6368);
#5277=LINE('',#12717,#6369);
#5278=LINE('',#12719,#6370);
#5279=LINE('',#12721,#6371);
#5280=LINE('',#12722,#6372);
#5281=LINE('',#12724,#6373);
#5282=LINE('',#12727,#6374);
#5283=LINE('',#12729,#6375);
#5284=LINE('',#12731,#6376);
#5285=LINE('',#12733,#6377);
#5286=LINE('',#12735,#6378);
#5287=LINE('',#12737,#6379);
#5288=LINE('',#12739,#6380);
#5289=LINE('',#12741,#6381);
#5290=LINE('',#12743,#6382);
#5291=LINE('',#12745,#6383);
#5292=LINE('',#12746,#6384);
#5293=LINE('',#12748,#6385);
#5294=LINE('',#12751,#6386);
#5295=LINE('',#12753,#6387);
#5296=LINE('',#12755,#6388);
#5297=LINE('',#12757,#6389);
#5298=LINE('',#12760,#6390);
#5299=LINE('',#12762,#6391);
#5300=LINE('',#12764,#6392);
#5301=LINE('',#12766,#6393);
#5302=LINE('',#12769,#6394);
#5303=LINE('',#12771,#6395);
#5304=LINE('',#12773,#6396);
#5305=LINE('',#12775,#6397);
#5306=LINE('',#12778,#6398);
#5307=LINE('',#12780,#6399);
#5308=LINE('',#12782,#6400);
#5309=LINE('',#12784,#6401);
#5310=LINE('',#12787,#6402);
#5311=LINE('',#12789,#6403);
#5312=LINE('',#12791,#6404);
#5313=LINE('',#12793,#6405);
#5314=LINE('',#12796,#6406);
#5315=LINE('',#12798,#6407);
#5316=LINE('',#12800,#6408);
#5317=LINE('',#12802,#6409);
#5318=LINE('',#12805,#6410);
#5319=LINE('',#12807,#6411);
#5320=LINE('',#12809,#6412);
#5321=LINE('',#12811,#6413);
#5322=LINE('',#12813,#6414);
#5323=LINE('',#12815,#6415);
#5324=LINE('',#12817,#6416);
#5325=LINE('',#12819,#6417);
#5326=LINE('',#12821,#6418);
#5327=LINE('',#12823,#6419);
#5328=LINE('',#12825,#6420);
#5329=LINE('',#12827,#6421);
#5330=LINE('',#12829,#6422);
#5331=LINE('',#12831,#6423);
#5332=LINE('',#12833,#6424);
#5333=LINE('',#12835,#6425);
#5334=LINE('',#12837,#6426);
#5335=LINE('',#12839,#6427);
#5336=LINE('',#12841,#6428);
#5337=LINE('',#12843,#6429);
#5338=LINE('',#12845,#6430);
#5339=LINE('',#12847,#6431);
#5340=LINE('',#12849,#6432);
#5341=LINE('',#12851,#6433);
#5342=LINE('',#12853,#6434);
#5343=LINE('',#12855,#6435);
#5344=LINE('',#12857,#6436);
#5345=LINE('',#12859,#6437);
#5346=LINE('',#12861,#6438);
#5347=LINE('',#12863,#6439);
#5348=LINE('',#12865,#6440);
#5349=LINE('',#12867,#6441);
#5350=LINE('',#12869,#6442);
#5351=LINE('',#12871,#6443);
#5352=LINE('',#12873,#6444);
#5353=LINE('',#12875,#6445);
#5354=LINE('',#12877,#6446);
#5355=LINE('',#12879,#6447);
#5356=LINE('',#12881,#6448);
#5357=LINE('',#12883,#6449);
#5358=LINE('',#12885,#6450);
#5359=LINE('',#12887,#6451);
#5360=LINE('',#12889,#6452);
#5361=LINE('',#12891,#6453);
#5362=LINE('',#12893,#6454);
#5363=LINE('',#12895,#6455);
#5364=LINE('',#12901,#6456);
#5365=LINE('',#12907,#6457);
#5366=LINE('',#12913,#6458);
#5367=LINE('',#12919,#6459);
#5368=LINE('',#12925,#6460);
#5369=LINE('',#12931,#6461);
#5370=LINE('',#12937,#6462);
#5371=LINE('',#12939,#6463);
#5372=LINE('',#12941,#6464);
#5373=LINE('',#12943,#6465);
#5374=LINE('',#12945,#6466);
#5375=LINE('',#12947,#6467);
#5376=LINE('',#12949,#6468);
#5377=LINE('',#12951,#6469);
#5378=LINE('',#12953,#6470);
#5379=LINE('',#12955,#6471);
#5380=LINE('',#12957,#6472);
#5381=LINE('',#12959,#6473);
#5382=LINE('',#12961,#6474);
#5383=LINE('',#12963,#6475);
#5384=LINE('',#12965,#6476);
#5385=LINE('',#12967,#6477);
#5386=LINE('',#12969,#6478);
#5387=LINE('',#12971,#6479);
#5388=LINE('',#12973,#6480);
#5389=LINE('',#12975,#6481);
#5390=LINE('',#12977,#6482);
#5391=LINE('',#12983,#6483);
#5392=LINE('',#12989,#6484);
#5393=LINE('',#12995,#6485);
#5394=LINE('',#13001,#6486);
#5395=LINE('',#13007,#6487);
#5396=LINE('',#13013,#6488);
#5397=LINE('',#13019,#6489);
#5398=LINE('',#13021,#6490);
#5399=LINE('',#13023,#6491);
#5400=LINE('',#13024,#6492);
#5401=LINE('',#13026,#6493);
#5402=LINE('',#13028,#6494);
#5403=LINE('',#13029,#6495);
#5404=LINE('',#13031,#6496);
#5405=LINE('',#13033,#6497);
#5406=LINE('',#13034,#6498);
#5407=LINE('',#13036,#6499);
#5408=LINE('',#13038,#6500);
#5409=LINE('',#13039,#6501);
#5410=LINE('',#13041,#6502);
#5411=LINE('',#13043,#6503);
#5412=LINE('',#13044,#6504);
#5413=LINE('',#13046,#6505);
#5414=LINE('',#13048,#6506);
#5415=LINE('',#13049,#6507);
#5416=LINE('',#13051,#6508);
#5417=LINE('',#13053,#6509);
#5418=LINE('',#13054,#6510);
#5419=LINE('',#13056,#6511);
#5420=LINE('',#13057,#6512);
#5421=LINE('',#13059,#6513);
#5422=LINE('',#13061,#6514);
#5423=LINE('',#13062,#6515);
#5424=LINE('',#13064,#6516);
#5425=LINE('',#13066,#6517);
#5426=LINE('',#13068,#6518);
#5427=LINE('',#13070,#6519);
#5428=LINE('',#13072,#6520);
#5429=LINE('',#13074,#6521);
#5430=LINE('',#13076,#6522);
#5431=LINE('',#13078,#6523);
#5432=LINE('',#13080,#6524);
#5433=LINE('',#13082,#6525);
#5434=LINE('',#13084,#6526);
#5435=LINE('',#13086,#6527);
#5436=LINE('',#13088,#6528);
#5437=LINE('',#13090,#6529);
#5438=LINE('',#13092,#6530);
#5439=LINE('',#13094,#6531);
#5440=LINE('',#13096,#6532);
#5441=LINE('',#13098,#6533);
#5442=LINE('',#13100,#6534);
#5443=LINE('',#13102,#6535);
#5444=LINE('',#13104,#6536);
#5445=LINE('',#13106,#6537);
#5446=LINE('',#13108,#6538);
#5447=LINE('',#13110,#6539);
#5448=LINE('',#13112,#6540);
#5449=LINE('',#13114,#6541);
#5450=LINE('',#13116,#6542);
#5451=LINE('',#13122,#6543);
#5452=LINE('',#13128,#6544);
#5453=LINE('',#13134,#6545);
#5454=LINE('',#13140,#6546);
#5455=LINE('',#13146,#6547);
#5456=LINE('',#13152,#6548);
#5457=LINE('',#13158,#6549);
#5458=LINE('',#13160,#6550);
#5459=LINE('',#13162,#6551);
#5460=LINE('',#13164,#6552);
#5461=LINE('',#13166,#6553);
#5462=LINE('',#13168,#6554);
#5463=LINE('',#13170,#6555);
#5464=LINE('',#13172,#6556);
#5465=LINE('',#13174,#6557);
#5466=LINE('',#13176,#6558);
#5467=LINE('',#13178,#6559);
#5468=LINE('',#13180,#6560);
#5469=LINE('',#13182,#6561);
#5470=LINE('',#13184,#6562);
#5471=LINE('',#13186,#6563);
#5472=LINE('',#13188,#6564);
#5473=LINE('',#13190,#6565);
#5474=LINE('',#13192,#6566);
#5475=LINE('',#13194,#6567);
#5476=LINE('',#13196,#6568);
#5477=LINE('',#13198,#6569);
#5478=LINE('',#13200,#6570);
#5479=LINE('',#13202,#6571);
#5480=LINE('',#13208,#6572);
#5481=LINE('',#13214,#6573);
#5482=LINE('',#13220,#6574);
#5483=LINE('',#13226,#6575);
#5484=LINE('',#13232,#6576);
#5485=LINE('',#13238,#6577);
#5486=LINE('',#13244,#6578);
#5487=LINE('',#13246,#6579);
#5488=LINE('',#13248,#6580);
#5489=LINE('',#13250,#6581);
#5490=LINE('',#13252,#6582);
#5491=LINE('',#13254,#6583);
#5492=LINE('',#13256,#6584);
#5493=LINE('',#13258,#6585);
#5494=LINE('',#13260,#6586);
#5495=LINE('',#13262,#6587);
#5496=LINE('',#13264,#6588);
#5497=LINE('',#13266,#6589);
#5498=LINE('',#13268,#6590);
#5499=LINE('',#13270,#6591);
#5500=LINE('',#13272,#6592);
#5501=LINE('',#13274,#6593);
#5502=LINE('',#13276,#6594);
#5503=LINE('',#13278,#6595);
#5504=LINE('',#13280,#6596);
#5505=LINE('',#13282,#6597);
#5506=LINE('',#13284,#6598);
#5507=LINE('',#13286,#6599);
#5508=LINE('',#13288,#6600);
#5509=LINE('',#13290,#6601);
#5510=LINE('',#13292,#6602);
#5511=LINE('',#13294,#6603);
#5512=LINE('',#13296,#6604);
#5513=LINE('',#13298,#6605);
#5514=LINE('',#13300,#6606);
#5515=LINE('',#13302,#6607);
#5516=LINE('',#13304,#6608);
#5517=LINE('',#13306,#6609);
#5518=LINE('',#13308,#6610);
#5519=LINE('',#13310,#6611);
#5520=LINE('',#13312,#6612);
#5521=LINE('',#13314,#6613);
#5522=LINE('',#13316,#6614);
#5523=LINE('',#13318,#6615);
#5524=LINE('',#13320,#6616);
#5525=LINE('',#13322,#6617);
#5526=LINE('',#13324,#6618);
#5527=LINE('',#13326,#6619);
#5528=LINE('',#13328,#6620);
#5529=LINE('',#13330,#6621);
#5530=LINE('',#13332,#6622);
#5531=LINE('',#13334,#6623);
#5532=LINE('',#13336,#6624);
#5533=LINE('',#13338,#6625);
#5534=LINE('',#13340,#6626);
#5535=LINE('',#13342,#6627);
#5536=LINE('',#13344,#6628);
#5537=LINE('',#13346,#6629);
#5538=LINE('',#13348,#6630);
#5539=LINE('',#13350,#6631);
#5540=LINE('',#13352,#6632);
#5541=LINE('',#13354,#6633);
#5542=LINE('',#13356,#6634);
#5543=LINE('',#13358,#6635);
#5544=LINE('',#13360,#6636);
#5545=LINE('',#13362,#6637);
#5546=LINE('',#13364,#6638);
#5547=LINE('',#13366,#6639);
#5548=LINE('',#13368,#6640);
#5549=LINE('',#13374,#6641);
#5550=LINE('',#13380,#6642);
#5551=LINE('',#13386,#6643);
#5552=LINE('',#13392,#6644);
#5553=LINE('',#13398,#6645);
#5554=LINE('',#13404,#6646);
#5555=LINE('',#13410,#6647);
#5556=LINE('',#13412,#6648);
#5557=LINE('',#13414,#6649);
#5558=LINE('',#13416,#6650);
#5559=LINE('',#13418,#6651);
#5560=LINE('',#13420,#6652);
#5561=LINE('',#13422,#6653);
#5562=LINE('',#13424,#6654);
#5563=LINE('',#13426,#6655);
#5564=LINE('',#13428,#6656);
#5565=LINE('',#13430,#6657);
#5566=LINE('',#13432,#6658);
#5567=LINE('',#13434,#6659);
#5568=LINE('',#13436,#6660);
#5569=LINE('',#13438,#6661);
#5570=LINE('',#13440,#6662);
#5571=LINE('',#13442,#6663);
#5572=LINE('',#13444,#6664);
#5573=LINE('',#13446,#6665);
#5574=LINE('',#13448,#6666);
#5575=LINE('',#13450,#6667);
#5576=LINE('',#13452,#6668);
#5577=LINE('',#13454,#6669);
#5578=LINE('',#13460,#6670);
#5579=LINE('',#13466,#6671);
#5580=LINE('',#13472,#6672);
#5581=LINE('',#13478,#6673);
#5582=LINE('',#13484,#6674);
#5583=LINE('',#13490,#6675);
#5584=LINE('',#13496,#6676);
#5585=LINE('',#13498,#6677);
#5586=LINE('',#13499,#6678);
#5587=LINE('',#13501,#6679);
#5588=LINE('',#13503,#6680);
#5589=LINE('',#13504,#6681);
#5590=LINE('',#13506,#6682);
#5591=LINE('',#13508,#6683);
#5592=LINE('',#13509,#6684);
#5593=LINE('',#13511,#6685);
#5594=LINE('',#13513,#6686);
#5595=LINE('',#13514,#6687);
#5596=LINE('',#13516,#6688);
#5597=LINE('',#13518,#6689);
#5598=LINE('',#13519,#6690);
#5599=LINE('',#13521,#6691);
#5600=LINE('',#13523,#6692);
#5601=LINE('',#13524,#6693);
#5602=LINE('',#13526,#6694);
#5603=LINE('',#13528,#6695);
#5604=LINE('',#13529,#6696);
#5605=LINE('',#13531,#6697);
#5606=LINE('',#13532,#6698);
#5607=LINE('',#13534,#6699);
#5608=LINE('',#13536,#6700);
#5609=LINE('',#13537,#6701);
#5610=LINE('',#13539,#6702);
#5611=LINE('',#13541,#6703);
#5612=LINE('',#13543,#6704);
#5613=LINE('',#13545,#6705);
#5614=LINE('',#13547,#6706);
#5615=LINE('',#13549,#6707);
#5616=LINE('',#13551,#6708);
#5617=LINE('',#13553,#6709);
#5618=LINE('',#13555,#6710);
#5619=LINE('',#13557,#6711);
#5620=LINE('',#13559,#6712);
#5621=LINE('',#13561,#6713);
#5622=LINE('',#13563,#6714);
#5623=LINE('',#13565,#6715);
#5624=LINE('',#13567,#6716);
#5625=LINE('',#13569,#6717);
#5626=LINE('',#13571,#6718);
#5627=LINE('',#13573,#6719);
#5628=LINE('',#13575,#6720);
#5629=LINE('',#13577,#6721);
#5630=LINE('',#13579,#6722);
#5631=LINE('',#13581,#6723);
#5632=LINE('',#13583,#6724);
#5633=LINE('',#13585,#6725);
#5634=LINE('',#13587,#6726);
#5635=LINE('',#13589,#6727);
#5636=LINE('',#13591,#6728);
#5637=LINE('',#13593,#6729);
#5638=LINE('',#13599,#6730);
#5639=LINE('',#13605,#6731);
#5640=LINE('',#13611,#6732);
#5641=LINE('',#13617,#6733);
#5642=LINE('',#13623,#6734);
#5643=LINE('',#13629,#6735);
#5644=LINE('',#13635,#6736);
#5645=LINE('',#13637,#6737);
#5646=LINE('',#13639,#6738);
#5647=LINE('',#13641,#6739);
#5648=LINE('',#13643,#6740);
#5649=LINE('',#13645,#6741);
#5650=LINE('',#13647,#6742);
#5651=LINE('',#13649,#6743);
#5652=LINE('',#13651,#6744);
#5653=LINE('',#13653,#6745);
#5654=LINE('',#13655,#6746);
#5655=LINE('',#13657,#6747);
#5656=LINE('',#13659,#6748);
#5657=LINE('',#13661,#6749);
#5658=LINE('',#13663,#6750);
#5659=LINE('',#13665,#6751);
#5660=LINE('',#13667,#6752);
#5661=LINE('',#13669,#6753);
#5662=LINE('',#13671,#6754);
#5663=LINE('',#13673,#6755);
#5664=LINE('',#13675,#6756);
#5665=LINE('',#13701,#6757);
#5666=LINE('',#13704,#6758);
#5667=LINE('',#13707,#6759);
#5668=LINE('',#13710,#6760);
#5669=LINE('',#13713,#6761);
#5670=LINE('',#13715,#6762);
#5671=LINE('',#13718,#6763);
#5672=LINE('',#13720,#6764);
#5673=LINE('',#13723,#6765);
#5674=LINE('',#13725,#6766);
#5675=LINE('',#13728,#6767);
#5676=LINE('',#13730,#6768);
#5677=LINE('',#13733,#6769);
#5678=LINE('',#13735,#6770);
#5679=LINE('',#13738,#6771);
#5680=LINE('',#13740,#6772);
#5681=LINE('',#13743,#6773);
#5682=LINE('',#13745,#6774);
#5683=LINE('',#13748,#6775);
#5684=LINE('',#13750,#6776);
#5685=LINE('',#13753,#6777);
#5686=LINE('',#13755,#6778);
#5687=LINE('',#13758,#6779);
#5688=LINE('',#13760,#6780);
#5689=LINE('',#13763,#6781);
#5690=LINE('',#13765,#6782);
#5691=LINE('',#13768,#6783);
#5692=LINE('',#13769,#6784);
#5693=VECTOR('',#9184,39.3700787401575);
#5694=VECTOR('',#9185,39.3700787401575);
#5695=VECTOR('',#9186,39.3700787401575);
#5696=VECTOR('',#9187,39.3700787401575);
#5697=VECTOR('',#9188,39.3700787401575);
#5698=VECTOR('',#9189,39.3700787401575);
#5699=VECTOR('',#9190,39.3700787401575);
#5700=VECTOR('',#9191,39.3700787401575);
#5701=VECTOR('',#9192,39.3700787401575);
#5702=VECTOR('',#9193,39.3700787401575);
#5703=VECTOR('',#9194,39.3700787401575);
#5704=VECTOR('',#9195,39.3700787401575);
#5705=VECTOR('',#9196,39.3700787401575);
#5706=VECTOR('',#9197,39.3700787401575);
#5707=VECTOR('',#9198,39.3700787401575);
#5708=VECTOR('',#9199,39.3700787401575);
#5709=VECTOR('',#9200,39.3700787401575);
#5710=VECTOR('',#9201,39.3700787401575);
#5711=VECTOR('',#9202,39.3700787401575);
#5712=VECTOR('',#9203,39.3700787401575);
#5713=VECTOR('',#9204,39.3700787401575);
#5714=VECTOR('',#9205,39.3700787401575);
#5715=VECTOR('',#9206,39.3700787401575);
#5716=VECTOR('',#9207,39.3700787401575);
#5717=VECTOR('',#9208,39.3700787401575);
#5718=VECTOR('',#9209,39.3700787401575);
#5719=VECTOR('',#9210,39.3700787401575);
#5720=VECTOR('',#9211,39.3700787401575);
#5721=VECTOR('',#9212,39.3700787401575);
#5722=VECTOR('',#9213,39.3700787401575);
#5723=VECTOR('',#9214,39.3700787401575);
#5724=VECTOR('',#9215,39.3700787401575);
#5725=VECTOR('',#9216,39.3700787401575);
#5726=VECTOR('',#9217,39.3700787401575);
#5727=VECTOR('',#9218,39.3700787401575);
#5728=VECTOR('',#9219,39.3700787401575);
#5729=VECTOR('',#9220,39.3700787401575);
#5730=VECTOR('',#9221,39.3700787401575);
#5731=VECTOR('',#9222,39.3700787401575);
#5732=VECTOR('',#9223,39.3700787401575);
#5733=VECTOR('',#9224,39.3700787401575);
#5734=VECTOR('',#9225,39.3700787401575);
#5735=VECTOR('',#9226,39.3700787401575);
#5736=VECTOR('',#9227,39.3700787401575);
#5737=VECTOR('',#9228,39.3700787401575);
#5738=VECTOR('',#9229,39.3700787401575);
#5739=VECTOR('',#9230,39.3700787401575);
#5740=VECTOR('',#9231,39.3700787401575);
#5741=VECTOR('',#9232,39.3700787401575);
#5742=VECTOR('',#9233,39.3700787401575);
#5743=VECTOR('',#9234,39.3700787401575);
#5744=VECTOR('',#9235,39.3700787401575);
#5745=VECTOR('',#9236,39.3700787401575);
#5746=VECTOR('',#9237,39.3700787401575);
#5747=VECTOR('',#9238,39.3700787401575);
#5748=VECTOR('',#9239,39.3700787401575);
#5749=VECTOR('',#9240,39.3700787401575);
#5750=VECTOR('',#9241,39.3700787401575);
#5751=VECTOR('',#9242,39.3700787401575);
#5752=VECTOR('',#9243,39.3700787401575);
#5753=VECTOR('',#9246,39.3700787401575);
#5754=VECTOR('',#9247,39.3700787401575);
#5755=VECTOR('',#9248,39.3700787401575);
#5756=VECTOR('',#9251,39.3700787401575);
#5757=VECTOR('',#9252,39.3700787401575);
#5758=VECTOR('',#9255,39.3700787401575);
#5759=VECTOR('',#9256,39.3700787401575);
#5760=VECTOR('',#9259,39.3700787401575);
#5761=VECTOR('',#9262,39.3700787401575);
#5762=VECTOR('',#9263,39.3700787401575);
#5763=VECTOR('',#9264,39.3700787401575);
#5764=VECTOR('',#9265,39.3700787401575);
#5765=VECTOR('',#9266,39.3700787401575);
#5766=VECTOR('',#9267,39.3700787401575);
#5767=VECTOR('',#9268,39.3700787401575);
#5768=VECTOR('',#9269,39.3700787401575);
#5769=VECTOR('',#9270,39.3700787401575);
#5770=VECTOR('',#9271,39.3700787401575);
#5771=VECTOR('',#9272,39.3700787401575);
#5772=VECTOR('',#9273,39.3700787401575);
#5773=VECTOR('',#9274,39.3700787401575);
#5774=VECTOR('',#9275,39.3700787401575);
#5775=VECTOR('',#9276,39.3700787401575);
#5776=VECTOR('',#9277,39.3700787401575);
#5777=VECTOR('',#9278,39.3700787401575);
#5778=VECTOR('',#9279,39.3700787401575);
#5779=VECTOR('',#9280,39.3700787401575);
#5780=VECTOR('',#9281,39.3700787401575);
#5781=VECTOR('',#9282,39.3700787401575);
#5782=VECTOR('',#9283,39.3700787401575);
#5783=VECTOR('',#9284,39.3700787401575);
#5784=VECTOR('',#9285,39.3700787401575);
#5785=VECTOR('',#9286,39.3700787401575);
#5786=VECTOR('',#9287,39.3700787401575);
#5787=VECTOR('',#9288,39.3700787401575);
#5788=VECTOR('',#9289,39.3700787401575);
#5789=VECTOR('',#9290,39.3700787401575);
#5790=VECTOR('',#9291,39.3700787401575);
#5791=VECTOR('',#9292,39.3700787401575);
#5792=VECTOR('',#9293,39.3700787401575);
#5793=VECTOR('',#9294,39.3700787401575);
#5794=VECTOR('',#9295,39.3700787401575);
#5795=VECTOR('',#9296,39.3700787401575);
#5796=VECTOR('',#9297,39.3700787401575);
#5797=VECTOR('',#9298,39.3700787401575);
#5798=VECTOR('',#9299,39.3700787401575);
#5799=VECTOR('',#9300,39.3700787401575);
#5800=VECTOR('',#9301,39.3700787401575);
#5801=VECTOR('',#9302,39.3700787401575);
#5802=VECTOR('',#9303,39.3700787401575);
#5803=VECTOR('',#9304,39.3700787401575);
#5804=VECTOR('',#9305,39.3700787401575);
#5805=VECTOR('',#9306,39.3700787401575);
#5806=VECTOR('',#9307,39.3700787401575);
#5807=VECTOR('',#9308,39.3700787401575);
#5808=VECTOR('',#9309,39.3700787401575);
#5809=VECTOR('',#9310,39.3700787401575);
#5810=VECTOR('',#9311,39.3700787401575);
#5811=VECTOR('',#9312,39.3700787401575);
#5812=VECTOR('',#9313,39.3700787401575);
#5813=VECTOR('',#9314,39.3700787401575);
#5814=VECTOR('',#9315,39.3700787401575);
#5815=VECTOR('',#9316,39.3700787401575);
#5816=VECTOR('',#9317,39.3700787401575);
#5817=VECTOR('',#9320,39.3700787401575);
#5818=VECTOR('',#9321,39.3700787401575);
#5819=VECTOR('',#9322,39.3700787401575);
#5820=VECTOR('',#9325,39.3700787401575);
#5821=VECTOR('',#9326,39.3700787401575);
#5822=VECTOR('',#9329,39.3700787401575);
#5823=VECTOR('',#9330,39.3700787401575);
#5824=VECTOR('',#9333,39.3700787401575);
#5825=VECTOR('',#9336,39.3700787401575);
#5826=VECTOR('',#9337,39.3700787401575);
#5827=VECTOR('',#9338,39.3700787401575);
#5828=VECTOR('',#9341,39.3700787401575);
#5829=VECTOR('',#9342,39.3700787401575);
#5830=VECTOR('',#9345,39.3700787401575);
#5831=VECTOR('',#9346,39.3700787401575);
#5832=VECTOR('',#9349,39.3700787401575);
#5833=VECTOR('',#9352,39.3700787401575);
#5834=VECTOR('',#9353,39.3700787401575);
#5835=VECTOR('',#9354,39.3700787401575);
#5836=VECTOR('',#9357,39.3700787401575);
#5837=VECTOR('',#9358,39.3700787401575);
#5838=VECTOR('',#9361,39.3700787401575);
#5839=VECTOR('',#9362,39.3700787401575);
#5840=VECTOR('',#9365,39.3700787401575);
#5841=VECTOR('',#9368,39.3700787401575);
#5842=VECTOR('',#9369,39.3700787401575);
#5843=VECTOR('',#9370,39.3700787401575);
#5844=VECTOR('',#9373,39.3700787401575);
#5845=VECTOR('',#9374,39.3700787401575);
#5846=VECTOR('',#9377,39.3700787401575);
#5847=VECTOR('',#9378,39.3700787401575);
#5848=VECTOR('',#9381,39.3700787401575);
#5849=VECTOR('',#9384,39.3700787401575);
#5850=VECTOR('',#9385,39.3700787401575);
#5851=VECTOR('',#9386,39.3700787401575);
#5852=VECTOR('',#9389,39.3700787401575);
#5853=VECTOR('',#9390,39.3700787401575);
#5854=VECTOR('',#9393,39.3700787401575);
#5855=VECTOR('',#9394,39.3700787401575);
#5856=VECTOR('',#9397,39.3700787401575);
#5857=VECTOR('',#9400,39.3700787401575);
#5858=VECTOR('',#9401,39.3700787401575);
#5859=VECTOR('',#9402,39.3700787401575);
#5860=VECTOR('',#9405,39.3700787401575);
#5861=VECTOR('',#9406,39.3700787401575);
#5862=VECTOR('',#9409,39.3700787401575);
#5863=VECTOR('',#9410,39.3700787401575);
#5864=VECTOR('',#9413,39.3700787401575);
#5865=VECTOR('',#9416,39.3700787401575);
#5866=VECTOR('',#9417,39.3700787401575);
#5867=VECTOR('',#9418,39.3700787401575);
#5868=VECTOR('',#9421,39.3700787401575);
#5869=VECTOR('',#9422,39.3700787401575);
#5870=VECTOR('',#9425,39.3700787401575);
#5871=VECTOR('',#9426,39.3700787401575);
#5872=VECTOR('',#9429,39.3700787401575);
#5873=VECTOR('',#9432,39.3700787401575);
#5874=VECTOR('',#9433,39.3700787401575);
#5875=VECTOR('',#9434,39.3700787401575);
#5876=VECTOR('',#9437,39.3700787401575);
#5877=VECTOR('',#9438,39.3700787401575);
#5878=VECTOR('',#9441,39.3700787401575);
#5879=VECTOR('',#9442,39.3700787401575);
#5880=VECTOR('',#9445,39.3700787401575);
#5881=VECTOR('',#9448,39.3700787401575);
#5882=VECTOR('',#9449,39.3700787401575);
#5883=VECTOR('',#9450,39.3700787401575);
#5884=VECTOR('',#9453,39.3700787401575);
#5885=VECTOR('',#9454,39.3700787401575);
#5886=VECTOR('',#9457,39.3700787401575);
#5887=VECTOR('',#9458,39.3700787401575);
#5888=VECTOR('',#9461,39.3700787401575);
#5889=VECTOR('',#9464,39.3700787401575);
#5890=VECTOR('',#9465,39.3700787401575);
#5891=VECTOR('',#9466,39.3700787401575);
#5892=VECTOR('',#9469,39.3700787401575);
#5893=VECTOR('',#9470,39.3700787401575);
#5894=VECTOR('',#9473,39.3700787401575);
#5895=VECTOR('',#9474,39.3700787401575);
#5896=VECTOR('',#9477,39.3700787401575);
#5897=VECTOR('',#9480,39.3700787401575);
#5898=VECTOR('',#9481,39.3700787401575);
#5899=VECTOR('',#9482,39.3700787401575);
#5900=VECTOR('',#9485,39.3700787401575);
#5901=VECTOR('',#9486,39.3700787401575);
#5902=VECTOR('',#9489,39.3700787401575);
#5903=VECTOR('',#9490,39.3700787401575);
#5904=VECTOR('',#9493,39.3700787401575);
#5905=VECTOR('',#9496,39.3700787401575);
#5906=VECTOR('',#9497,39.3700787401575);
#5907=VECTOR('',#9498,39.3700787401575);
#5908=VECTOR('',#9501,39.3700787401575);
#5909=VECTOR('',#9502,39.3700787401575);
#5910=VECTOR('',#9505,39.3700787401575);
#5911=VECTOR('',#9506,39.3700787401575);
#5912=VECTOR('',#9509,39.3700787401575);
#5913=VECTOR('',#9512,39.3700787401575);
#5914=VECTOR('',#9513,39.3700787401575);
#5915=VECTOR('',#9514,39.3700787401575);
#5916=VECTOR('',#9517,39.3700787401575);
#5917=VECTOR('',#9518,39.3700787401575);
#5918=VECTOR('',#9521,39.3700787401575);
#5919=VECTOR('',#9522,39.3700787401575);
#5920=VECTOR('',#9525,39.3700787401575);
#5921=VECTOR('',#9528,39.3700787401575);
#5922=VECTOR('',#9529,39.3700787401575);
#5923=VECTOR('',#9530,39.3700787401575);
#5924=VECTOR('',#9533,39.3700787401575);
#5925=VECTOR('',#9534,39.3700787401575);
#5926=VECTOR('',#9537,39.3700787401575);
#5927=VECTOR('',#9538,39.3700787401575);
#5928=VECTOR('',#9541,39.3700787401575);
#5929=VECTOR('',#9544,39.3700787401575);
#5930=VECTOR('',#9545,39.3700787401575);
#5931=VECTOR('',#9548,39.3700787401575);
#5932=VECTOR('',#9551,39.3700787401575);
#5933=VECTOR('',#9556,39.3700787401575);
#5934=VECTOR('',#9557,39.3700787401575);
#5935=VECTOR('',#9560,39.3700787401575);
#5936=VECTOR('',#9563,39.3700787401575);
#5937=VECTOR('',#9568,39.3700787401575);
#5938=VECTOR('',#9569,39.3700787401575);
#5939=VECTOR('',#9572,39.3700787401575);
#5940=VECTOR('',#9575,39.3700787401575);
#5941=VECTOR('',#9580,39.3700787401575);
#5942=VECTOR('',#9581,39.3700787401575);
#5943=VECTOR('',#9584,39.3700787401575);
#5944=VECTOR('',#9587,39.3700787401575);
#5945=VECTOR('',#9592,39.3700787401575);
#5946=VECTOR('',#9593,39.3700787401575);
#5947=VECTOR('',#9596,39.3700787401575);
#5948=VECTOR('',#9599,39.3700787401575);
#5949=VECTOR('',#9604,39.3700787401575);
#5950=VECTOR('',#9605,39.3700787401575);
#5951=VECTOR('',#9608,39.3700787401575);
#5952=VECTOR('',#9611,39.3700787401575);
#5953=VECTOR('',#9616,39.3700787401575);
#5954=VECTOR('',#9617,39.3700787401575);
#5955=VECTOR('',#9620,39.3700787401575);
#5956=VECTOR('',#9623,39.3700787401575);
#5957=VECTOR('',#9628,39.3700787401575);
#5958=VECTOR('',#9629,39.3700787401575);
#5959=VECTOR('',#9632,39.3700787401575);
#5960=VECTOR('',#9635,39.3700787401575);
#5961=VECTOR('',#9640,39.3700787401575);
#5962=VECTOR('',#9641,39.3700787401575);
#5963=VECTOR('',#9644,39.3700787401575);
#5964=VECTOR('',#9647,39.3700787401575);
#5965=VECTOR('',#9652,39.3700787401575);
#5966=VECTOR('',#9653,39.3700787401575);
#5967=VECTOR('',#9656,39.3700787401575);
#5968=VECTOR('',#9659,39.3700787401575);
#5969=VECTOR('',#9664,39.3700787401575);
#5970=VECTOR('',#9665,39.3700787401575);
#5971=VECTOR('',#9668,39.3700787401575);
#5972=VECTOR('',#9671,39.3700787401575);
#5973=VECTOR('',#9676,39.3700787401575);
#5974=VECTOR('',#9677,39.3700787401575);
#5975=VECTOR('',#9680,39.3700787401575);
#5976=VECTOR('',#9683,39.3700787401575);
#5977=VECTOR('',#9688,39.3700787401575);
#5978=VECTOR('',#9689,39.3700787401575);
#5979=VECTOR('',#9692,39.3700787401575);
#5980=VECTOR('',#9695,39.3700787401575);
#5981=VECTOR('',#9700,39.3700787401575);
#5982=VECTOR('',#9701,39.3700787401575);
#5983=VECTOR('',#9704,39.3700787401575);
#5984=VECTOR('',#9707,39.3700787401575);
#5985=VECTOR('',#9714,39.3700787401575);
#5986=VECTOR('',#9715,39.3700787401575);
#5987=VECTOR('',#9716,39.3700787401575);
#5988=VECTOR('',#9717,39.3700787401575);
#5989=VECTOR('',#9720,39.3700787401575);
#5990=VECTOR('',#9721,39.3700787401575);
#5991=VECTOR('',#9722,39.3700787401575);
#5992=VECTOR('',#9723,39.3700787401575);
#5993=VECTOR('',#9726,39.3700787401575);
#5994=VECTOR('',#9727,39.3700787401575);
#5995=VECTOR('',#9728,39.3700787401575);
#5996=VECTOR('',#9729,39.3700787401575);
#5997=VECTOR('',#9732,39.3700787401575);
#5998=VECTOR('',#9733,39.3700787401575);
#5999=VECTOR('',#9734,39.3700787401575);
#6000=VECTOR('',#9735,39.3700787401575);
#6001=VECTOR('',#9738,39.3700787401575);
#6002=VECTOR('',#9739,39.3700787401575);
#6003=VECTOR('',#9740,39.3700787401575);
#6004=VECTOR('',#9741,39.3700787401575);
#6005=VECTOR('',#9742,39.3700787401575);
#6006=VECTOR('',#9743,39.3700787401575);
#6007=VECTOR('',#9744,39.3700787401575);
#6008=VECTOR('',#9745,39.3700787401575);
#6009=VECTOR('',#9748,39.3700787401575);
#6010=VECTOR('',#9749,39.3700787401575);
#6011=VECTOR('',#9750,39.3700787401575);
#6012=VECTOR('',#9751,39.3700787401575);
#6013=VECTOR('',#9752,39.3700787401575);
#6014=VECTOR('',#9753,39.3700787401575);
#6015=VECTOR('',#9754,39.3700787401575);
#6016=VECTOR('',#9755,39.3700787401575);
#6017=VECTOR('',#9758,39.3700787401575);
#6018=VECTOR('',#9759,39.3700787401575);
#6019=VECTOR('',#9760,39.3700787401575);
#6020=VECTOR('',#9761,39.3700787401575);
#6021=VECTOR('',#9762,39.3700787401575);
#6022=VECTOR('',#9763,39.3700787401575);
#6023=VECTOR('',#9764,39.3700787401575);
#6024=VECTOR('',#9765,39.3700787401575);
#6025=VECTOR('',#9766,39.3700787401575);
#6026=VECTOR('',#9767,39.3700787401575);
#6027=VECTOR('',#9768,39.3700787401575);
#6028=VECTOR('',#9769,39.3700787401575);
#6029=VECTOR('',#9770,39.3700787401575);
#6030=VECTOR('',#9771,39.3700787401575);
#6031=VECTOR('',#9772,39.3700787401575);
#6032=VECTOR('',#9773,39.3700787401575);
#6033=VECTOR('',#9774,39.3700787401575);
#6034=VECTOR('',#9775,39.3700787401575);
#6035=VECTOR('',#9776,39.3700787401575);
#6036=VECTOR('',#9777,39.3700787401575);
#6037=VECTOR('',#9778,39.3700787401575);
#6038=VECTOR('',#9779,39.3700787401575);
#6039=VECTOR('',#9780,39.3700787401575);
#6040=VECTOR('',#9781,39.3700787401575);
#6041=VECTOR('',#9782,39.3700787401575);
#6042=VECTOR('',#9783,39.3700787401575);
#6043=VECTOR('',#9784,39.3700787401575);
#6044=VECTOR('',#9785,39.3700787401575);
#6045=VECTOR('',#9786,39.3700787401575);
#6046=VECTOR('',#9787,39.3700787401575);
#6047=VECTOR('',#9788,39.3700787401575);
#6048=VECTOR('',#9789,39.3700787401575);
#6049=VECTOR('',#9790,39.3700787401575);
#6050=VECTOR('',#9791,39.3700787401575);
#6051=VECTOR('',#9792,39.3700787401575);
#6052=VECTOR('',#9793,39.3700787401575);
#6053=VECTOR('',#9794,39.3700787401575);
#6054=VECTOR('',#9795,39.3700787401575);
#6055=VECTOR('',#9796,39.3700787401575);
#6056=VECTOR('',#9797,39.3700787401575);
#6057=VECTOR('',#9798,39.3700787401575);
#6058=VECTOR('',#9799,39.3700787401575);
#6059=VECTOR('',#9800,39.3700787401575);
#6060=VECTOR('',#9801,39.3700787401575);
#6061=VECTOR('',#9802,39.3700787401575);
#6062=VECTOR('',#9803,39.3700787401575);
#6063=VECTOR('',#9804,39.3700787401575);
#6064=VECTOR('',#9805,39.3700787401575);
#6065=VECTOR('',#9806,39.3700787401575);
#6066=VECTOR('',#9807,39.3700787401575);
#6067=VECTOR('',#9808,39.3700787401575);
#6068=VECTOR('',#9809,39.3700787401575);
#6069=VECTOR('',#9810,39.3700787401575);
#6070=VECTOR('',#9811,39.3700787401575);
#6071=VECTOR('',#9812,39.3700787401575);
#6072=VECTOR('',#9813,39.3700787401575);
#6073=VECTOR('',#9816,39.3700787401575);
#6074=VECTOR('',#9819,39.3700787401575);
#6075=VECTOR('',#9822,39.3700787401575);
#6076=VECTOR('',#9823,39.3700787401575);
#6077=VECTOR('',#9824,39.3700787401575);
#6078=VECTOR('',#9825,39.3700787401575);
#6079=VECTOR('',#9826,39.3700787401575);
#6080=VECTOR('',#9827,39.3700787401575);
#6081=VECTOR('',#9828,39.3700787401575);
#6082=VECTOR('',#9829,39.3700787401575);
#6083=VECTOR('',#9830,39.3700787401575);
#6084=VECTOR('',#9831,39.3700787401575);
#6085=VECTOR('',#9832,39.3700787401575);
#6086=VECTOR('',#9833,39.3700787401575);
#6087=VECTOR('',#9834,39.3700787401575);
#6088=VECTOR('',#9835,39.3700787401575);
#6089=VECTOR('',#9836,39.3700787401575);
#6090=VECTOR('',#9837,39.3700787401575);
#6091=VECTOR('',#9838,39.3700787401575);
#6092=VECTOR('',#9839,39.3700787401575);
#6093=VECTOR('',#9840,39.3700787401575);
#6094=VECTOR('',#9841,39.3700787401575);
#6095=VECTOR('',#9842,39.3700787401575);
#6096=VECTOR('',#9843,39.3700787401575);
#6097=VECTOR('',#9844,39.3700787401575);
#6098=VECTOR('',#9845,39.3700787401575);
#6099=VECTOR('',#9846,39.3700787401575);
#6100=VECTOR('',#9847,39.3700787401575);
#6101=VECTOR('',#9848,39.3700787401575);
#6102=VECTOR('',#9849,39.3700787401575);
#6103=VECTOR('',#9850,39.3700787401575);
#6104=VECTOR('',#9851,39.3700787401575);
#6105=VECTOR('',#9852,39.3700787401575);
#6106=VECTOR('',#9853,39.3700787401575);
#6107=VECTOR('',#9854,39.3700787401575);
#6108=VECTOR('',#9855,39.3700787401575);
#6109=VECTOR('',#9856,39.3700787401575);
#6110=VECTOR('',#9857,39.3700787401575);
#6111=VECTOR('',#9858,39.3700787401575);
#6112=VECTOR('',#9859,39.3700787401575);
#6113=VECTOR('',#9860,39.3700787401575);
#6114=VECTOR('',#9861,39.3700787401575);
#6115=VECTOR('',#9862,39.3700787401575);
#6116=VECTOR('',#9863,39.3700787401575);
#6117=VECTOR('',#9864,39.3700787401575);
#6118=VECTOR('',#9865,39.3700787401575);
#6119=VECTOR('',#9866,39.3700787401575);
#6120=VECTOR('',#9867,39.3700787401575);
#6121=VECTOR('',#9868,39.3700787401575);
#6122=VECTOR('',#9869,39.3700787401575);
#6123=VECTOR('',#9870,39.3700787401575);
#6124=VECTOR('',#9871,39.3700787401575);
#6125=VECTOR('',#9872,39.3700787401575);
#6126=VECTOR('',#9873,39.3700787401575);
#6127=VECTOR('',#9874,39.3700787401575);
#6128=VECTOR('',#9875,39.3700787401575);
#6129=VECTOR('',#9876,39.3700787401575);
#6130=VECTOR('',#9877,39.3700787401575);
#6131=VECTOR('',#9878,39.3700787401575);
#6132=VECTOR('',#9881,39.3700787401575);
#6133=VECTOR('',#9890,39.3700787401575);
#6134=VECTOR('',#9891,39.3700787401575);
#6135=VECTOR('',#9894,39.3700787401575);
#6136=VECTOR('',#9897,39.3700787401575);
#6137=VECTOR('',#9902,39.3700787401575);
#6138=VECTOR('',#9903,39.3700787401575);
#6139=VECTOR('',#9906,39.3700787401575);
#6140=VECTOR('',#9909,39.3700787401575);
#6141=VECTOR('',#9914,39.3700787401575);
#6142=VECTOR('',#9915,39.3700787401575);
#6143=VECTOR('',#9918,39.3700787401575);
#6144=VECTOR('',#9921,39.3700787401575);
#6145=VECTOR('',#9926,39.3700787401575);
#6146=VECTOR('',#9927,39.3700787401575);
#6147=VECTOR('',#9930,39.3700787401575);
#6148=VECTOR('',#9933,39.3700787401575);
#6149=VECTOR('',#9938,39.3700787401575);
#6150=VECTOR('',#9939,39.3700787401575);
#6151=VECTOR('',#9942,39.3700787401575);
#6152=VECTOR('',#9945,39.3700787401575);
#6153=VECTOR('',#9950,39.3700787401575);
#6154=VECTOR('',#9951,39.3700787401575);
#6155=VECTOR('',#9954,39.3700787401575);
#6156=VECTOR('',#9957,39.3700787401575);
#6157=VECTOR('',#9962,39.3700787401575);
#6158=VECTOR('',#9963,39.3700787401575);
#6159=VECTOR('',#9966,39.3700787401575);
#6160=VECTOR('',#9969,39.3700787401575);
#6161=VECTOR('',#9974,39.3700787401575);
#6162=VECTOR('',#9975,39.3700787401575);
#6163=VECTOR('',#9978,39.3700787401575);
#6164=VECTOR('',#9981,39.3700787401575);
#6165=VECTOR('',#9986,39.3700787401575);
#6166=VECTOR('',#9987,39.3700787401575);
#6167=VECTOR('',#9990,39.3700787401575);
#6168=VECTOR('',#9993,39.3700787401575);
#6169=VECTOR('',#9998,39.3700787401575);
#6170=VECTOR('',#9999,39.3700787401575);
#6171=VECTOR('',#10002,39.3700787401575);
#6172=VECTOR('',#10005,39.3700787401575);
#6173=VECTOR('',#10010,39.3700787401575);
#6174=VECTOR('',#10011,39.3700787401575);
#6175=VECTOR('',#10014,39.3700787401575);
#6176=VECTOR('',#10017,39.3700787401575);
#6177=VECTOR('',#10022,39.3700787401575);
#6178=VECTOR('',#10023,39.3700787401575);
#6179=VECTOR('',#10026,39.3700787401575);
#6180=VECTOR('',#10029,39.3700787401575);
#6181=VECTOR('',#10034,39.3700787401575);
#6182=VECTOR('',#10035,39.3700787401575);
#6183=VECTOR('',#10038,39.3700787401575);
#6184=VECTOR('',#10041,39.3700787401575);
#6185=VECTOR('',#10046,39.3700787401575);
#6186=VECTOR('',#10047,39.3700787401575);
#6187=VECTOR('',#10050,39.3700787401575);
#6188=VECTOR('',#10053,39.3700787401575);
#6189=VECTOR('',#10060,39.3700787401575);
#6190=VECTOR('',#10061,39.3700787401575);
#6191=VECTOR('',#10062,39.3700787401575);
#6192=VECTOR('',#10063,39.3700787401575);
#6193=VECTOR('',#10064,39.3700787401575);
#6194=VECTOR('',#10065,39.3700787401575);
#6195=VECTOR('',#10066,39.3700787401575);
#6196=VECTOR('',#10067,39.3700787401575);
#6197=VECTOR('',#10068,39.3700787401575);
#6198=VECTOR('',#10069,39.3700787401575);
#6199=VECTOR('',#10070,39.3700787401575);
#6200=VECTOR('',#10071,39.3700787401575);
#6201=VECTOR('',#10074,39.3700787401575);
#6202=VECTOR('',#10075,39.3700787401575);
#6203=VECTOR('',#10076,39.3700787401575);
#6204=VECTOR('',#10077,39.3700787401575);
#6205=VECTOR('',#10078,39.3700787401575);
#6206=VECTOR('',#10079,39.3700787401575);
#6207=VECTOR('',#10080,39.3700787401575);
#6208=VECTOR('',#10081,39.3700787401575);
#6209=VECTOR('',#10082,39.3700787401575);
#6210=VECTOR('',#10083,39.3700787401575);
#6211=VECTOR('',#10084,39.3700787401575);
#6212=VECTOR('',#10085,39.3700787401575);
#6213=VECTOR('',#10088,39.3700787401575);
#6214=VECTOR('',#10089,39.3700787401575);
#6215=VECTOR('',#10092,39.3700787401575);
#6216=VECTOR('',#10093,39.3700787401575);
#6217=VECTOR('',#10096,39.3700787401575);
#6218=VECTOR('',#10097,39.3700787401575);
#6219=VECTOR('',#10098,39.3700787401575);
#6220=VECTOR('',#10099,39.3700787401575);
#6221=VECTOR('',#10102,39.3700787401575);
#6222=VECTOR('',#10103,39.3700787401575);
#6223=VECTOR('',#10104,39.3700787401575);
#6224=VECTOR('',#10107,39.3700787401575);
#6225=VECTOR('',#10108,39.3700787401575);
#6226=VECTOR('',#10109,39.3700787401575);
#6227=VECTOR('',#10112,39.3700787401575);
#6228=VECTOR('',#10113,39.3700787401575);
#6229=VECTOR('',#10116,39.3700787401575);
#6230=VECTOR('',#10117,39.3700787401575);
#6231=VECTOR('',#10118,39.3700787401575);
#6232=VECTOR('',#10119,39.3700787401575);
#6233=VECTOR('',#10122,39.3700787401575);
#6234=VECTOR('',#10123,39.3700787401575);
#6235=VECTOR('',#10124,39.3700787401575);
#6236=VECTOR('',#10127,39.3700787401575);
#6237=VECTOR('',#10128,39.3700787401575);
#6238=VECTOR('',#10129,39.3700787401575);
#6239=VECTOR('',#10132,39.3700787401575);
#6240=VECTOR('',#10133,39.3700787401575);
#6241=VECTOR('',#10136,39.3700787401575);
#6242=VECTOR('',#10137,39.3700787401575);
#6243=VECTOR('',#10138,39.3700787401575);
#6244=VECTOR('',#10139,39.3700787401575);
#6245=VECTOR('',#10142,39.3700787401575);
#6246=VECTOR('',#10143,39.3700787401575);
#6247=VECTOR('',#10144,39.3700787401575);
#6248=VECTOR('',#10147,39.3700787401575);
#6249=VECTOR('',#10148,39.3700787401575);
#6250=VECTOR('',#10149,39.3700787401575);
#6251=VECTOR('',#10152,39.3700787401575);
#6252=VECTOR('',#10153,39.3700787401575);
#6253=VECTOR('',#10156,39.3700787401575);
#6254=VECTOR('',#10157,39.3700787401575);
#6255=VECTOR('',#10158,39.3700787401575);
#6256=VECTOR('',#10159,39.3700787401575);
#6257=VECTOR('',#10162,39.3700787401575);
#6258=VECTOR('',#10163,39.3700787401575);
#6259=VECTOR('',#10164,39.3700787401575);
#6260=VECTOR('',#10167,39.3700787401575);
#6261=VECTOR('',#10168,39.3700787401575);
#6262=VECTOR('',#10169,39.3700787401575);
#6263=VECTOR('',#10172,39.3700787401575);
#6264=VECTOR('',#10173,39.3700787401575);
#6265=VECTOR('',#10176,39.3700787401575);
#6266=VECTOR('',#10177,39.3700787401575);
#6267=VECTOR('',#10178,39.3700787401575);
#6268=VECTOR('',#10179,39.3700787401575);
#6269=VECTOR('',#10182,39.3700787401575);
#6270=VECTOR('',#10183,39.3700787401575);
#6271=VECTOR('',#10184,39.3700787401575);
#6272=VECTOR('',#10187,39.3700787401575);
#6273=VECTOR('',#10188,39.3700787401575);
#6274=VECTOR('',#10189,39.3700787401575);
#6275=VECTOR('',#10192,39.3700787401575);
#6276=VECTOR('',#10193,39.3700787401575);
#6277=VECTOR('',#10196,39.3700787401575);
#6278=VECTOR('',#10197,39.3700787401575);
#6279=VECTOR('',#10198,39.3700787401575);
#6280=VECTOR('',#10199,39.3700787401575);
#6281=VECTOR('',#10202,39.3700787401575);
#6282=VECTOR('',#10203,39.3700787401575);
#6283=VECTOR('',#10204,39.3700787401575);
#6284=VECTOR('',#10207,39.3700787401575);
#6285=VECTOR('',#10208,39.3700787401575);
#6286=VECTOR('',#10209,39.3700787401575);
#6287=VECTOR('',#10212,39.3700787401575);
#6288=VECTOR('',#10213,39.3700787401575);
#6289=VECTOR('',#10216,39.3700787401575);
#6290=VECTOR('',#10217,39.3700787401575);
#6291=VECTOR('',#10218,39.3700787401575);
#6292=VECTOR('',#10219,39.3700787401575);
#6293=VECTOR('',#10222,39.3700787401575);
#6294=VECTOR('',#10223,39.3700787401575);
#6295=VECTOR('',#10224,39.3700787401575);
#6296=VECTOR('',#10227,39.3700787401575);
#6297=VECTOR('',#10228,39.3700787401575);
#6298=VECTOR('',#10229,39.3700787401575);
#6299=VECTOR('',#10232,39.3700787401575);
#6300=VECTOR('',#10233,39.3700787401575);
#6301=VECTOR('',#10236,39.3700787401575);
#6302=VECTOR('',#10237,39.3700787401575);
#6303=VECTOR('',#10238,39.3700787401575);
#6304=VECTOR('',#10239,39.3700787401575);
#6305=VECTOR('',#10242,39.3700787401575);
#6306=VECTOR('',#10243,39.3700787401575);
#6307=VECTOR('',#10244,39.3700787401575);
#6308=VECTOR('',#10247,39.3700787401575);
#6309=VECTOR('',#10248,39.3700787401575);
#6310=VECTOR('',#10249,39.3700787401575);
#6311=VECTOR('',#10252,39.3700787401575);
#6312=VECTOR('',#10253,39.3700787401575);
#6313=VECTOR('',#10256,39.3700787401575);
#6314=VECTOR('',#10257,39.3700787401575);
#6315=VECTOR('',#10258,39.3700787401575);
#6316=VECTOR('',#10259,39.3700787401575);
#6317=VECTOR('',#10262,39.3700787401575);
#6318=VECTOR('',#10263,39.3700787401575);
#6319=VECTOR('',#10264,39.3700787401575);
#6320=VECTOR('',#10267,39.3700787401575);
#6321=VECTOR('',#10268,39.3700787401575);
#6322=VECTOR('',#10269,39.3700787401575);
#6323=VECTOR('',#10272,39.3700787401575);
#6324=VECTOR('',#10273,39.3700787401575);
#6325=VECTOR('',#10276,39.3700787401575);
#6326=VECTOR('',#10277,39.3700787401575);
#6327=VECTOR('',#10278,39.3700787401575);
#6328=VECTOR('',#10279,39.3700787401575);
#6329=VECTOR('',#10282,39.3700787401575);
#6330=VECTOR('',#10283,39.3700787401575);
#6331=VECTOR('',#10284,39.3700787401575);
#6332=VECTOR('',#10287,39.3700787401575);
#6333=VECTOR('',#10288,39.3700787401575);
#6334=VECTOR('',#10289,39.3700787401575);
#6335=VECTOR('',#10292,39.3700787401575);
#6336=VECTOR('',#10293,39.3700787401575);
#6337=VECTOR('',#10296,39.3700787401575);
#6338=VECTOR('',#10297,39.3700787401575);
#6339=VECTOR('',#10298,39.3700787401575);
#6340=VECTOR('',#10299,39.3700787401575);
#6341=VECTOR('',#10302,39.3700787401575);
#6342=VECTOR('',#10303,39.3700787401575);
#6343=VECTOR('',#10304,39.3700787401575);
#6344=VECTOR('',#10307,39.3700787401575);
#6345=VECTOR('',#10308,39.3700787401575);
#6346=VECTOR('',#10309,39.3700787401575);
#6347=VECTOR('',#10312,39.3700787401575);
#6348=VECTOR('',#10313,39.3700787401575);
#6349=VECTOR('',#10316,39.3700787401575);
#6350=VECTOR('',#10317,39.3700787401575);
#6351=VECTOR('',#10318,39.3700787401575);
#6352=VECTOR('',#10319,39.3700787401575);
#6353=VECTOR('',#10322,39.3700787401575);
#6354=VECTOR('',#10323,39.3700787401575);
#6355=VECTOR('',#10324,39.3700787401575);
#6356=VECTOR('',#10327,39.3700787401575);
#6357=VECTOR('',#10328,39.3700787401575);
#6358=VECTOR('',#10329,39.3700787401575);
#6359=VECTOR('',#10332,39.3700787401575);
#6360=VECTOR('',#10333,39.3700787401575);
#6361=VECTOR('',#10336,39.3700787401575);
#6362=VECTOR('',#10337,39.3700787401575);
#6363=VECTOR('',#10338,39.3700787401575);
#6364=VECTOR('',#10339,39.3700787401575);
#6365=VECTOR('',#10342,39.3700787401575);
#6366=VECTOR('',#10343,39.3700787401575);
#6367=VECTOR('',#10344,39.3700787401575);
#6368=VECTOR('',#10347,39.3700787401575);
#6369=VECTOR('',#10348,39.3700787401575);
#6370=VECTOR('',#10349,39.3700787401575);
#6371=VECTOR('',#10352,39.3700787401575);
#6372=VECTOR('',#10353,39.3700787401575);
#6373=VECTOR('',#10356,39.3700787401575);
#6374=VECTOR('',#10357,39.3700787401575);
#6375=VECTOR('',#10358,39.3700787401575);
#6376=VECTOR('',#10359,39.3700787401575);
#6377=VECTOR('',#10362,39.3700787401575);
#6378=VECTOR('',#10363,39.3700787401575);
#6379=VECTOR('',#10364,39.3700787401575);
#6380=VECTOR('',#10367,39.3700787401575);
#6381=VECTOR('',#10368,39.3700787401575);
#6382=VECTOR('',#10369,39.3700787401575);
#6383=VECTOR('',#10372,39.3700787401575);
#6384=VECTOR('',#10373,39.3700787401575);
#6385=VECTOR('',#10376,39.3700787401575);
#6386=VECTOR('',#10377,39.3700787401575);
#6387=VECTOR('',#10378,39.3700787401575);
#6388=VECTOR('',#10379,39.3700787401575);
#6389=VECTOR('',#10382,39.3700787401575);
#6390=VECTOR('',#10383,39.3700787401575);
#6391=VECTOR('',#10384,39.3700787401575);
#6392=VECTOR('',#10385,39.3700787401575);
#6393=VECTOR('',#10388,39.3700787401575);
#6394=VECTOR('',#10389,39.3700787401575);
#6395=VECTOR('',#10390,39.3700787401575);
#6396=VECTOR('',#10391,39.3700787401575);
#6397=VECTOR('',#10394,39.3700787401575);
#6398=VECTOR('',#10395,39.3700787401575);
#6399=VECTOR('',#10396,39.3700787401575);
#6400=VECTOR('',#10397,39.3700787401575);
#6401=VECTOR('',#10400,39.3700787401575);
#6402=VECTOR('',#10401,39.3700787401575);
#6403=VECTOR('',#10402,39.3700787401575);
#6404=VECTOR('',#10403,39.3700787401575);
#6405=VECTOR('',#10406,39.3700787401575);
#6406=VECTOR('',#10407,39.3700787401575);
#6407=VECTOR('',#10408,39.3700787401575);
#6408=VECTOR('',#10409,39.3700787401575);
#6409=VECTOR('',#10412,39.3700787401575);
#6410=VECTOR('',#10413,39.3700787401575);
#6411=VECTOR('',#10414,39.3700787401575);
#6412=VECTOR('',#10415,39.3700787401575);
#6413=VECTOR('',#10418,39.3700787401575);
#6414=VECTOR('',#10419,39.3700787401575);
#6415=VECTOR('',#10420,39.3700787401575);
#6416=VECTOR('',#10423,39.3700787401575);
#6417=VECTOR('',#10424,39.3700787401575);
#6418=VECTOR('',#10425,39.3700787401575);
#6419=VECTOR('',#10428,39.3700787401575);
#6420=VECTOR('',#10429,39.3700787401575);
#6421=VECTOR('',#10430,39.3700787401575);
#6422=VECTOR('',#10433,39.3700787401575);
#6423=VECTOR('',#10434,39.3700787401575);
#6424=VECTOR('',#10435,39.3700787401575);
#6425=VECTOR('',#10438,39.3700787401575);
#6426=VECTOR('',#10439,39.3700787401575);
#6427=VECTOR('',#10440,39.3700787401575);
#6428=VECTOR('',#10443,39.3700787401575);
#6429=VECTOR('',#10444,39.3700787401575);
#6430=VECTOR('',#10445,39.3700787401575);
#6431=VECTOR('',#10448,39.3700787401575);
#6432=VECTOR('',#10449,39.3700787401575);
#6433=VECTOR('',#10450,39.3700787401575);
#6434=VECTOR('',#10453,39.3700787401575);
#6435=VECTOR('',#10454,39.3700787401575);
#6436=VECTOR('',#10455,39.3700787401575);
#6437=VECTOR('',#10458,39.3700787401575);
#6438=VECTOR('',#10459,39.3700787401575);
#6439=VECTOR('',#10460,39.3700787401575);
#6440=VECTOR('',#10463,39.3700787401575);
#6441=VECTOR('',#10464,39.3700787401575);
#6442=VECTOR('',#10465,39.3700787401575);
#6443=VECTOR('',#10468,39.3700787401575);
#6444=VECTOR('',#10469,39.3700787401575);
#6445=VECTOR('',#10470,39.3700787401575);
#6446=VECTOR('',#10473,39.3700787401575);
#6447=VECTOR('',#10474,39.3700787401575);
#6448=VECTOR('',#10475,39.3700787401575);
#6449=VECTOR('',#10478,39.3700787401575);
#6450=VECTOR('',#10479,39.3700787401575);
#6451=VECTOR('',#10480,39.3700787401575);
#6452=VECTOR('',#10483,39.3700787401575);
#6453=VECTOR('',#10484,39.3700787401575);
#6454=VECTOR('',#10485,39.3700787401575);
#6455=VECTOR('',#10488,39.3700787401575);
#6456=VECTOR('',#10495,39.3700787401575);
#6457=VECTOR('',#10502,39.3700787401575);
#6458=VECTOR('',#10509,39.3700787401575);
#6459=VECTOR('',#10516,39.3700787401575);
#6460=VECTOR('',#10523,39.3700787401575);
#6461=VECTOR('',#10530,39.3700787401575);
#6462=VECTOR('',#10537,39.3700787401575);
#6463=VECTOR('',#10538,39.3700787401575);
#6464=VECTOR('',#10539,39.3700787401575);
#6465=VECTOR('',#10542,39.3700787401575);
#6466=VECTOR('',#10543,39.3700787401575);
#6467=VECTOR('',#10544,39.3700787401575);
#6468=VECTOR('',#10547,39.3700787401575);
#6469=VECTOR('',#10548,39.3700787401575);
#6470=VECTOR('',#10549,39.3700787401575);
#6471=VECTOR('',#10552,39.3700787401575);
#6472=VECTOR('',#10553,39.3700787401575);
#6473=VECTOR('',#10554,39.3700787401575);
#6474=VECTOR('',#10557,39.3700787401575);
#6475=VECTOR('',#10558,39.3700787401575);
#6476=VECTOR('',#10559,39.3700787401575);
#6477=VECTOR('',#10562,39.3700787401575);
#6478=VECTOR('',#10563,39.3700787401575);
#6479=VECTOR('',#10564,39.3700787401575);
#6480=VECTOR('',#10567,39.3700787401575);
#6481=VECTOR('',#10568,39.3700787401575);
#6482=VECTOR('',#10569,39.3700787401575);
#6483=VECTOR('',#10576,39.3700787401575);
#6484=VECTOR('',#10583,39.3700787401575);
#6485=VECTOR('',#10590,39.3700787401575);
#6486=VECTOR('',#10597,39.3700787401575);
#6487=VECTOR('',#10604,39.3700787401575);
#6488=VECTOR('',#10611,39.3700787401575);
#6489=VECTOR('',#10618,39.3700787401575);
#6490=VECTOR('',#10621,39.3700787401575);
#6491=VECTOR('',#10622,39.3700787401575);
#6492=VECTOR('',#10623,39.3700787401575);
#6493=VECTOR('',#10624,39.3700787401575);
#6494=VECTOR('',#10625,39.3700787401575);
#6495=VECTOR('',#10626,39.3700787401575);
#6496=VECTOR('',#10627,39.3700787401575);
#6497=VECTOR('',#10628,39.3700787401575);
#6498=VECTOR('',#10629,39.3700787401575);
#6499=VECTOR('',#10630,39.3700787401575);
#6500=VECTOR('',#10631,39.3700787401575);
#6501=VECTOR('',#10632,39.3700787401575);
#6502=VECTOR('',#10633,39.3700787401575);
#6503=VECTOR('',#10634,39.3700787401575);
#6504=VECTOR('',#10635,39.3700787401575);
#6505=VECTOR('',#10636,39.3700787401575);
#6506=VECTOR('',#10637,39.3700787401575);
#6507=VECTOR('',#10638,39.3700787401575);
#6508=VECTOR('',#10639,39.3700787401575);
#6509=VECTOR('',#10640,39.3700787401575);
#6510=VECTOR('',#10641,39.3700787401575);
#6511=VECTOR('',#10642,39.3700787401575);
#6512=VECTOR('',#10643,39.3700787401575);
#6513=VECTOR('',#10646,39.3700787401575);
#6514=VECTOR('',#10647,39.3700787401575);
#6515=VECTOR('',#10648,39.3700787401575);
#6516=VECTOR('',#10649,39.3700787401575);
#6517=VECTOR('',#10650,39.3700787401575);
#6518=VECTOR('',#10651,39.3700787401575);
#6519=VECTOR('',#10652,39.3700787401575);
#6520=VECTOR('',#10653,39.3700787401575);
#6521=VECTOR('',#10654,39.3700787401575);
#6522=VECTOR('',#10655,39.3700787401575);
#6523=VECTOR('',#10656,39.3700787401575);
#6524=VECTOR('',#10657,39.3700787401575);
#6525=VECTOR('',#10658,39.3700787401575);
#6526=VECTOR('',#10659,39.3700787401575);
#6527=VECTOR('',#10660,39.3700787401575);
#6528=VECTOR('',#10661,39.3700787401575);
#6529=VECTOR('',#10662,39.3700787401575);
#6530=VECTOR('',#10663,39.3700787401575);
#6531=VECTOR('',#10664,39.3700787401575);
#6532=VECTOR('',#10665,39.3700787401575);
#6533=VECTOR('',#10666,39.3700787401575);
#6534=VECTOR('',#10667,39.3700787401575);
#6535=VECTOR('',#10668,39.3700787401575);
#6536=VECTOR('',#10669,39.3700787401575);
#6537=VECTOR('',#10670,39.3700787401575);
#6538=VECTOR('',#10671,39.3700787401575);
#6539=VECTOR('',#10672,39.3700787401575);
#6540=VECTOR('',#10673,39.3700787401575);
#6541=VECTOR('',#10674,39.3700787401575);
#6542=VECTOR('',#10675,39.3700787401575);
#6543=VECTOR('',#10682,39.3700787401575);
#6544=VECTOR('',#10689,39.3700787401575);
#6545=VECTOR('',#10696,39.3700787401575);
#6546=VECTOR('',#10703,39.3700787401575);
#6547=VECTOR('',#10710,39.3700787401575);
#6548=VECTOR('',#10717,39.3700787401575);
#6549=VECTOR('',#10724,39.3700787401575);
#6550=VECTOR('',#10727,39.3700787401575);
#6551=VECTOR('',#10728,39.3700787401575);
#6552=VECTOR('',#10729,39.3700787401575);
#6553=VECTOR('',#10732,39.3700787401575);
#6554=VECTOR('',#10733,39.3700787401575);
#6555=VECTOR('',#10734,39.3700787401575);
#6556=VECTOR('',#10737,39.3700787401575);
#6557=VECTOR('',#10738,39.3700787401575);
#6558=VECTOR('',#10739,39.3700787401575);
#6559=VECTOR('',#10742,39.3700787401575);
#6560=VECTOR('',#10743,39.3700787401575);
#6561=VECTOR('',#10744,39.3700787401575);
#6562=VECTOR('',#10747,39.3700787401575);
#6563=VECTOR('',#10748,39.3700787401575);
#6564=VECTOR('',#10749,39.3700787401575);
#6565=VECTOR('',#10752,39.3700787401575);
#6566=VECTOR('',#10753,39.3700787401575);
#6567=VECTOR('',#10754,39.3700787401575);
#6568=VECTOR('',#10757,39.3700787401575);
#6569=VECTOR('',#10758,39.3700787401575);
#6570=VECTOR('',#10759,39.3700787401575);
#6571=VECTOR('',#10762,39.3700787401575);
#6572=VECTOR('',#10769,39.3700787401575);
#6573=VECTOR('',#10776,39.3700787401575);
#6574=VECTOR('',#10783,39.3700787401575);
#6575=VECTOR('',#10790,39.3700787401575);
#6576=VECTOR('',#10797,39.3700787401575);
#6577=VECTOR('',#10804,39.3700787401575);
#6578=VECTOR('',#10811,39.3700787401575);
#6579=VECTOR('',#10812,39.3700787401575);
#6580=VECTOR('',#10813,39.3700787401575);
#6581=VECTOR('',#10816,39.3700787401575);
#6582=VECTOR('',#10817,39.3700787401575);
#6583=VECTOR('',#10818,39.3700787401575);
#6584=VECTOR('',#10821,39.3700787401575);
#6585=VECTOR('',#10822,39.3700787401575);
#6586=VECTOR('',#10823,39.3700787401575);
#6587=VECTOR('',#10826,39.3700787401575);
#6588=VECTOR('',#10827,39.3700787401575);
#6589=VECTOR('',#10828,39.3700787401575);
#6590=VECTOR('',#10831,39.3700787401575);
#6591=VECTOR('',#10832,39.3700787401575);
#6592=VECTOR('',#10833,39.3700787401575);
#6593=VECTOR('',#10836,39.3700787401575);
#6594=VECTOR('',#10837,39.3700787401575);
#6595=VECTOR('',#10838,39.3700787401575);
#6596=VECTOR('',#10841,39.3700787401575);
#6597=VECTOR('',#10842,39.3700787401575);
#6598=VECTOR('',#10843,39.3700787401575);
#6599=VECTOR('',#10846,39.3700787401575);
#6600=VECTOR('',#10847,39.3700787401575);
#6601=VECTOR('',#10848,39.3700787401575);
#6602=VECTOR('',#10851,39.3700787401575);
#6603=VECTOR('',#10852,39.3700787401575);
#6604=VECTOR('',#10853,39.3700787401575);
#6605=VECTOR('',#10856,39.3700787401575);
#6606=VECTOR('',#10857,39.3700787401575);
#6607=VECTOR('',#10858,39.3700787401575);
#6608=VECTOR('',#10861,39.3700787401575);
#6609=VECTOR('',#10862,39.3700787401575);
#6610=VECTOR('',#10863,39.3700787401575);
#6611=VECTOR('',#10866,39.3700787401575);
#6612=VECTOR('',#10867,39.3700787401575);
#6613=VECTOR('',#10868,39.3700787401575);
#6614=VECTOR('',#10871,39.3700787401575);
#6615=VECTOR('',#10872,39.3700787401575);
#6616=VECTOR('',#10873,39.3700787401575);
#6617=VECTOR('',#10876,39.3700787401575);
#6618=VECTOR('',#10877,39.3700787401575);
#6619=VECTOR('',#10878,39.3700787401575);
#6620=VECTOR('',#10881,39.3700787401575);
#6621=VECTOR('',#10882,39.3700787401575);
#6622=VECTOR('',#10883,39.3700787401575);
#6623=VECTOR('',#10886,39.3700787401575);
#6624=VECTOR('',#10887,39.3700787401575);
#6625=VECTOR('',#10888,39.3700787401575);
#6626=VECTOR('',#10891,39.3700787401575);
#6627=VECTOR('',#10892,39.3700787401575);
#6628=VECTOR('',#10893,39.3700787401575);
#6629=VECTOR('',#10896,39.3700787401575);
#6630=VECTOR('',#10897,39.3700787401575);
#6631=VECTOR('',#10898,39.3700787401575);
#6632=VECTOR('',#10901,39.3700787401575);
#6633=VECTOR('',#10902,39.3700787401575);
#6634=VECTOR('',#10903,39.3700787401575);
#6635=VECTOR('',#10906,39.3700787401575);
#6636=VECTOR('',#10907,39.3700787401575);
#6637=VECTOR('',#10908,39.3700787401575);
#6638=VECTOR('',#10911,39.3700787401575);
#6639=VECTOR('',#10912,39.3700787401575);
#6640=VECTOR('',#10913,39.3700787401575);
#6641=VECTOR('',#10920,39.3700787401575);
#6642=VECTOR('',#10927,39.3700787401575);
#6643=VECTOR('',#10934,39.3700787401575);
#6644=VECTOR('',#10941,39.3700787401575);
#6645=VECTOR('',#10948,39.3700787401575);
#6646=VECTOR('',#10955,39.3700787401575);
#6647=VECTOR('',#10962,39.3700787401575);
#6648=VECTOR('',#10965,39.3700787401575);
#6649=VECTOR('',#10966,39.3700787401575);
#6650=VECTOR('',#10967,39.3700787401575);
#6651=VECTOR('',#10970,39.3700787401575);
#6652=VECTOR('',#10971,39.3700787401575);
#6653=VECTOR('',#10972,39.3700787401575);
#6654=VECTOR('',#10975,39.3700787401575);
#6655=VECTOR('',#10976,39.3700787401575);
#6656=VECTOR('',#10977,39.3700787401575);
#6657=VECTOR('',#10980,39.3700787401575);
#6658=VECTOR('',#10981,39.3700787401575);
#6659=VECTOR('',#10982,39.3700787401575);
#6660=VECTOR('',#10985,39.3700787401575);
#6661=VECTOR('',#10986,39.3700787401575);
#6662=VECTOR('',#10987,39.3700787401575);
#6663=VECTOR('',#10990,39.3700787401575);
#6664=VECTOR('',#10991,39.3700787401575);
#6665=VECTOR('',#10992,39.3700787401575);
#6666=VECTOR('',#10995,39.3700787401575);
#6667=VECTOR('',#10996,39.3700787401575);
#6668=VECTOR('',#10997,39.3700787401575);
#6669=VECTOR('',#11000,39.3700787401575);
#6670=VECTOR('',#11007,39.3700787401575);
#6671=VECTOR('',#11014,39.3700787401575);
#6672=VECTOR('',#11021,39.3700787401575);
#6673=VECTOR('',#11028,39.3700787401575);
#6674=VECTOR('',#11035,39.3700787401575);
#6675=VECTOR('',#11042,39.3700787401575);
#6676=VECTOR('',#11049,39.3700787401575);
#6677=VECTOR('',#11050,39.3700787401575);
#6678=VECTOR('',#11051,39.3700787401575);
#6679=VECTOR('',#11052,39.3700787401575);
#6680=VECTOR('',#11053,39.3700787401575);
#6681=VECTOR('',#11054,39.3700787401575);
#6682=VECTOR('',#11055,39.3700787401575);
#6683=VECTOR('',#11056,39.3700787401575);
#6684=VECTOR('',#11057,39.3700787401575);
#6685=VECTOR('',#11058,39.3700787401575);
#6686=VECTOR('',#11059,39.3700787401575);
#6687=VECTOR('',#11060,39.3700787401575);
#6688=VECTOR('',#11061,39.3700787401575);
#6689=VECTOR('',#11062,39.3700787401575);
#6690=VECTOR('',#11063,39.3700787401575);
#6691=VECTOR('',#11064,39.3700787401575);
#6692=VECTOR('',#11065,39.3700787401575);
#6693=VECTOR('',#11066,39.3700787401575);
#6694=VECTOR('',#11067,39.3700787401575);
#6695=VECTOR('',#11068,39.3700787401575);
#6696=VECTOR('',#11069,39.3700787401575);
#6697=VECTOR('',#11070,39.3700787401575);
#6698=VECTOR('',#11071,39.3700787401575);
#6699=VECTOR('',#11074,39.3700787401575);
#6700=VECTOR('',#11075,39.3700787401575);
#6701=VECTOR('',#11076,39.3700787401575);
#6702=VECTOR('',#11077,39.3700787401575);
#6703=VECTOR('',#11078,39.3700787401575);
#6704=VECTOR('',#11079,39.3700787401575);
#6705=VECTOR('',#11080,39.3700787401575);
#6706=VECTOR('',#11081,39.3700787401575);
#6707=VECTOR('',#11082,39.3700787401575);
#6708=VECTOR('',#11083,39.3700787401575);
#6709=VECTOR('',#11084,39.3700787401575);
#6710=VECTOR('',#11085,39.3700787401575);
#6711=VECTOR('',#11086,39.3700787401575);
#6712=VECTOR('',#11087,39.3700787401575);
#6713=VECTOR('',#11088,39.3700787401575);
#6714=VECTOR('',#11089,39.3700787401575);
#6715=VECTOR('',#11090,39.3700787401575);
#6716=VECTOR('',#11091,39.3700787401575);
#6717=VECTOR('',#11092,39.3700787401575);
#6718=VECTOR('',#11093,39.3700787401575);
#6719=VECTOR('',#11094,39.3700787401575);
#6720=VECTOR('',#11095,39.3700787401575);
#6721=VECTOR('',#11096,39.3700787401575);
#6722=VECTOR('',#11097,39.3700787401575);
#6723=VECTOR('',#11098,39.3700787401575);
#6724=VECTOR('',#11099,39.3700787401575);
#6725=VECTOR('',#11100,39.3700787401575);
#6726=VECTOR('',#11101,39.3700787401575);
#6727=VECTOR('',#11102,39.3700787401575);
#6728=VECTOR('',#11103,39.3700787401575);
#6729=VECTOR('',#11106,39.3700787401575);
#6730=VECTOR('',#11113,39.3700787401575);
#6731=VECTOR('',#11120,39.3700787401575);
#6732=VECTOR('',#11127,39.3700787401575);
#6733=VECTOR('',#11134,39.3700787401575);
#6734=VECTOR('',#11141,39.3700787401575);
#6735=VECTOR('',#11148,39.3700787401575);
#6736=VECTOR('',#11155,39.3700787401575);
#6737=VECTOR('',#11156,39.3700787401575);
#6738=VECTOR('',#11157,39.3700787401575);
#6739=VECTOR('',#11160,39.3700787401575);
#6740=VECTOR('',#11161,39.3700787401575);
#6741=VECTOR('',#11162,39.3700787401575);
#6742=VECTOR('',#11165,39.3700787401575);
#6743=VECTOR('',#11166,39.3700787401575);
#6744=VECTOR('',#11167,39.3700787401575);
#6745=VECTOR('',#11170,39.3700787401575);
#6746=VECTOR('',#11171,39.3700787401575);
#6747=VECTOR('',#11172,39.3700787401575);
#6748=VECTOR('',#11175,39.3700787401575);
#6749=VECTOR('',#11176,39.3700787401575);
#6750=VECTOR('',#11177,39.3700787401575);
#6751=VECTOR('',#11180,39.3700787401575);
#6752=VECTOR('',#11181,39.3700787401575);
#6753=VECTOR('',#11182,39.3700787401575);
#6754=VECTOR('',#11185,39.3700787401575);
#6755=VECTOR('',#11186,39.3700787401575);
#6756=VECTOR('',#11187,39.3700787401575);
#6757=VECTOR('',#11238,39.3700787401575);
#6758=VECTOR('',#11243,39.3700787401575);
#6759=VECTOR('',#11248,39.3700787401575);
#6760=VECTOR('',#11253,39.3700787401575);
#6761=VECTOR('',#11258,39.3700787401575);
#6762=VECTOR('',#11261,39.3700787401575);
#6763=VECTOR('',#11266,39.3700787401575);
#6764=VECTOR('',#11269,39.3700787401575);
#6765=VECTOR('',#11274,39.3700787401575);
#6766=VECTOR('',#11277,39.3700787401575);
#6767=VECTOR('',#11282,39.3700787401575);
#6768=VECTOR('',#11285,39.3700787401575);
#6769=VECTOR('',#11290,39.3700787401575);
#6770=VECTOR('',#11293,39.3700787401575);
#6771=VECTOR('',#11298,39.3700787401575);
#6772=VECTOR('',#11301,39.3700787401575);
#6773=VECTOR('',#11306,39.3700787401575);
#6774=VECTOR('',#11309,39.3700787401575);
#6775=VECTOR('',#11314,39.3700787401575);
#6776=VECTOR('',#11317,39.3700787401575);
#6777=VECTOR('',#11322,39.3700787401575);
#6778=VECTOR('',#11325,39.3700787401575);
#6779=VECTOR('',#11330,39.3700787401575);
#6780=VECTOR('',#11333,39.3700787401575);
#6781=VECTOR('',#11338,39.3700787401575);
#6782=VECTOR('',#11341,39.3700787401575);
#6783=VECTOR('',#11346,39.3700787401575);
#6784=VECTOR('',#11347,39.3700787401575);
#6785=EDGE_LOOP('',(#205,#206,#207,#208));
#6786=EDGE_LOOP('',(#209,#210,#211,#212));
#6787=EDGE_LOOP('',(#213,#214,#215,#216));
#6788=EDGE_LOOP('',(#217,#218,#219,#220));
#6789=EDGE_LOOP('',(#221,#222,#223,#224));
#6790=EDGE_LOOP('',(#225,#226,#227,#228));
#6791=EDGE_LOOP('',(#229,#230,#231,#232));
#6792=EDGE_LOOP('',(#233,#234,#235,#236));
#6793=EDGE_LOOP('',(#237,#238,#239,#240));
#6794=EDGE_LOOP('',(#241,#242,#243,#244));
#6795=EDGE_LOOP('',(#245,#246,#247,#248));
#6796=EDGE_LOOP('',(#249,#250,#251,#252));
#6797=EDGE_LOOP('',(#253,#254,#255,#256));
#6798=EDGE_LOOP('',(#257,#258,#259,#260));
#6799=EDGE_LOOP('',(#261,#262,#263,#264));
#6800=EDGE_LOOP('',(#265,#266,#267,#268));
#6801=EDGE_LOOP('',(#269,#270,#271,#272));
#6802=EDGE_LOOP('',(#273,#274,#275,#276));
#6803=EDGE_LOOP('',(#277,#278,#279,#280));
#6804=EDGE_LOOP('',(#281,#282,#283,#284));
#6805=EDGE_LOOP('',(#285,#286,#287,#288));
#6806=EDGE_LOOP('',(#289,#290,#291,#292));
#6807=EDGE_LOOP('',(#293,#294,#295,#296));
#6808=EDGE_LOOP('',(#297,#298,#299,#300));
#6809=EDGE_LOOP('',(#301,#302,#303,#304));
#6810=EDGE_LOOP('',(#305,#306,#307,#308));
#6811=EDGE_LOOP('',(#309,#310,#311,#312));
#6812=EDGE_LOOP('',(#313,#314,#315,#316));
#6813=EDGE_LOOP('',(#317,#318,#319,#320));
#6814=EDGE_LOOP('',(#321,#322,#323,#324));
#6815=EDGE_LOOP('',(#325,#326,#327,#328));
#6816=EDGE_LOOP('',(#329,#330,#331,#332));
#6817=EDGE_LOOP('',(#333,#334,#335,#336));
#6818=EDGE_LOOP('',(#337,#338,#339,#340));
#6819=EDGE_LOOP('',(#341,#342,#343,#344));
#6820=EDGE_LOOP('',(#345,#346,#347,#348));
#6821=EDGE_LOOP('',(#349,#350,#351,#352));
#6822=EDGE_LOOP('',(#353,#354,#355,#356));
#6823=EDGE_LOOP('',(#357,#358,#359,#360));
#6824=EDGE_LOOP('',(#361,#362,#363,#364));
#6825=EDGE_LOOP('',(#365,#366,#367,#368));
#6826=EDGE_LOOP('',(#369,#370,#371,#372));
#6827=EDGE_LOOP('',(#373,#374,#375,#376));
#6828=EDGE_LOOP('',(#377,#378,#379,#380));
#6829=EDGE_LOOP('',(#381,#382,#383,#384));
#6830=EDGE_LOOP('',(#385,#386,#387,#388));
#6831=EDGE_LOOP('',(#389,#390,#391,#392));
#6832=EDGE_LOOP('',(#393,#394,#395,#396));
#6833=EDGE_LOOP('',(#397,#398,#399,#400));
#6834=EDGE_LOOP('',(#401,#402,#403,#404));
#6835=EDGE_LOOP('',(#405,#406,#407,#408));
#6836=EDGE_LOOP('',(#409,#410,#411,#412));
#6837=EDGE_LOOP('',(#413,#414,#415,#416));
#6838=EDGE_LOOP('',(#417,#418,#419,#420));
#6839=EDGE_LOOP('',(#421,#422,#423,#424));
#6840=EDGE_LOOP('',(#425,#426,#427,#428));
#6841=EDGE_LOOP('',(#429,#430,#431,#432));
#6842=EDGE_LOOP('',(#433,#434,#435,#436));
#6843=EDGE_LOOP('',(#437,#438,#439,#440));
#6844=EDGE_LOOP('',(#441,#442,#443,#444));
#6845=EDGE_LOOP('',(#445,#446,#447,#448));
#6846=EDGE_LOOP('',(#449,#450,#451,#452));
#6847=EDGE_LOOP('',(#453,#454,#455,#456));
#6848=EDGE_LOOP('',(#457,#458,#459,#460));
#6849=EDGE_LOOP('',(#461,#462,#463,#464));
#6850=EDGE_LOOP('',(#465,#466,#467,#468));
#6851=EDGE_LOOP('',(#469,#470,#471,#472));
#6852=EDGE_LOOP('',(#473,#474,#475,#476));
#6853=EDGE_LOOP('',(#477,#478,#479,#480));
#6854=EDGE_LOOP('',(#481,#482,#483,#484));
#6855=EDGE_LOOP('',(#485,#486,#487,#488));
#6856=EDGE_LOOP('',(#489,#490,#491,#492));
#6857=EDGE_LOOP('',(#493,#494,#495,#496));
#6858=EDGE_LOOP('',(#497,#498,#499,#500));
#6859=EDGE_LOOP('',(#501,#502,#503,#504));
#6860=EDGE_LOOP('',(#505,#506,#507,#508));
#6861=EDGE_LOOP('',(#509,#510,#511,#512));
#6862=EDGE_LOOP('',(#513,#514,#515,#516));
#6863=EDGE_LOOP('',(#517,#518,#519,#520));
#6864=EDGE_LOOP('',(#521,#522,#523,#524));
#6865=EDGE_LOOP('',(#525,#526,#527,#528));
#6866=EDGE_LOOP('',(#529,#530,#531,#532));
#6867=EDGE_LOOP('',(#533,#534,#535,#536));
#6868=EDGE_LOOP('',(#537,#538,#539,#540));
#6869=EDGE_LOOP('',(#541,#542,#543,#544));
#6870=EDGE_LOOP('',(#545,#546,#547,#548));
#6871=EDGE_LOOP('',(#549,#550,#551,#552));
#6872=EDGE_LOOP('',(#553,#554,#555,#556));
#6873=EDGE_LOOP('',(#557,#558,#559,#560));
#6874=EDGE_LOOP('',(#561,#562,#563,#564));
#6875=EDGE_LOOP('',(#565,#566,#567,#568));
#6876=EDGE_LOOP('',(#569,#570,#571,#572));
#6877=EDGE_LOOP('',(#573,#574,#575,#576));
#6878=EDGE_LOOP('',(#577,#578,#579,#580));
#6879=EDGE_LOOP('',(#581,#582,#583,#584));
#6880=EDGE_LOOP('',(#585,#586,#587,#588));
#6881=EDGE_LOOP('',(#589,#590,#591,#592));
#6882=EDGE_LOOP('',(#593,#594,#595,#596));
#6883=EDGE_LOOP('',(#597,#598,#599,#600));
#6884=EDGE_LOOP('',(#601,#602,#603,#604));
#6885=EDGE_LOOP('',(#605,#606,#607,#608));
#6886=EDGE_LOOP('',(#609,#610,#611,#612));
#6887=EDGE_LOOP('',(#613,#614,#615,#616));
#6888=EDGE_LOOP('',(#617,#618,#619,#620));
#6889=EDGE_LOOP('',(#621,#622,#623,#624));
#6890=EDGE_LOOP('',(#625,#626,#627,#628));
#6891=EDGE_LOOP('',(#629,#630,#631,#632));
#6892=EDGE_LOOP('',(#633,#634,#635,#636));
#6893=EDGE_LOOP('',(#637,#638,#639,#640));
#6894=EDGE_LOOP('',(#641,#642,#643,#644));
#6895=EDGE_LOOP('',(#645,#646,#647,#648));
#6896=EDGE_LOOP('',(#649,#650,#651,#652));
#6897=EDGE_LOOP('',(#653,#654,#655,#656));
#6898=EDGE_LOOP('',(#657,#658,#659,#660));
#6899=EDGE_LOOP('',(#661,#662,#663,#664));
#6900=EDGE_LOOP('',(#665,#666,#667,#668));
#6901=EDGE_LOOP('',(#669,#670,#671,#672));
#6902=EDGE_LOOP('',(#673,#674,#675,#676));
#6903=EDGE_LOOP('',(#677,#678,#679,#680));
#6904=EDGE_LOOP('',(#681,#682,#683,#684));
#6905=EDGE_LOOP('',(#685,#686,#687,#688));
#6906=EDGE_LOOP('',(#689,#690,#691,#692));
#6907=EDGE_LOOP('',(#693,#694,#695,#696));
#6908=EDGE_LOOP('',(#697,#698,#699,#700));
#6909=EDGE_LOOP('',(#701,#702,#703,#704));
#6910=EDGE_LOOP('',(#705,#706,#707,#708));
#6911=EDGE_LOOP('',(#709,#710,#711,#712));
#6912=EDGE_LOOP('',(#713,#714,#715,#716));
#6913=EDGE_LOOP('',(#717,#718,#719,#720));
#6914=EDGE_LOOP('',(#721,#722,#723,#724));
#6915=EDGE_LOOP('',(#725,#726,#727,#728));
#6916=EDGE_LOOP('',(#729,#730,#731,#732));
#6917=EDGE_LOOP('',(#733,#734,#735,#736));
#6918=EDGE_LOOP('',(#737,#738,#739,#740));
#6919=EDGE_LOOP('',(#741,#742,#743,#744));
#6920=EDGE_LOOP('',(#745,#746,#747,#748));
#6921=EDGE_LOOP('',(#749,#750,#751,#752));
#6922=EDGE_LOOP('',(#753,#754,#755,#756));
#6923=EDGE_LOOP('',(#757,#758,#759,#760));
#6924=EDGE_LOOP('',(#761,#762,#763,#764));
#6925=EDGE_LOOP('',(#765,#766,#767,#768));
#6926=EDGE_LOOP('',(#769,#770,#771,#772));
#6927=EDGE_LOOP('',(#773,#774,#775,#776));
#6928=EDGE_LOOP('',(#777,#778,#779,#780));
#6929=EDGE_LOOP('',(#781,#782,#783,#784));
#6930=EDGE_LOOP('',(#785,#786,#787,#788));
#6931=EDGE_LOOP('',(#789,#790,#791,#792));
#6932=EDGE_LOOP('',(#793,#794,#795,#796));
#6933=EDGE_LOOP('',(#797,#798,#799,#800));
#6934=EDGE_LOOP('',(#801,#802,#803,#804));
#6935=EDGE_LOOP('',(#805,#806,#807,#808,#809,#810,#811,#812,#813,#814,#815,
#816));
#6936=EDGE_LOOP('',(#817,#818,#819,#820,#821,#822,#823,#824,#825,#826,#827,
#828));
#6937=EDGE_LOOP('',(#829,#830,#831,#832));
#6938=EDGE_LOOP('',(#833,#834,#835,#836));
#6939=EDGE_LOOP('',(#837,#838,#839,#840));
#6940=EDGE_LOOP('',(#841,#842,#843,#844));
#6941=EDGE_LOOP('',(#845,#846,#847,#848));
#6942=EDGE_LOOP('',(#849,#850,#851,#852));
#6943=EDGE_LOOP('',(#853,#854,#855,#856));
#6944=EDGE_LOOP('',(#857,#858,#859,#860));
#6945=EDGE_LOOP('',(#861,#862,#863,#864));
#6946=EDGE_LOOP('',(#865,#866,#867,#868));
#6947=EDGE_LOOP('',(#869,#870,#871,#872));
#6948=EDGE_LOOP('',(#873,#874,#875,#876));
#6949=EDGE_LOOP('',(#877,#878,#879,#880));
#6950=EDGE_LOOP('',(#881,#882,#883,#884));
#6951=EDGE_LOOP('',(#885,#886,#887,#888));
#6952=EDGE_LOOP('',(#889,#890,#891,#892));
#6953=EDGE_LOOP('',(#893,#894,#895,#896));
#6954=EDGE_LOOP('',(#897,#898,#899,#900));
#6955=EDGE_LOOP('',(#901,#902,#903,#904));
#6956=EDGE_LOOP('',(#905,#906,#907,#908));
#6957=EDGE_LOOP('',(#909,#910,#911,#912));
#6958=EDGE_LOOP('',(#913,#914,#915,#916));
#6959=EDGE_LOOP('',(#917,#918,#919,#920));
#6960=EDGE_LOOP('',(#921,#922,#923,#924));
#6961=EDGE_LOOP('',(#925,#926,#927,#928));
#6962=EDGE_LOOP('',(#929,#930,#931,#932));
#6963=EDGE_LOOP('',(#933,#934,#935,#936));
#6964=EDGE_LOOP('',(#937,#938,#939,#940));
#6965=EDGE_LOOP('',(#941,#942,#943,#944));
#6966=EDGE_LOOP('',(#945,#946,#947,#948));
#6967=EDGE_LOOP('',(#949,#950,#951,#952));
#6968=EDGE_LOOP('',(#953,#954,#955,#956));
#6969=EDGE_LOOP('',(#957,#958,#959,#960));
#6970=EDGE_LOOP('',(#961,#962,#963,#964));
#6971=EDGE_LOOP('',(#965,#966,#967,#968));
#6972=EDGE_LOOP('',(#969,#970,#971,#972));
#6973=EDGE_LOOP('',(#973,#974,#975,#976));
#6974=EDGE_LOOP('',(#977,#978,#979,#980));
#6975=EDGE_LOOP('',(#981,#982,#983,#984));
#6976=EDGE_LOOP('',(#985,#986,#987,#988));
#6977=EDGE_LOOP('',(#989,#990,#991,#992));
#6978=EDGE_LOOP('',(#993,#994,#995,#996));
#6979=EDGE_LOOP('',(#997,#998,#999,#1000));
#6980=EDGE_LOOP('',(#1001,#1002,#1003,#1004));
#6981=EDGE_LOOP('',(#1005,#1006,#1007,#1008));
#6982=EDGE_LOOP('',(#1009,#1010,#1011,#1012));
#6983=EDGE_LOOP('',(#1013,#1014,#1015,#1016));
#6984=EDGE_LOOP('',(#1017,#1018,#1019,#1020));
#6985=EDGE_LOOP('',(#1021,#1022,#1023,#1024));
#6986=EDGE_LOOP('',(#1025,#1026,#1027,#1028));
#6987=EDGE_LOOP('',(#1029,#1030,#1031,#1032));
#6988=EDGE_LOOP('',(#1033,#1034,#1035,#1036));
#6989=EDGE_LOOP('',(#1037,#1038,#1039,#1040));
#6990=EDGE_LOOP('',(#1041,#1042,#1043,#1044));
#6991=EDGE_LOOP('',(#1045,#1046,#1047,#1048));
#6992=EDGE_LOOP('',(#1049,#1050,#1051,#1052));
#6993=EDGE_LOOP('',(#1053,#1054,#1055,#1056));
#6994=EDGE_LOOP('',(#1057,#1058,#1059,#1060));
#6995=EDGE_LOOP('',(#1061,#1062,#1063,#1064));
#6996=EDGE_LOOP('',(#1065,#1066,#1067,#1068));
#6997=EDGE_LOOP('',(#1069,#1070,#1071,#1072));
#6998=EDGE_LOOP('',(#1073,#1074,#1075,#1076));
#6999=EDGE_LOOP('',(#1077,#1078,#1079,#1080));
#7000=EDGE_LOOP('',(#1081,#1082,#1083,#1084));
#7001=EDGE_LOOP('',(#1085,#1086,#1087,#1088));
#7002=EDGE_LOOP('',(#1089,#1090,#1091,#1092));
#7003=EDGE_LOOP('',(#1093,#1094,#1095,#1096));
#7004=EDGE_LOOP('',(#1097,#1098,#1099,#1100));
#7005=EDGE_LOOP('',(#1101,#1102,#1103,#1104));
#7006=EDGE_LOOP('',(#1105,#1106,#1107,#1108));
#7007=EDGE_LOOP('',(#1109,#1110,#1111,#1112));
#7008=EDGE_LOOP('',(#1113,#1114,#1115,#1116));
#7009=EDGE_LOOP('',(#1117,#1118,#1119,#1120));
#7010=EDGE_LOOP('',(#1121,#1122,#1123,#1124));
#7011=EDGE_LOOP('',(#1125,#1126,#1127,#1128));
#7012=EDGE_LOOP('',(#1129,#1130,#1131,#1132));
#7013=EDGE_LOOP('',(#1133,#1134,#1135,#1136));
#7014=EDGE_LOOP('',(#1137,#1138,#1139,#1140));
#7015=EDGE_LOOP('',(#1141,#1142,#1143,#1144));
#7016=EDGE_LOOP('',(#1145,#1146,#1147,#1148));
#7017=EDGE_LOOP('',(#1149,#1150,#1151,#1152));
#7018=EDGE_LOOP('',(#1153,#1154,#1155,#1156));
#7019=EDGE_LOOP('',(#1157,#1158,#1159,#1160));
#7020=EDGE_LOOP('',(#1161,#1162,#1163,#1164));
#7021=EDGE_LOOP('',(#1165,#1166,#1167,#1168));
#7022=EDGE_LOOP('',(#1169,#1170,#1171,#1172));
#7023=EDGE_LOOP('',(#1173,#1174,#1175,#1176));
#7024=EDGE_LOOP('',(#1177,#1178,#1179,#1180));
#7025=EDGE_LOOP('',(#1181,#1182,#1183,#1184));
#7026=EDGE_LOOP('',(#1185,#1186,#1187,#1188));
#7027=EDGE_LOOP('',(#1189,#1190,#1191,#1192));
#7028=EDGE_LOOP('',(#1193,#1194,#1195,#1196));
#7029=EDGE_LOOP('',(#1197,#1198,#1199,#1200,#1201,#1202,#1203,#1204,#1205,
#1206,#1207,#1208));
#7030=EDGE_LOOP('',(#1209,#1210,#1211,#1212,#1213,#1214,#1215,#1216,#1217,
#1218,#1219,#1220));
#7031=EDGE_LOOP('',(#1221,#1222,#1223,#1224));
#7032=EDGE_LOOP('',(#1225,#1226,#1227,#1228));
#7033=EDGE_LOOP('',(#1229,#1230,#1231,#1232));
#7034=EDGE_LOOP('',(#1233,#1234,#1235,#1236));
#7035=EDGE_LOOP('',(#1237,#1238,#1239,#1240));
#7036=EDGE_LOOP('',(#1241,#1242,#1243,#1244));
#7037=EDGE_LOOP('',(#1245,#1246,#1247,#1248));
#7038=EDGE_LOOP('',(#1249,#1250,#1251,#1252));
#7039=EDGE_LOOP('',(#1253,#1254,#1255,#1256));
#7040=EDGE_LOOP('',(#1257,#1258,#1259,#1260));
#7041=EDGE_LOOP('',(#1261,#1262,#1263,#1264));
#7042=EDGE_LOOP('',(#1265,#1266,#1267,#1268));
#7043=EDGE_LOOP('',(#1269,#1270,#1271,#1272));
#7044=EDGE_LOOP('',(#1273,#1274,#1275,#1276));
#7045=EDGE_LOOP('',(#1277,#1278,#1279,#1280));
#7046=EDGE_LOOP('',(#1281,#1282,#1283,#1284));
#7047=EDGE_LOOP('',(#1285,#1286,#1287,#1288));
#7048=EDGE_LOOP('',(#1289,#1290,#1291,#1292));
#7049=EDGE_LOOP('',(#1293,#1294,#1295,#1296));
#7050=EDGE_LOOP('',(#1297,#1298,#1299,#1300));
#7051=EDGE_LOOP('',(#1301,#1302,#1303,#1304));
#7052=EDGE_LOOP('',(#1305,#1306,#1307,#1308));
#7053=EDGE_LOOP('',(#1309,#1310,#1311,#1312));
#7054=EDGE_LOOP('',(#1313,#1314,#1315,#1316));
#7055=EDGE_LOOP('',(#1317,#1318,#1319,#1320));
#7056=EDGE_LOOP('',(#1321,#1322,#1323,#1324));
#7057=EDGE_LOOP('',(#1325,#1326,#1327,#1328));
#7058=EDGE_LOOP('',(#1329,#1330,#1331,#1332));
#7059=EDGE_LOOP('',(#1333,#1334,#1335,#1336));
#7060=EDGE_LOOP('',(#1337,#1338,#1339,#1340));
#7061=EDGE_LOOP('',(#1341,#1342,#1343,#1344));
#7062=EDGE_LOOP('',(#1345,#1346,#1347,#1348));
#7063=EDGE_LOOP('',(#1349,#1350,#1351,#1352));
#7064=EDGE_LOOP('',(#1353,#1354,#1355,#1356));
#7065=EDGE_LOOP('',(#1357,#1358,#1359,#1360));
#7066=EDGE_LOOP('',(#1361,#1362,#1363,#1364));
#7067=EDGE_LOOP('',(#1365,#1366,#1367,#1368));
#7068=EDGE_LOOP('',(#1369,#1370,#1371,#1372));
#7069=EDGE_LOOP('',(#1373,#1374,#1375,#1376));
#7070=EDGE_LOOP('',(#1377,#1378,#1379,#1380));
#7071=EDGE_LOOP('',(#1381,#1382,#1383,#1384));
#7072=EDGE_LOOP('',(#1385,#1386,#1387,#1388));
#7073=EDGE_LOOP('',(#1389,#1390,#1391,#1392));
#7074=EDGE_LOOP('',(#1393,#1394,#1395,#1396));
#7075=EDGE_LOOP('',(#1397,#1398,#1399,#1400));
#7076=EDGE_LOOP('',(#1401,#1402,#1403,#1404));
#7077=EDGE_LOOP('',(#1405,#1406,#1407,#1408));
#7078=EDGE_LOOP('',(#1409,#1410,#1411,#1412));
#7079=EDGE_LOOP('',(#1413,#1414,#1415,#1416));
#7080=EDGE_LOOP('',(#1417,#1418,#1419,#1420));
#7081=EDGE_LOOP('',(#1421,#1422,#1423,#1424));
#7082=EDGE_LOOP('',(#1425,#1426,#1427,#1428));
#7083=EDGE_LOOP('',(#1429,#1430,#1431,#1432));
#7084=EDGE_LOOP('',(#1433,#1434,#1435,#1436));
#7085=EDGE_LOOP('',(#1437,#1438,#1439,#1440));
#7086=EDGE_LOOP('',(#1441,#1442,#1443,#1444));
#7087=EDGE_LOOP('',(#1445,#1446,#1447,#1448));
#7088=EDGE_LOOP('',(#1449,#1450,#1451,#1452));
#7089=EDGE_LOOP('',(#1453,#1454,#1455,#1456));
#7090=EDGE_LOOP('',(#1457,#1458,#1459,#1460));
#7091=EDGE_LOOP('',(#1461,#1462,#1463,#1464));
#7092=EDGE_LOOP('',(#1465,#1466,#1467,#1468));
#7093=EDGE_LOOP('',(#1469,#1470,#1471,#1472));
#7094=EDGE_LOOP('',(#1473,#1474,#1475,#1476));
#7095=EDGE_LOOP('',(#1477,#1478,#1479,#1480));
#7096=EDGE_LOOP('',(#1481,#1482,#1483,#1484));
#7097=EDGE_LOOP('',(#1485,#1486,#1487,#1488));
#7098=EDGE_LOOP('',(#1489,#1490,#1491,#1492));
#7099=EDGE_LOOP('',(#1493,#1494,#1495,#1496));
#7100=EDGE_LOOP('',(#1497,#1498,#1499,#1500));
#7101=EDGE_LOOP('',(#1501,#1502,#1503,#1504));
#7102=EDGE_LOOP('',(#1505,#1506,#1507,#1508));
#7103=EDGE_LOOP('',(#1509,#1510,#1511,#1512));
#7104=EDGE_LOOP('',(#1513,#1514,#1515,#1516));
#7105=EDGE_LOOP('',(#1517,#1518,#1519,#1520));
#7106=EDGE_LOOP('',(#1521,#1522,#1523,#1524));
#7107=EDGE_LOOP('',(#1525,#1526,#1527,#1528));
#7108=EDGE_LOOP('',(#1529,#1530,#1531,#1532));
#7109=EDGE_LOOP('',(#1533,#1534,#1535,#1536));
#7110=EDGE_LOOP('',(#1537,#1538,#1539,#1540));
#7111=EDGE_LOOP('',(#1541,#1542,#1543,#1544));
#7112=EDGE_LOOP('',(#1545,#1546,#1547,#1548));
#7113=EDGE_LOOP('',(#1549,#1550,#1551,#1552));
#7114=EDGE_LOOP('',(#1553,#1554,#1555,#1556));
#7115=EDGE_LOOP('',(#1557,#1558,#1559,#1560));
#7116=EDGE_LOOP('',(#1561,#1562,#1563,#1564));
#7117=EDGE_LOOP('',(#1565,#1566,#1567,#1568));
#7118=EDGE_LOOP('',(#1569,#1570,#1571,#1572));
#7119=EDGE_LOOP('',(#1573,#1574,#1575,#1576));
#7120=EDGE_LOOP('',(#1577,#1578,#1579,#1580));
#7121=EDGE_LOOP('',(#1581,#1582,#1583,#1584));
#7122=EDGE_LOOP('',(#1585,#1586,#1587,#1588));
#7123=EDGE_LOOP('',(#1589,#1590,#1591,#1592));
#7124=EDGE_LOOP('',(#1593,#1594,#1595,#1596));
#7125=EDGE_LOOP('',(#1597,#1598,#1599,#1600));
#7126=EDGE_LOOP('',(#1601,#1602,#1603,#1604));
#7127=EDGE_LOOP('',(#1605,#1606,#1607,#1608));
#7128=EDGE_LOOP('',(#1609,#1610,#1611,#1612));
#7129=EDGE_LOOP('',(#1613,#1614,#1615,#1616));
#7130=EDGE_LOOP('',(#1617,#1618,#1619,#1620));
#7131=EDGE_LOOP('',(#1621,#1622,#1623,#1624,#1625,#1626,#1627,#1628,#1629,
#1630,#1631,#1632,#1633,#1634,#1635,#1636,#1637,#1638,#1639,#1640,#1641,
#1642,#1643,#1644,#1645,#1646,#1647,#1648,#1649,#1650,#1651,#1652));
#7132=EDGE_LOOP('',(#1653,#1654,#1655,#1656,#1657,#1658,#1659,#1660,#1661,
#1662,#1663,#1664,#1665,#1666,#1667,#1668,#1669,#1670,#1671,#1672,#1673,
#1674,#1675,#1676,#1677,#1678,#1679,#1680,#1681,#1682,#1683,#1684));
#7133=EDGE_LOOP('',(#1685,#1686,#1687,#1688));
#7134=EDGE_LOOP('',(#1689,#1690,#1691,#1692));
#7135=EDGE_LOOP('',(#1693,#1694,#1695,#1696));
#7136=EDGE_LOOP('',(#1697,#1698,#1699,#1700));
#7137=EDGE_LOOP('',(#1701,#1702,#1703,#1704));
#7138=EDGE_LOOP('',(#1705,#1706,#1707,#1708));
#7139=EDGE_LOOP('',(#1709,#1710,#1711,#1712));
#7140=EDGE_LOOP('',(#1713,#1714,#1715,#1716));
#7141=EDGE_LOOP('',(#1717,#1718,#1719,#1720));
#7142=EDGE_LOOP('',(#1721,#1722,#1723,#1724));
#7143=EDGE_LOOP('',(#1725,#1726,#1727,#1728));
#7144=EDGE_LOOP('',(#1729,#1730,#1731,#1732));
#7145=EDGE_LOOP('',(#1733,#1734,#1735,#1736));
#7146=EDGE_LOOP('',(#1737,#1738,#1739,#1740));
#7147=EDGE_LOOP('',(#1741,#1742,#1743,#1744));
#7148=EDGE_LOOP('',(#1745,#1746,#1747,#1748));
#7149=EDGE_LOOP('',(#1749,#1750,#1751,#1752));
#7150=EDGE_LOOP('',(#1753,#1754,#1755,#1756));
#7151=EDGE_LOOP('',(#1757,#1758,#1759,#1760));
#7152=EDGE_LOOP('',(#1761,#1762,#1763,#1764));
#7153=EDGE_LOOP('',(#1765,#1766,#1767,#1768));
#7154=EDGE_LOOP('',(#1769,#1770,#1771,#1772));
#7155=EDGE_LOOP('',(#1773,#1774,#1775,#1776));
#7156=EDGE_LOOP('',(#1777,#1778,#1779,#1780));
#7157=EDGE_LOOP('',(#1781,#1782,#1783,#1784));
#7158=EDGE_LOOP('',(#1785,#1786,#1787,#1788));
#7159=EDGE_LOOP('',(#1789,#1790,#1791,#1792));
#7160=EDGE_LOOP('',(#1793,#1794,#1795,#1796));
#7161=EDGE_LOOP('',(#1797,#1798,#1799,#1800));
#7162=EDGE_LOOP('',(#1801,#1802,#1803,#1804));
#7163=EDGE_LOOP('',(#1805,#1806,#1807,#1808));
#7164=EDGE_LOOP('',(#1809,#1810,#1811,#1812));
#7165=EDGE_LOOP('',(#1813,#1814,#1815,#1816));
#7166=EDGE_LOOP('',(#1817,#1818,#1819,#1820));
#7167=EDGE_LOOP('',(#1821,#1822,#1823,#1824));
#7168=EDGE_LOOP('',(#1825,#1826,#1827,#1828));
#7169=EDGE_LOOP('',(#1829,#1830,#1831,#1832));
#7170=EDGE_LOOP('',(#1833,#1834,#1835,#1836));
#7171=EDGE_LOOP('',(#1837,#1838,#1839,#1840));
#7172=EDGE_LOOP('',(#1841,#1842,#1843,#1844));
#7173=EDGE_LOOP('',(#1845,#1846,#1847,#1848));
#7174=EDGE_LOOP('',(#1849,#1850,#1851,#1852));
#7175=EDGE_LOOP('',(#1853,#1854,#1855,#1856));
#7176=EDGE_LOOP('',(#1857,#1858,#1859,#1860));
#7177=EDGE_LOOP('',(#1861,#1862,#1863,#1864));
#7178=EDGE_LOOP('',(#1865,#1866,#1867,#1868));
#7179=EDGE_LOOP('',(#1869,#1870,#1871,#1872));
#7180=EDGE_LOOP('',(#1873,#1874,#1875,#1876));
#7181=EDGE_LOOP('',(#1877,#1878,#1879,#1880));
#7182=EDGE_LOOP('',(#1881,#1882,#1883,#1884));
#7183=EDGE_LOOP('',(#1885,#1886,#1887,#1888));
#7184=EDGE_LOOP('',(#1889,#1890,#1891,#1892));
#7185=EDGE_LOOP('',(#1893,#1894,#1895,#1896));
#7186=EDGE_LOOP('',(#1897,#1898,#1899,#1900));
#7187=EDGE_LOOP('',(#1901,#1902,#1903,#1904));
#7188=EDGE_LOOP('',(#1905,#1906,#1907,#1908));
#7189=EDGE_LOOP('',(#1909,#1910,#1911,#1912));
#7190=EDGE_LOOP('',(#1913,#1914,#1915,#1916));
#7191=EDGE_LOOP('',(#1917,#1918,#1919,#1920));
#7192=EDGE_LOOP('',(#1921,#1922,#1923,#1924));
#7193=EDGE_LOOP('',(#1925,#1926,#1927,#1928));
#7194=EDGE_LOOP('',(#1929,#1930,#1931,#1932));
#7195=EDGE_LOOP('',(#1933,#1934,#1935,#1936));
#7196=EDGE_LOOP('',(#1937,#1938,#1939,#1940,#1941,#1942,#1943,#1944,#1945,
#1946,#1947,#1948,#1949,#1950,#1951,#1952,#1953,#1954,#1955,#1956,#1957,
#1958,#1959,#1960,#1961,#1962,#1963,#1964,#1965,#1966,#1967,#1968));
#7197=EDGE_LOOP('',(#1969,#1970,#1971,#1972,#1973,#1974,#1975,#1976,#1977,
#1978,#1979,#1980,#1981,#1982,#1983,#1984,#1985,#1986,#1987,#1988,#1989,
#1990,#1991,#1992,#1993,#1994,#1995,#1996,#1997,#1998,#1999,#2000));
#7198=EDGE_LOOP('',(#2001,#2002,#2003,#2004));
#7199=EDGE_LOOP('',(#2005,#2006,#2007,#2008));
#7200=EDGE_LOOP('',(#2009,#2010,#2011,#2012));
#7201=EDGE_LOOP('',(#2013,#2014,#2015,#2016));
#7202=EDGE_LOOP('',(#2017,#2018,#2019,#2020));
#7203=EDGE_LOOP('',(#2021,#2022,#2023,#2024));
#7204=EDGE_LOOP('',(#2025,#2026,#2027,#2028));
#7205=EDGE_LOOP('',(#2029,#2030,#2031,#2032));
#7206=EDGE_LOOP('',(#2033,#2034,#2035,#2036));
#7207=EDGE_LOOP('',(#2037,#2038,#2039,#2040));
#7208=EDGE_LOOP('',(#2041,#2042,#2043,#2044));
#7209=EDGE_LOOP('',(#2045,#2046,#2047,#2048));
#7210=EDGE_LOOP('',(#2049,#2050,#2051,#2052));
#7211=EDGE_LOOP('',(#2053,#2054,#2055,#2056));
#7212=EDGE_LOOP('',(#2057,#2058,#2059,#2060));
#7213=EDGE_LOOP('',(#2061,#2062,#2063,#2064));
#7214=EDGE_LOOP('',(#2065,#2066,#2067,#2068));
#7215=EDGE_LOOP('',(#2069,#2070,#2071,#2072));
#7216=EDGE_LOOP('',(#2073,#2074,#2075,#2076));
#7217=EDGE_LOOP('',(#2077,#2078,#2079,#2080));
#7218=EDGE_LOOP('',(#2081,#2082,#2083,#2084));
#7219=EDGE_LOOP('',(#2085,#2086,#2087,#2088));
#7220=EDGE_LOOP('',(#2089,#2090,#2091,#2092));
#7221=EDGE_LOOP('',(#2093,#2094,#2095,#2096));
#7222=EDGE_LOOP('',(#2097,#2098,#2099,#2100));
#7223=EDGE_LOOP('',(#2101,#2102,#2103,#2104));
#7224=EDGE_LOOP('',(#2105,#2106,#2107,#2108));
#7225=EDGE_LOOP('',(#2109,#2110,#2111,#2112));
#7226=EDGE_LOOP('',(#2113,#2114,#2115,#2116));
#7227=EDGE_LOOP('',(#2117,#2118,#2119,#2120));
#7228=EDGE_LOOP('',(#2121,#2122,#2123,#2124));
#7229=EDGE_LOOP('',(#2125,#2126,#2127,#2128));
#7230=EDGE_LOOP('',(#2129,#2130,#2131,#2132));
#7231=EDGE_LOOP('',(#2133,#2134,#2135,#2136));
#7232=EDGE_LOOP('',(#2137,#2138,#2139,#2140));
#7233=EDGE_LOOP('',(#2141,#2142,#2143,#2144));
#7234=EDGE_LOOP('',(#2145,#2146,#2147,#2148));
#7235=EDGE_LOOP('',(#2149,#2150,#2151,#2152));
#7236=EDGE_LOOP('',(#2153,#2154,#2155,#2156));
#7237=EDGE_LOOP('',(#2157,#2158,#2159,#2160,#2161,#2162,#2163,#2164,#2165,
#2166,#2167,#2168));
#7238=EDGE_LOOP('',(#2169,#2170,#2171,#2172));
#7239=EDGE_LOOP('',(#2173,#2174,#2175,#2176,#2177,#2178,#2179,#2180,#2181,
#2182,#2183,#2184));
#7240=EDGE_LOOP('',(#2185,#2186,#2187,#2188));
#7241=EDGE_LOOP('',(#2189,#2190,#2191,#2192,#2193,#2194,#2195,#2196,#2197,
#2198,#2199,#2200));
#7242=EDGE_LOOP('',(#2201,#2202,#2203,#2204));
#7243=EDGE_LOOP('',(#2205,#2206,#2207,#2208,#2209,#2210,#2211,#2212,#2213,
#2214,#2215,#2216));
#7244=EDGE_LOOP('',(#2217,#2218,#2219,#2220,#2221,#2222,#2223,#2224,#2225,
#2226,#2227,#2228));
#7245=EDGE_LOOP('',(#2229,#2230,#2231,#2232,#2233,#2234,#2235,#2236,#2237,
#2238,#2239,#2240));
#7246=EDGE_LOOP('',(#2241,#2242,#2243,#2244));
#7247=EDGE_LOOP('',(#2245,#2246,#2247,#2248,#2249,#2250,#2251,#2252,#2253,
#2254,#2255,#2256));
#7248=EDGE_LOOP('',(#2257,#2258,#2259,#2260,#2261,#2262,#2263,#2264,#2265,
#2266,#2267,#2268));
#7249=EDGE_LOOP('',(#2269,#2270,#2271,#2272));
#7250=EDGE_LOOP('',(#2273,#2274,#2275,#2276,#2277,#2278,#2279,#2280,#2281,
#2282,#2283,#2284));
#7251=EDGE_LOOP('',(#2285,#2286,#2287,#2288,#2289,#2290,#2291,#2292,#2293,
#2294,#2295,#2296));
#7252=EDGE_LOOP('',(#2297,#2298,#2299,#2300));
#7253=EDGE_LOOP('',(#2301,#2302,#2303,#2304,#2305,#2306,#2307,#2308,#2309,
#2310,#2311,#2312));
#7254=EDGE_LOOP('',(#2313,#2314,#2315,#2316,#2317,#2318,#2319,#2320,#2321,
#2322,#2323,#2324));
#7255=EDGE_LOOP('',(#2325,#2326,#2327,#2328));
#7256=EDGE_LOOP('',(#2329,#2330,#2331,#2332,#2333,#2334,#2335,#2336,#2337,
#2338,#2339,#2340));
#7257=EDGE_LOOP('',(#2341,#2342,#2343,#2344,#2345,#2346,#2347,#2348,#2349,
#2350,#2351,#2352));
#7258=EDGE_LOOP('',(#2353,#2354,#2355,#2356));
#7259=EDGE_LOOP('',(#2357,#2358,#2359,#2360,#2361,#2362,#2363,#2364,#2365,
#2366,#2367,#2368));
#7260=EDGE_LOOP('',(#2369,#2370,#2371,#2372,#2373,#2374,#2375,#2376,#2377,
#2378,#2379,#2380));
#7261=EDGE_LOOP('',(#2381,#2382,#2383,#2384));
#7262=EDGE_LOOP('',(#2385,#2386,#2387,#2388,#2389,#2390,#2391,#2392,#2393,
#2394,#2395,#2396));
#7263=EDGE_LOOP('',(#2397,#2398,#2399,#2400));
#7264=EDGE_LOOP('',(#2401,#2402,#2403,#2404,#2405,#2406,#2407,#2408,#2409,
#2410,#2411,#2412));
#7265=EDGE_LOOP('',(#2413,#2414,#2415,#2416,#2417,#2418,#2419,#2420,#2421,
#2422,#2423,#2424));
#7266=EDGE_LOOP('',(#2425,#2426,#2427,#2428));
#7267=EDGE_LOOP('',(#2429,#2430,#2431,#2432,#2433,#2434,#2435,#2436,#2437,
#2438,#2439,#2440));
#7268=EDGE_LOOP('',(#2441,#2442,#2443,#2444,#2445,#2446,#2447,#2448,#2449,
#2450,#2451,#2452));
#7269=EDGE_LOOP('',(#2453,#2454,#2455,#2456));
#7270=EDGE_LOOP('',(#2457,#2458,#2459,#2460,#2461,#2462,#2463,#2464,#2465,
#2466,#2467,#2468));
#7271=EDGE_LOOP('',(#2469,#2470,#2471,#2472,#2473,#2474,#2475,#2476,#2477,
#2478,#2479,#2480));
#7272=EDGE_LOOP('',(#2481,#2482,#2483,#2484));
#7273=EDGE_LOOP('',(#2485,#2486,#2487,#2488,#2489,#2490,#2491,#2492,#2493,
#2494,#2495,#2496));
#7274=EDGE_LOOP('',(#2497,#2498,#2499,#2500,#2501,#2502,#2503,#2504,#2505,
#2506,#2507,#2508));
#7275=EDGE_LOOP('',(#2509,#2510,#2511,#2512));
#7276=EDGE_LOOP('',(#2513,#2514,#2515,#2516,#2517,#2518,#2519,#2520,#2521,
#2522,#2523,#2524));
#7277=EDGE_LOOP('',(#2525,#2526,#2527,#2528));
#7278=EDGE_LOOP('',(#2529,#2530,#2531,#2532,#2533,#2534,#2535,#2536,#2537,
#2538,#2539,#2540));
#7279=EDGE_LOOP('',(#2541,#2542,#2543,#2544,#2545,#2546,#2547,#2548,#2549,
#2550,#2551,#2552));
#7280=EDGE_LOOP('',(#2553,#2554,#2555,#2556));
#7281=EDGE_LOOP('',(#2557,#2558,#2559,#2560));
#7282=EDGE_LOOP('',(#2561,#2562,#2563,#2564));
#7283=EDGE_LOOP('',(#2565,#2566,#2567,#2568));
#7284=EDGE_LOOP('',(#2569,#2570,#2571,#2572));
#7285=EDGE_LOOP('',(#2573,#2574,#2575,#2576));
#7286=EDGE_LOOP('',(#2577,#2578,#2579,#2580));
#7287=EDGE_LOOP('',(#2581,#2582,#2583,#2584));
#7288=EDGE_LOOP('',(#2585,#2586,#2587,#2588));
#7289=EDGE_LOOP('',(#2589,#2590,#2591,#2592));
#7290=EDGE_LOOP('',(#2593,#2594,#2595,#2596));
#7291=EDGE_LOOP('',(#2597,#2598,#2599,#2600));
#7292=EDGE_LOOP('',(#2601,#2602,#2603,#2604));
#7293=EDGE_LOOP('',(#2605,#2606,#2607,#2608));
#7294=EDGE_LOOP('',(#2609,#2610,#2611,#2612));
#7295=FACE_BOUND('',#6785,.T.);
#7296=FACE_BOUND('',#6786,.T.);
#7297=FACE_BOUND('',#6787,.T.);
#7298=FACE_BOUND('',#6788,.T.);
#7299=FACE_BOUND('',#6789,.T.);
#7300=FACE_BOUND('',#6790,.T.);
#7301=FACE_BOUND('',#6791,.T.);
#7302=FACE_BOUND('',#6792,.T.);
#7303=FACE_BOUND('',#6793,.T.);
#7304=FACE_BOUND('',#6794,.T.);
#7305=FACE_BOUND('',#6795,.T.);
#7306=FACE_BOUND('',#6796,.T.);
#7307=FACE_BOUND('',#6797,.T.);
#7308=FACE_BOUND('',#6798,.T.);
#7309=FACE_BOUND('',#6799,.T.);
#7310=FACE_BOUND('',#6800,.T.);
#7311=FACE_BOUND('',#6801,.T.);
#7312=FACE_BOUND('',#6802,.T.);
#7313=FACE_BOUND('',#6803,.T.);
#7314=FACE_BOUND('',#6804,.T.);
#7315=FACE_BOUND('',#6805,.T.);
#7316=FACE_BOUND('',#6806,.T.);
#7317=FACE_BOUND('',#6807,.T.);
#7318=FACE_BOUND('',#6808,.T.);
#7319=FACE_BOUND('',#6809,.T.);
#7320=FACE_BOUND('',#6810,.T.);
#7321=FACE_BOUND('',#6811,.T.);
#7322=FACE_BOUND('',#6812,.T.);
#7323=FACE_BOUND('',#6813,.T.);
#7324=FACE_BOUND('',#6814,.T.);
#7325=FACE_BOUND('',#6815,.T.);
#7326=FACE_BOUND('',#6816,.T.);
#7327=FACE_BOUND('',#6817,.T.);
#7328=FACE_BOUND('',#6818,.T.);
#7329=FACE_BOUND('',#6819,.T.);
#7330=FACE_BOUND('',#6820,.T.);
#7331=FACE_BOUND('',#6821,.T.);
#7332=FACE_BOUND('',#6822,.T.);
#7333=FACE_BOUND('',#6823,.T.);
#7334=FACE_BOUND('',#6824,.T.);
#7335=FACE_BOUND('',#6825,.T.);
#7336=FACE_BOUND('',#6826,.T.);
#7337=FACE_BOUND('',#6827,.T.);
#7338=FACE_BOUND('',#6828,.T.);
#7339=FACE_BOUND('',#6829,.T.);
#7340=FACE_BOUND('',#6830,.T.);
#7341=FACE_BOUND('',#6831,.T.);
#7342=FACE_BOUND('',#6832,.T.);
#7343=FACE_BOUND('',#6833,.T.);
#7344=FACE_BOUND('',#6834,.T.);
#7345=FACE_BOUND('',#6835,.T.);
#7346=FACE_BOUND('',#6836,.T.);
#7347=FACE_BOUND('',#6837,.T.);
#7348=FACE_BOUND('',#6838,.T.);
#7349=FACE_BOUND('',#6839,.T.);
#7350=FACE_BOUND('',#6840,.T.);
#7351=FACE_BOUND('',#6841,.T.);
#7352=FACE_BOUND('',#6842,.T.);
#7353=FACE_BOUND('',#6843,.T.);
#7354=FACE_BOUND('',#6844,.T.);
#7355=FACE_BOUND('',#6845,.T.);
#7356=FACE_BOUND('',#6846,.T.);
#7357=FACE_BOUND('',#6847,.T.);
#7358=FACE_BOUND('',#6848,.T.);
#7359=FACE_BOUND('',#6849,.T.);
#7360=FACE_BOUND('',#6850,.T.);
#7361=FACE_BOUND('',#6851,.T.);
#7362=FACE_BOUND('',#6852,.T.);
#7363=FACE_BOUND('',#6853,.T.);
#7364=FACE_BOUND('',#6854,.T.);
#7365=FACE_BOUND('',#6855,.T.);
#7366=FACE_BOUND('',#6856,.T.);
#7367=FACE_BOUND('',#6857,.T.);
#7368=FACE_BOUND('',#6858,.T.);
#7369=FACE_BOUND('',#6859,.T.);
#7370=FACE_BOUND('',#6860,.T.);
#7371=FACE_BOUND('',#6861,.T.);
#7372=FACE_BOUND('',#6862,.T.);
#7373=FACE_BOUND('',#6863,.T.);
#7374=FACE_BOUND('',#6864,.T.);
#7375=FACE_BOUND('',#6865,.T.);
#7376=FACE_BOUND('',#6866,.T.);
#7377=FACE_BOUND('',#6867,.T.);
#7378=FACE_BOUND('',#6868,.T.);
#7379=FACE_BOUND('',#6869,.T.);
#7380=FACE_BOUND('',#6870,.T.);
#7381=FACE_BOUND('',#6871,.T.);
#7382=FACE_BOUND('',#6872,.T.);
#7383=FACE_BOUND('',#6873,.T.);
#7384=FACE_BOUND('',#6874,.T.);
#7385=FACE_BOUND('',#6875,.T.);
#7386=FACE_BOUND('',#6876,.T.);
#7387=FACE_BOUND('',#6877,.T.);
#7388=FACE_BOUND('',#6878,.T.);
#7389=FACE_BOUND('',#6879,.T.);
#7390=FACE_BOUND('',#6880,.T.);
#7391=FACE_BOUND('',#6881,.T.);
#7392=FACE_BOUND('',#6882,.T.);
#7393=FACE_BOUND('',#6883,.T.);
#7394=FACE_BOUND('',#6884,.T.);
#7395=FACE_BOUND('',#6885,.T.);
#7396=FACE_BOUND('',#6886,.T.);
#7397=FACE_BOUND('',#6887,.T.);
#7398=FACE_BOUND('',#6888,.T.);
#7399=FACE_BOUND('',#6889,.T.);
#7400=FACE_BOUND('',#6890,.T.);
#7401=FACE_BOUND('',#6891,.T.);
#7402=FACE_BOUND('',#6892,.T.);
#7403=FACE_BOUND('',#6893,.T.);
#7404=FACE_BOUND('',#6894,.T.);
#7405=FACE_BOUND('',#6895,.T.);
#7406=FACE_BOUND('',#6896,.T.);
#7407=FACE_BOUND('',#6897,.T.);
#7408=FACE_BOUND('',#6898,.T.);
#7409=FACE_BOUND('',#6899,.T.);
#7410=FACE_BOUND('',#6900,.T.);
#7411=FACE_BOUND('',#6901,.T.);
#7412=FACE_BOUND('',#6902,.T.);
#7413=FACE_BOUND('',#6903,.T.);
#7414=FACE_BOUND('',#6904,.T.);
#7415=FACE_BOUND('',#6905,.T.);
#7416=FACE_BOUND('',#6906,.T.);
#7417=FACE_BOUND('',#6907,.T.);
#7418=FACE_BOUND('',#6908,.T.);
#7419=FACE_BOUND('',#6909,.T.);
#7420=FACE_BOUND('',#6910,.T.);
#7421=FACE_BOUND('',#6911,.T.);
#7422=FACE_BOUND('',#6912,.T.);
#7423=FACE_BOUND('',#6913,.T.);
#7424=FACE_BOUND('',#6914,.T.);
#7425=FACE_BOUND('',#6915,.T.);
#7426=FACE_BOUND('',#6916,.T.);
#7427=FACE_BOUND('',#6917,.T.);
#7428=FACE_BOUND('',#6918,.T.);
#7429=FACE_BOUND('',#6919,.T.);
#7430=FACE_BOUND('',#6920,.T.);
#7431=FACE_BOUND('',#6921,.T.);
#7432=FACE_BOUND('',#6922,.T.);
#7433=FACE_BOUND('',#6923,.T.);
#7434=FACE_BOUND('',#6924,.T.);
#7435=FACE_BOUND('',#6925,.T.);
#7436=FACE_BOUND('',#6926,.T.);
#7437=FACE_BOUND('',#6927,.T.);
#7438=FACE_BOUND('',#6928,.T.);
#7439=FACE_BOUND('',#6929,.T.);
#7440=FACE_BOUND('',#6930,.T.);
#7441=FACE_BOUND('',#6931,.T.);
#7442=FACE_BOUND('',#6932,.T.);
#7443=FACE_BOUND('',#6933,.T.);
#7444=FACE_BOUND('',#6934,.T.);
#7445=FACE_BOUND('',#6935,.T.);
#7446=FACE_BOUND('',#6936,.T.);
#7447=FACE_BOUND('',#6937,.T.);
#7448=FACE_BOUND('',#6938,.T.);
#7449=FACE_BOUND('',#6939,.T.);
#7450=FACE_BOUND('',#6940,.T.);
#7451=FACE_BOUND('',#6941,.T.);
#7452=FACE_BOUND('',#6942,.T.);
#7453=FACE_BOUND('',#6943,.T.);
#7454=FACE_BOUND('',#6944,.T.);
#7455=FACE_BOUND('',#6945,.T.);
#7456=FACE_BOUND('',#6946,.T.);
#7457=FACE_BOUND('',#6947,.T.);
#7458=FACE_BOUND('',#6948,.T.);
#7459=FACE_BOUND('',#6949,.T.);
#7460=FACE_BOUND('',#6950,.T.);
#7461=FACE_BOUND('',#6951,.T.);
#7462=FACE_BOUND('',#6952,.T.);
#7463=FACE_BOUND('',#6953,.T.);
#7464=FACE_BOUND('',#6954,.T.);
#7465=FACE_BOUND('',#6955,.T.);
#7466=FACE_BOUND('',#6956,.T.);
#7467=FACE_BOUND('',#6957,.T.);
#7468=FACE_BOUND('',#6958,.T.);
#7469=FACE_BOUND('',#6959,.T.);
#7470=FACE_BOUND('',#6960,.T.);
#7471=FACE_BOUND('',#6961,.T.);
#7472=FACE_BOUND('',#6962,.T.);
#7473=FACE_BOUND('',#6963,.T.);
#7474=FACE_BOUND('',#6964,.T.);
#7475=FACE_BOUND('',#6965,.T.);
#7476=FACE_BOUND('',#6966,.T.);
#7477=FACE_BOUND('',#6967,.T.);
#7478=FACE_BOUND('',#6968,.T.);
#7479=FACE_BOUND('',#6969,.T.);
#7480=FACE_BOUND('',#6970,.T.);
#7481=FACE_BOUND('',#6971,.T.);
#7482=FACE_BOUND('',#6972,.T.);
#7483=FACE_BOUND('',#6973,.T.);
#7484=FACE_BOUND('',#6974,.T.);
#7485=FACE_BOUND('',#6975,.T.);
#7486=FACE_BOUND('',#6976,.T.);
#7487=FACE_BOUND('',#6977,.T.);
#7488=FACE_BOUND('',#6978,.T.);
#7489=FACE_BOUND('',#6979,.T.);
#7490=FACE_BOUND('',#6980,.T.);
#7491=FACE_BOUND('',#6981,.T.);
#7492=FACE_BOUND('',#6982,.T.);
#7493=FACE_BOUND('',#6983,.T.);
#7494=FACE_BOUND('',#6984,.T.);
#7495=FACE_BOUND('',#6985,.T.);
#7496=FACE_BOUND('',#6986,.T.);
#7497=FACE_BOUND('',#6987,.T.);
#7498=FACE_BOUND('',#6988,.T.);
#7499=FACE_BOUND('',#6989,.T.);
#7500=FACE_BOUND('',#6990,.T.);
#7501=FACE_BOUND('',#6991,.T.);
#7502=FACE_BOUND('',#6992,.T.);
#7503=FACE_BOUND('',#6993,.T.);
#7504=FACE_BOUND('',#6994,.T.);
#7505=FACE_BOUND('',#6995,.T.);
#7506=FACE_BOUND('',#6996,.T.);
#7507=FACE_BOUND('',#6997,.T.);
#7508=FACE_BOUND('',#6998,.T.);
#7509=FACE_BOUND('',#6999,.T.);
#7510=FACE_BOUND('',#7000,.T.);
#7511=FACE_BOUND('',#7001,.T.);
#7512=FACE_BOUND('',#7002,.T.);
#7513=FACE_BOUND('',#7003,.T.);
#7514=FACE_BOUND('',#7004,.T.);
#7515=FACE_BOUND('',#7005,.T.);
#7516=FACE_BOUND('',#7006,.T.);
#7517=FACE_BOUND('',#7007,.T.);
#7518=FACE_BOUND('',#7008,.T.);
#7519=FACE_BOUND('',#7009,.T.);
#7520=FACE_BOUND('',#7010,.T.);
#7521=FACE_BOUND('',#7011,.T.);
#7522=FACE_BOUND('',#7012,.T.);
#7523=FACE_BOUND('',#7013,.T.);
#7524=FACE_BOUND('',#7014,.T.);
#7525=FACE_BOUND('',#7015,.T.);
#7526=FACE_BOUND('',#7016,.T.);
#7527=FACE_BOUND('',#7017,.T.);
#7528=FACE_BOUND('',#7018,.T.);
#7529=FACE_BOUND('',#7019,.T.);
#7530=FACE_BOUND('',#7020,.T.);
#7531=FACE_BOUND('',#7021,.T.);
#7532=FACE_BOUND('',#7022,.T.);
#7533=FACE_BOUND('',#7023,.T.);
#7534=FACE_BOUND('',#7024,.T.);
#7535=FACE_BOUND('',#7025,.T.);
#7536=FACE_BOUND('',#7026,.T.);
#7537=FACE_BOUND('',#7027,.T.);
#7538=FACE_BOUND('',#7028,.T.);
#7539=FACE_BOUND('',#7029,.T.);
#7540=FACE_BOUND('',#7030,.T.);
#7541=FACE_BOUND('',#7031,.T.);
#7542=FACE_BOUND('',#7032,.T.);
#7543=FACE_BOUND('',#7033,.T.);
#7544=FACE_BOUND('',#7034,.T.);
#7545=FACE_BOUND('',#7035,.T.);
#7546=FACE_BOUND('',#7036,.T.);
#7547=FACE_BOUND('',#7037,.T.);
#7548=FACE_BOUND('',#7038,.T.);
#7549=FACE_BOUND('',#7039,.T.);
#7550=FACE_BOUND('',#7040,.T.);
#7551=FACE_BOUND('',#7041,.T.);
#7552=FACE_BOUND('',#7042,.T.);
#7553=FACE_BOUND('',#7043,.T.);
#7554=FACE_BOUND('',#7044,.T.);
#7555=FACE_BOUND('',#7045,.T.);
#7556=FACE_BOUND('',#7046,.T.);
#7557=FACE_BOUND('',#7047,.T.);
#7558=FACE_BOUND('',#7048,.T.);
#7559=FACE_BOUND('',#7049,.T.);
#7560=FACE_BOUND('',#7050,.T.);
#7561=FACE_BOUND('',#7051,.T.);
#7562=FACE_BOUND('',#7052,.T.);
#7563=FACE_BOUND('',#7053,.T.);
#7564=FACE_BOUND('',#7054,.T.);
#7565=FACE_BOUND('',#7055,.T.);
#7566=FACE_BOUND('',#7056,.T.);
#7567=FACE_BOUND('',#7057,.T.);
#7568=FACE_BOUND('',#7058,.T.);
#7569=FACE_BOUND('',#7059,.T.);
#7570=FACE_BOUND('',#7060,.T.);
#7571=FACE_BOUND('',#7061,.T.);
#7572=FACE_BOUND('',#7062,.T.);
#7573=FACE_BOUND('',#7063,.T.);
#7574=FACE_BOUND('',#7064,.T.);
#7575=FACE_BOUND('',#7065,.T.);
#7576=FACE_BOUND('',#7066,.T.);
#7577=FACE_BOUND('',#7067,.T.);
#7578=FACE_BOUND('',#7068,.T.);
#7579=FACE_BOUND('',#7069,.T.);
#7580=FACE_BOUND('',#7070,.T.);
#7581=FACE_BOUND('',#7071,.T.);
#7582=FACE_BOUND('',#7072,.T.);
#7583=FACE_BOUND('',#7073,.T.);
#7584=FACE_BOUND('',#7074,.T.);
#7585=FACE_BOUND('',#7075,.T.);
#7586=FACE_BOUND('',#7076,.T.);
#7587=FACE_BOUND('',#7077,.T.);
#7588=FACE_BOUND('',#7078,.T.);
#7589=FACE_BOUND('',#7079,.T.);
#7590=FACE_BOUND('',#7080,.T.);
#7591=FACE_BOUND('',#7081,.T.);
#7592=FACE_BOUND('',#7082,.T.);
#7593=FACE_BOUND('',#7083,.T.);
#7594=FACE_BOUND('',#7084,.T.);
#7595=FACE_BOUND('',#7085,.T.);
#7596=FACE_BOUND('',#7086,.T.);
#7597=FACE_BOUND('',#7087,.T.);
#7598=FACE_BOUND('',#7088,.T.);
#7599=FACE_BOUND('',#7089,.T.);
#7600=FACE_BOUND('',#7090,.T.);
#7601=FACE_BOUND('',#7091,.T.);
#7602=FACE_BOUND('',#7092,.T.);
#7603=FACE_BOUND('',#7093,.T.);
#7604=FACE_BOUND('',#7094,.T.);
#7605=FACE_BOUND('',#7095,.T.);
#7606=FACE_BOUND('',#7096,.T.);
#7607=FACE_BOUND('',#7097,.T.);
#7608=FACE_BOUND('',#7098,.T.);
#7609=FACE_BOUND('',#7099,.T.);
#7610=FACE_BOUND('',#7100,.T.);
#7611=FACE_BOUND('',#7101,.T.);
#7612=FACE_BOUND('',#7102,.T.);
#7613=FACE_BOUND('',#7103,.T.);
#7614=FACE_BOUND('',#7104,.T.);
#7615=FACE_BOUND('',#7105,.T.);
#7616=FACE_BOUND('',#7106,.T.);
#7617=FACE_BOUND('',#7107,.T.);
#7618=FACE_BOUND('',#7108,.T.);
#7619=FACE_BOUND('',#7109,.T.);
#7620=FACE_BOUND('',#7110,.T.);
#7621=FACE_BOUND('',#7111,.T.);
#7622=FACE_BOUND('',#7112,.T.);
#7623=FACE_BOUND('',#7113,.T.);
#7624=FACE_BOUND('',#7114,.T.);
#7625=FACE_BOUND('',#7115,.T.);
#7626=FACE_BOUND('',#7116,.T.);
#7627=FACE_BOUND('',#7117,.T.);
#7628=FACE_BOUND('',#7118,.T.);
#7629=FACE_BOUND('',#7119,.T.);
#7630=FACE_BOUND('',#7120,.T.);
#7631=FACE_BOUND('',#7121,.T.);
#7632=FACE_BOUND('',#7122,.T.);
#7633=FACE_BOUND('',#7123,.T.);
#7634=FACE_BOUND('',#7124,.T.);
#7635=FACE_BOUND('',#7125,.T.);
#7636=FACE_BOUND('',#7126,.T.);
#7637=FACE_BOUND('',#7127,.T.);
#7638=FACE_BOUND('',#7128,.T.);
#7639=FACE_BOUND('',#7129,.T.);
#7640=FACE_BOUND('',#7130,.T.);
#7641=FACE_BOUND('',#7131,.T.);
#7642=FACE_BOUND('',#7132,.T.);
#7643=FACE_BOUND('',#7133,.T.);
#7644=FACE_BOUND('',#7134,.T.);
#7645=FACE_BOUND('',#7135,.T.);
#7646=FACE_BOUND('',#7136,.T.);
#7647=FACE_BOUND('',#7137,.T.);
#7648=FACE_BOUND('',#7138,.T.);
#7649=FACE_BOUND('',#7139,.T.);
#7650=FACE_BOUND('',#7140,.T.);
#7651=FACE_BOUND('',#7141,.T.);
#7652=FACE_BOUND('',#7142,.T.);
#7653=FACE_BOUND('',#7143,.T.);
#7654=FACE_BOUND('',#7144,.T.);
#7655=FACE_BOUND('',#7145,.T.);
#7656=FACE_BOUND('',#7146,.T.);
#7657=FACE_BOUND('',#7147,.T.);
#7658=FACE_BOUND('',#7148,.T.);
#7659=FACE_BOUND('',#7149,.T.);
#7660=FACE_BOUND('',#7150,.T.);
#7661=FACE_BOUND('',#7151,.T.);
#7662=FACE_BOUND('',#7152,.T.);
#7663=FACE_BOUND('',#7153,.T.);
#7664=FACE_BOUND('',#7154,.T.);
#7665=FACE_BOUND('',#7155,.T.);
#7666=FACE_BOUND('',#7156,.T.);
#7667=FACE_BOUND('',#7157,.T.);
#7668=FACE_BOUND('',#7158,.T.);
#7669=FACE_BOUND('',#7159,.T.);
#7670=FACE_BOUND('',#7160,.T.);
#7671=FACE_BOUND('',#7161,.T.);
#7672=FACE_BOUND('',#7162,.T.);
#7673=FACE_BOUND('',#7163,.T.);
#7674=FACE_BOUND('',#7164,.T.);
#7675=FACE_BOUND('',#7165,.T.);
#7676=FACE_BOUND('',#7166,.T.);
#7677=FACE_BOUND('',#7167,.T.);
#7678=FACE_BOUND('',#7168,.T.);
#7679=FACE_BOUND('',#7169,.T.);
#7680=FACE_BOUND('',#7170,.T.);
#7681=FACE_BOUND('',#7171,.T.);
#7682=FACE_BOUND('',#7172,.T.);
#7683=FACE_BOUND('',#7173,.T.);
#7684=FACE_BOUND('',#7174,.T.);
#7685=FACE_BOUND('',#7175,.T.);
#7686=FACE_BOUND('',#7176,.T.);
#7687=FACE_BOUND('',#7177,.T.);
#7688=FACE_BOUND('',#7178,.T.);
#7689=FACE_BOUND('',#7179,.T.);
#7690=FACE_BOUND('',#7180,.T.);
#7691=FACE_BOUND('',#7181,.T.);
#7692=FACE_BOUND('',#7182,.T.);
#7693=FACE_BOUND('',#7183,.T.);
#7694=FACE_BOUND('',#7184,.T.);
#7695=FACE_BOUND('',#7185,.T.);
#7696=FACE_BOUND('',#7186,.T.);
#7697=FACE_BOUND('',#7187,.T.);
#7698=FACE_BOUND('',#7188,.T.);
#7699=FACE_BOUND('',#7189,.T.);
#7700=FACE_BOUND('',#7190,.T.);
#7701=FACE_BOUND('',#7191,.T.);
#7702=FACE_BOUND('',#7192,.T.);
#7703=FACE_BOUND('',#7193,.T.);
#7704=FACE_BOUND('',#7194,.T.);
#7705=FACE_BOUND('',#7195,.T.);
#7706=FACE_BOUND('',#7196,.T.);
#7707=FACE_BOUND('',#7197,.T.);
#7708=FACE_BOUND('',#7198,.T.);
#7709=FACE_BOUND('',#7199,.T.);
#7710=FACE_BOUND('',#7200,.T.);
#7711=FACE_BOUND('',#7201,.T.);
#7712=FACE_BOUND('',#7202,.T.);
#7713=FACE_BOUND('',#7203,.T.);
#7714=FACE_BOUND('',#7204,.T.);
#7715=FACE_BOUND('',#7205,.T.);
#7716=FACE_BOUND('',#7206,.T.);
#7717=FACE_BOUND('',#7207,.T.);
#7718=FACE_BOUND('',#7208,.T.);
#7719=FACE_BOUND('',#7209,.T.);
#7720=FACE_BOUND('',#7210,.T.);
#7721=FACE_BOUND('',#7211,.T.);
#7722=FACE_BOUND('',#7212,.T.);
#7723=FACE_BOUND('',#7213,.T.);
#7724=FACE_BOUND('',#7214,.T.);
#7725=FACE_BOUND('',#7215,.T.);
#7726=FACE_BOUND('',#7216,.T.);
#7727=FACE_BOUND('',#7217,.T.);
#7728=FACE_BOUND('',#7218,.T.);
#7729=FACE_BOUND('',#7219,.T.);
#7730=FACE_BOUND('',#7220,.T.);
#7731=FACE_BOUND('',#7221,.T.);
#7732=FACE_BOUND('',#7222,.T.);
#7733=FACE_BOUND('',#7223,.T.);
#7734=FACE_BOUND('',#7224,.T.);
#7735=FACE_BOUND('',#7225,.T.);
#7736=FACE_BOUND('',#7226,.T.);
#7737=FACE_BOUND('',#7227,.T.);
#7738=FACE_BOUND('',#7228,.T.);
#7739=FACE_BOUND('',#7229,.T.);
#7740=FACE_BOUND('',#7230,.T.);
#7741=FACE_BOUND('',#7231,.T.);
#7742=FACE_BOUND('',#7232,.T.);
#7743=FACE_BOUND('',#7233,.T.);
#7744=FACE_BOUND('',#7234,.T.);
#7745=FACE_BOUND('',#7235,.T.);
#7746=FACE_BOUND('',#7236,.T.);
#7747=FACE_BOUND('',#7237,.T.);
#7748=FACE_BOUND('',#7238,.T.);
#7749=FACE_BOUND('',#7239,.T.);
#7750=FACE_BOUND('',#7240,.T.);
#7751=FACE_BOUND('',#7241,.T.);
#7752=FACE_BOUND('',#7242,.T.);
#7753=FACE_BOUND('',#7243,.T.);
#7754=FACE_BOUND('',#7244,.T.);
#7755=FACE_BOUND('',#7245,.T.);
#7756=FACE_BOUND('',#7246,.T.);
#7757=FACE_BOUND('',#7247,.T.);
#7758=FACE_BOUND('',#7248,.T.);
#7759=FACE_BOUND('',#7249,.T.);
#7760=FACE_BOUND('',#7250,.T.);
#7761=FACE_BOUND('',#7251,.T.);
#7762=FACE_BOUND('',#7252,.T.);
#7763=FACE_BOUND('',#7253,.T.);
#7764=FACE_BOUND('',#7254,.T.);
#7765=FACE_BOUND('',#7255,.T.);
#7766=FACE_BOUND('',#7256,.T.);
#7767=FACE_BOUND('',#7257,.T.);
#7768=FACE_BOUND('',#7258,.T.);
#7769=FACE_BOUND('',#7259,.T.);
#7770=FACE_BOUND('',#7260,.T.);
#7771=FACE_BOUND('',#7261,.T.);
#7772=FACE_BOUND('',#7262,.T.);
#7773=FACE_BOUND('',#7263,.T.);
#7774=FACE_BOUND('',#7264,.T.);
#7775=FACE_BOUND('',#7265,.T.);
#7776=FACE_BOUND('',#7266,.T.);
#7777=FACE_BOUND('',#7267,.T.);
#7778=FACE_BOUND('',#7268,.T.);
#7779=FACE_BOUND('',#7269,.T.);
#7780=FACE_BOUND('',#7270,.T.);
#7781=FACE_BOUND('',#7271,.T.);
#7782=FACE_BOUND('',#7272,.T.);
#7783=FACE_BOUND('',#7273,.T.);
#7784=FACE_BOUND('',#7274,.T.);
#7785=FACE_BOUND('',#7275,.T.);
#7786=FACE_BOUND('',#7276,.T.);
#7787=FACE_BOUND('',#7277,.T.);
#7788=FACE_BOUND('',#7278,.T.);
#7789=FACE_BOUND('',#7279,.T.);
#7790=FACE_BOUND('',#7280,.T.);
#7791=FACE_BOUND('',#7281,.T.);
#7792=FACE_BOUND('',#7282,.T.);
#7793=FACE_BOUND('',#7283,.T.);
#7794=FACE_BOUND('',#7284,.T.);
#7795=FACE_BOUND('',#7285,.T.);
#7796=FACE_BOUND('',#7286,.T.);
#7797=FACE_BOUND('',#7287,.T.);
#7798=FACE_BOUND('',#7288,.T.);
#7799=FACE_BOUND('',#7289,.T.);
#7800=FACE_BOUND('',#7290,.T.);
#7801=FACE_BOUND('',#7291,.T.);
#7802=FACE_BOUND('',#7292,.T.);
#7803=FACE_BOUND('',#7293,.T.);
#7804=FACE_BOUND('',#7294,.T.);
#7805=PLANE('',#8639);
#7806=PLANE('',#8640);
#7807=PLANE('',#8641);
#7808=PLANE('',#8642);
#7809=PLANE('',#8643);
#7810=PLANE('',#8644);
#7811=PLANE('',#8645);
#7812=PLANE('',#8646);
#7813=PLANE('',#8647);
#7814=PLANE('',#8648);
#7815=PLANE('',#8649);
#7816=PLANE('',#8650);
#7817=PLANE('',#8651);
#7818=PLANE('',#8652);
#7819=PLANE('',#8653);
#7820=PLANE('',#8654);
#7821=PLANE('',#8655);
#7822=PLANE('',#8656);
#7823=PLANE('',#8657);
#7824=PLANE('',#8658);
#7825=PLANE('',#8659);
#7826=PLANE('',#8660);
#7827=PLANE('',#8661);
#7828=PLANE('',#8662);
#7829=PLANE('',#8663);
#7830=PLANE('',#8664);
#7831=PLANE('',#8665);
#7832=PLANE('',#8666);
#7833=PLANE('',#8667);
#7834=PLANE('',#8668);
#7835=PLANE('',#8669);
#7836=PLANE('',#8670);
#7837=PLANE('',#8671);
#7838=PLANE('',#8672);
#7839=PLANE('',#8673);
#7840=PLANE('',#8674);
#7841=PLANE('',#8675);
#7842=PLANE('',#8676);
#7843=PLANE('',#8677);
#7844=PLANE('',#8678);
#7845=PLANE('',#8679);
#7846=PLANE('',#8680);
#7847=PLANE('',#8681);
#7848=PLANE('',#8682);
#7849=PLANE('',#8683);
#7850=PLANE('',#8684);
#7851=PLANE('',#8685);
#7852=PLANE('',#8686);
#7853=PLANE('',#8687);
#7854=PLANE('',#8688);
#7855=PLANE('',#8689);
#7856=PLANE('',#8690);
#7857=PLANE('',#8691);
#7858=PLANE('',#8692);
#7859=PLANE('',#8693);
#7860=PLANE('',#8694);
#7861=PLANE('',#8695);
#7862=PLANE('',#8696);
#7863=PLANE('',#8697);
#7864=PLANE('',#8698);
#7865=PLANE('',#8699);
#7866=PLANE('',#8700);
#7867=PLANE('',#8701);
#7868=PLANE('',#8702);
#7869=PLANE('',#8703);
#7870=PLANE('',#8704);
#7871=PLANE('',#8705);
#7872=PLANE('',#8706);
#7873=PLANE('',#8707);
#7874=PLANE('',#8708);
#7875=PLANE('',#8709);
#7876=PLANE('',#8710);
#7877=PLANE('',#8711);
#7878=PLANE('',#8712);
#7879=PLANE('',#8713);
#7880=PLANE('',#8714);
#7881=PLANE('',#8715);
#7882=PLANE('',#8716);
#7883=PLANE('',#8717);
#7884=PLANE('',#8718);
#7885=PLANE('',#8719);
#7886=PLANE('',#8720);
#7887=PLANE('',#8721);
#7888=PLANE('',#8722);
#7889=PLANE('',#8723);
#7890=PLANE('',#8724);
#7891=PLANE('',#8725);
#7892=PLANE('',#8726);
#7893=PLANE('',#8727);
#7894=PLANE('',#8728);
#7895=PLANE('',#8729);
#7896=PLANE('',#8730);
#7897=PLANE('',#8731);
#7898=PLANE('',#8732);
#7899=PLANE('',#8733);
#7900=PLANE('',#8734);
#7901=PLANE('',#8735);
#7902=PLANE('',#8736);
#7903=PLANE('',#8737);
#7904=PLANE('',#8738);
#7905=PLANE('',#8739);
#7906=PLANE('',#8740);
#7907=PLANE('',#8741);
#7908=PLANE('',#8742);
#7909=PLANE('',#8743);
#7910=PLANE('',#8744);
#7911=PLANE('',#8745);
#7912=PLANE('',#8746);
#7913=PLANE('',#8747);
#7914=PLANE('',#8748);
#7915=PLANE('',#8749);
#7916=PLANE('',#8750);
#7917=PLANE('',#8751);
#7918=PLANE('',#8752);
#7919=PLANE('',#8753);
#7920=PLANE('',#8754);
#7921=PLANE('',#8755);
#7922=PLANE('',#8756);
#7923=PLANE('',#8758);
#7924=PLANE('',#8759);
#7925=PLANE('',#8760);
#7926=PLANE('',#8761);
#7927=PLANE('',#8762);
#7928=PLANE('',#8763);
#7929=PLANE('',#8764);
#7930=PLANE('',#8765);
#7931=PLANE('',#8766);
#7932=PLANE('',#8767);
#7933=PLANE('',#8768);
#7934=PLANE('',#8769);
#7935=PLANE('',#8770);
#7936=PLANE('',#8771);
#7937=PLANE('',#8772);
#7938=PLANE('',#8773);
#7939=PLANE('',#8774);
#7940=PLANE('',#8775);
#7941=PLANE('',#8776);
#7942=PLANE('',#8777);
#7943=PLANE('',#8778);
#7944=PLANE('',#8779);
#7945=PLANE('',#8780);
#7946=PLANE('',#8781);
#7947=PLANE('',#8782);
#7948=PLANE('',#8783);
#7949=PLANE('',#8784);
#7950=PLANE('',#8785);
#7951=PLANE('',#8786);
#7952=PLANE('',#8787);
#7953=PLANE('',#8788);
#7954=PLANE('',#8789);
#7955=PLANE('',#8790);
#7956=PLANE('',#8791);
#7957=PLANE('',#8792);
#7958=PLANE('',#8793);
#7959=PLANE('',#8794);
#7960=PLANE('',#8795);
#7961=PLANE('',#8796);
#7962=PLANE('',#8797);
#7963=PLANE('',#8798);
#7964=PLANE('',#8799);
#7965=PLANE('',#8800);
#7966=PLANE('',#8801);
#7967=PLANE('',#8802);
#7968=PLANE('',#8803);
#7969=PLANE('',#8804);
#7970=PLANE('',#8805);
#7971=PLANE('',#8806);
#7972=PLANE('',#8807);
#7973=PLANE('',#8808);
#7974=PLANE('',#8809);
#7975=PLANE('',#8810);
#7976=PLANE('',#8811);
#7977=PLANE('',#8812);
#7978=PLANE('',#8813);
#7979=PLANE('',#8814);
#7980=PLANE('',#8815);
#7981=PLANE('',#8816);
#7982=PLANE('',#8817);
#7983=PLANE('',#8818);
#7984=PLANE('',#8819);
#7985=PLANE('',#8820);
#7986=PLANE('',#8821);
#7987=PLANE('',#8822);
#7988=PLANE('',#8823);
#7989=PLANE('',#8824);
#7990=PLANE('',#8825);
#7991=PLANE('',#8826);
#7992=PLANE('',#8827);
#7993=PLANE('',#8829);
#7994=PLANE('',#8830);
#7995=PLANE('',#8831);
#7996=PLANE('',#8832);
#7997=PLANE('',#8833);
#7998=PLANE('',#8834);
#7999=PLANE('',#8835);
#8000=PLANE('',#8836);
#8001=PLANE('',#8837);
#8002=PLANE('',#8838);
#8003=PLANE('',#8839);
#8004=PLANE('',#8840);
#8005=PLANE('',#8841);
#8006=PLANE('',#8842);
#8007=PLANE('',#8843);
#8008=PLANE('',#8844);
#8009=PLANE('',#8845);
#8010=PLANE('',#8846);
#8011=PLANE('',#8847);
#8012=PLANE('',#8848);
#8013=PLANE('',#8849);
#8014=PLANE('',#8850);
#8015=PLANE('',#8851);
#8016=PLANE('',#8852);
#8017=PLANE('',#8853);
#8018=PLANE('',#8854);
#8019=PLANE('',#8855);
#8020=PLANE('',#8856);
#8021=PLANE('',#8857);
#8022=PLANE('',#8858);
#8023=PLANE('',#8859);
#8024=PLANE('',#8860);
#8025=PLANE('',#8861);
#8026=PLANE('',#8862);
#8027=PLANE('',#8863);
#8028=PLANE('',#8864);
#8029=PLANE('',#8865);
#8030=PLANE('',#8866);
#8031=PLANE('',#8867);
#8032=PLANE('',#8868);
#8033=PLANE('',#8869);
#8034=PLANE('',#8870);
#8035=PLANE('',#8871);
#8036=PLANE('',#8872);
#8037=PLANE('',#8873);
#8038=PLANE('',#8874);
#8039=PLANE('',#8875);
#8040=PLANE('',#8876);
#8041=PLANE('',#8877);
#8042=PLANE('',#8878);
#8043=PLANE('',#8879);
#8044=PLANE('',#8880);
#8045=PLANE('',#8881);
#8046=PLANE('',#8882);
#8047=PLANE('',#8883);
#8048=PLANE('',#8884);
#8049=PLANE('',#8885);
#8050=PLANE('',#8886);
#8051=PLANE('',#8887);
#8052=PLANE('',#8888);
#8053=PLANE('',#8889);
#8054=PLANE('',#8890);
#8055=PLANE('',#8891);
#8056=PLANE('',#8892);
#8057=PLANE('',#8893);
#8058=PLANE('',#8894);
#8059=PLANE('',#8895);
#8060=PLANE('',#8896);
#8061=PLANE('',#8897);
#8062=PLANE('',#8898);
#8063=PLANE('',#8899);
#8064=PLANE('',#8900);
#8065=PLANE('',#8901);
#8066=PLANE('',#8902);
#8067=PLANE('',#8903);
#8068=PLANE('',#8904);
#8069=PLANE('',#8905);
#8070=PLANE('',#8906);
#8071=PLANE('',#8907);
#8072=PLANE('',#8908);
#8073=PLANE('',#8909);
#8074=PLANE('',#8931);
#8075=PLANE('',#8932);
#8076=PLANE('',#8933);
#8077=PLANE('',#8934);
#8078=PLANE('',#8935);
#8079=PLANE('',#8936);
#8080=PLANE('',#8937);
#8081=PLANE('',#8959);
#8082=PLANE('',#8960);
#8083=PLANE('',#8982);
#8084=PLANE('',#8983);
#8085=PLANE('',#8984);
#8086=PLANE('',#8985);
#8087=PLANE('',#8986);
#8088=PLANE('',#8987);
#8089=PLANE('',#8988);
#8090=PLANE('',#9010);
#8091=PLANE('',#9011);
#8092=PLANE('',#9012);
#8093=PLANE('',#9013);
#8094=PLANE('',#9014);
#8095=PLANE('',#9015);
#8096=PLANE('',#9016);
#8097=PLANE('',#9017);
#8098=PLANE('',#9018);
#8099=PLANE('',#9019);
#8100=PLANE('',#9020);
#8101=PLANE('',#9021);
#8102=PLANE('',#9022);
#8103=PLANE('',#9023);
#8104=PLANE('',#9024);
#8105=PLANE('',#9025);
#8106=PLANE('',#9026);
#8107=PLANE('',#9027);
#8108=PLANE('',#9028);
#8109=PLANE('',#9029);
#8110=PLANE('',#9030);
#8111=PLANE('',#9052);
#8112=PLANE('',#9053);
#8113=PLANE('',#9054);
#8114=PLANE('',#9055);
#8115=PLANE('',#9056);
#8116=PLANE('',#9057);
#8117=PLANE('',#9058);
#8118=PLANE('',#9080);
#8119=PLANE('',#9081);
#8120=PLANE('',#9103);
#8121=PLANE('',#9104);
#8122=PLANE('',#9105);
#8123=PLANE('',#9106);
#8124=PLANE('',#9107);
#8125=PLANE('',#9108);
#8126=PLANE('',#9109);
#8127=PLANE('',#9131);
#8128=PLANE('',#9132);
#8129=PLANE('',#9133);
#8130=PLANE('',#9134);
#8131=PLANE('',#9135);
#8132=PLANE('',#9136);
#8133=PLANE('',#9137);
#8134=PLANE('',#9138);
#8135=PLANE('',#9139);
#8136=PLANE('',#9140);
#8137=PLANE('',#9141);
#8138=PLANE('',#9142);
#8139=PLANE('',#9143);
#8140=PLANE('',#9144);
#8141=PLANE('',#9145);
#8142=PLANE('',#9146);
#8143=PLANE('',#9147);
#8144=PLANE('',#9148);
#8145=PLANE('',#9149);
#8146=PLANE('',#9150);
#8147=PLANE('',#9151);
#8148=PLANE('',#9152);
#8149=PLANE('',#9153);
#8150=PLANE('',#9154);
#8151=PLANE('',#9155);
#8152=PLANE('',#9156);
#8153=PLANE('',#9157);
#8154=PLANE('',#9158);
#8155=PLANE('',#9159);
#8156=PLANE('',#9160);
#8157=PLANE('',#9161);
#8158=PLANE('',#9162);
#8159=PLANE('',#9163);
#8160=PLANE('',#9164);
#8161=PLANE('',#9165);
#8162=PLANE('',#9166);
#8163=PLANE('',#9167);
#8164=PLANE('',#9168);
#8165=PLANE('',#9169);
#8166=PLANE('',#9170);
#8167=PLANE('',#9171);
#8168=PLANE('',#9172);
#8169=PLANE('',#9173);
#8170=PLANE('',#9174);
#8171=PLANE('',#9175);
#8172=PLANE('',#9176);
#8173=PLANE('',#9177);
#8174=PLANE('',#9178);
#8175=ADVANCED_FACE('',(#7295,#7296,#7297,#7298,#7299,#7300,#7301,#7302,
#7303,#7304,#7305,#7306,#7307,#7308,#7309),#7805,.T.);
#8176=ADVANCED_FACE('',(#7310),#7806,.F.);
#8177=ADVANCED_FACE('',(#7311),#7807,.F.);
#8178=ADVANCED_FACE('',(#7312),#7808,.F.);
#8179=ADVANCED_FACE('',(#7313),#7809,.F.);
#8180=ADVANCED_FACE('',(#7314,#7315,#7316,#7317,#7318,#7319,#7320,#7321,
#7322,#7323,#7324,#7325,#7326,#7327,#7328),#7810,.F.);
#8181=ADVANCED_FACE('',(#7329),#7811,.T.);
#8182=ADVANCED_FACE('',(#7330),#7812,.T.);
#8183=ADVANCED_FACE('',(#7331),#7813,.T.);
#8184=ADVANCED_FACE('',(#7332),#7814,.T.);
#8185=ADVANCED_FACE('',(#7333),#7815,.T.);
#8186=ADVANCED_FACE('',(#7334),#7816,.T.);
#8187=ADVANCED_FACE('',(#7335),#7817,.T.);
#8188=ADVANCED_FACE('',(#7336),#7818,.T.);
#8189=ADVANCED_FACE('',(#7337),#7819,.T.);
#8190=ADVANCED_FACE('',(#7338),#7820,.T.);
#8191=ADVANCED_FACE('',(#7339),#7821,.T.);
#8192=ADVANCED_FACE('',(#7340),#7822,.T.);
#8193=ADVANCED_FACE('',(#7341),#7823,.T.);
#8194=ADVANCED_FACE('',(#7342),#7824,.T.);
#8195=ADVANCED_FACE('',(#7343),#7825,.T.);
#8196=ADVANCED_FACE('',(#7344),#7826,.T.);
#8197=ADVANCED_FACE('',(#7345),#7827,.T.);
#8198=ADVANCED_FACE('',(#7346),#7828,.T.);
#8199=ADVANCED_FACE('',(#7347),#7829,.T.);
#8200=ADVANCED_FACE('',(#7348),#7830,.T.);
#8201=ADVANCED_FACE('',(#7349),#7831,.T.);
#8202=ADVANCED_FACE('',(#7350),#7832,.T.);
#8203=ADVANCED_FACE('',(#7351),#7833,.T.);
#8204=ADVANCED_FACE('',(#7352),#7834,.T.);
#8205=ADVANCED_FACE('',(#7353),#7835,.T.);
#8206=ADVANCED_FACE('',(#7354),#7836,.T.);
#8207=ADVANCED_FACE('',(#7355),#7837,.T.);
#8208=ADVANCED_FACE('',(#7356),#7838,.T.);
#8209=ADVANCED_FACE('',(#7357),#7839,.T.);
#8210=ADVANCED_FACE('',(#7358),#7840,.T.);
#8211=ADVANCED_FACE('',(#7359),#7841,.T.);
#8212=ADVANCED_FACE('',(#7360),#7842,.T.);
#8213=ADVANCED_FACE('',(#7361),#7843,.T.);
#8214=ADVANCED_FACE('',(#7362),#7844,.T.);
#8215=ADVANCED_FACE('',(#7363),#7845,.T.);
#8216=ADVANCED_FACE('',(#7364),#7846,.T.);
#8217=ADVANCED_FACE('',(#7365),#7847,.T.);
#8218=ADVANCED_FACE('',(#7366),#7848,.T.);
#8219=ADVANCED_FACE('',(#7367),#7849,.T.);
#8220=ADVANCED_FACE('',(#7368),#7850,.T.);
#8221=ADVANCED_FACE('',(#7369),#7851,.T.);
#8222=ADVANCED_FACE('',(#7370),#7852,.T.);
#8223=ADVANCED_FACE('',(#7371),#7853,.T.);
#8224=ADVANCED_FACE('',(#7372),#7854,.T.);
#8225=ADVANCED_FACE('',(#7373),#7855,.T.);
#8226=ADVANCED_FACE('',(#7374),#7856,.T.);
#8227=ADVANCED_FACE('',(#7375),#7857,.T.);
#8228=ADVANCED_FACE('',(#7376),#7858,.T.);
#8229=ADVANCED_FACE('',(#7377),#7859,.T.);
#8230=ADVANCED_FACE('',(#7378),#7860,.T.);
#8231=ADVANCED_FACE('',(#7379),#7861,.T.);
#8232=ADVANCED_FACE('',(#7380),#7862,.T.);
#8233=ADVANCED_FACE('',(#7381),#7863,.T.);
#8234=ADVANCED_FACE('',(#7382),#7864,.T.);
#8235=ADVANCED_FACE('',(#7383),#7865,.T.);
#8236=ADVANCED_FACE('',(#7384),#7866,.T.);
#8237=ADVANCED_FACE('',(#7385),#7867,.T.);
#8238=ADVANCED_FACE('',(#7386),#7868,.T.);
#8239=ADVANCED_FACE('',(#7387),#7869,.T.);
#8240=ADVANCED_FACE('',(#7388),#7870,.T.);
#8241=ADVANCED_FACE('',(#7389),#7871,.T.);
#8242=ADVANCED_FACE('',(#7390),#7872,.T.);
#8243=ADVANCED_FACE('',(#7391),#7873,.T.);
#8244=ADVANCED_FACE('',(#7392),#7874,.T.);
#8245=ADVANCED_FACE('',(#7393),#7875,.T.);
#8246=ADVANCED_FACE('',(#7394),#7876,.T.);
#8247=ADVANCED_FACE('',(#7395),#7877,.T.);
#8248=ADVANCED_FACE('',(#7396),#7878,.T.);
#8249=ADVANCED_FACE('',(#7397),#7879,.T.);
#8250=ADVANCED_FACE('',(#7398),#7880,.T.);
#8251=ADVANCED_FACE('',(#7399),#7881,.T.);
#8252=ADVANCED_FACE('',(#7400),#7882,.T.);
#8253=ADVANCED_FACE('',(#7401),#7883,.T.);
#8254=ADVANCED_FACE('',(#7402),#7884,.T.);
#8255=ADVANCED_FACE('',(#7403),#7885,.T.);
#8256=ADVANCED_FACE('',(#7404),#7886,.T.);
#8257=ADVANCED_FACE('',(#7405),#7887,.T.);
#8258=ADVANCED_FACE('',(#7406),#7888,.T.);
#8259=ADVANCED_FACE('',(#7407),#7889,.T.);
#8260=ADVANCED_FACE('',(#7408),#7890,.T.);
#8261=ADVANCED_FACE('',(#7409),#7891,.T.);
#8262=ADVANCED_FACE('',(#7410),#7892,.T.);
#8263=ADVANCED_FACE('',(#7411),#7893,.T.);
#8264=ADVANCED_FACE('',(#7412),#7894,.T.);
#8265=ADVANCED_FACE('',(#7413),#7895,.T.);
#8266=ADVANCED_FACE('',(#7414),#7896,.T.);
#8267=ADVANCED_FACE('',(#7415),#7897,.T.);
#8268=ADVANCED_FACE('',(#7416),#7898,.T.);
#8269=ADVANCED_FACE('',(#7417),#7899,.T.);
#8270=ADVANCED_FACE('',(#7418),#7900,.T.);
#8271=ADVANCED_FACE('',(#7419),#7901,.T.);
#8272=ADVANCED_FACE('',(#7420),#7902,.T.);
#8273=ADVANCED_FACE('',(#7421),#7903,.T.);
#8274=ADVANCED_FACE('',(#7422),#7904,.T.);
#8275=ADVANCED_FACE('',(#7423),#7905,.T.);
#8276=ADVANCED_FACE('',(#7424),#7906,.T.);
#8277=ADVANCED_FACE('',(#7425),#7907,.T.);
#8278=ADVANCED_FACE('',(#7426),#7908,.T.);
#8279=ADVANCED_FACE('',(#7427),#7909,.T.);
#8280=ADVANCED_FACE('',(#7428),#7910,.T.);
#8281=ADVANCED_FACE('',(#7429),#7911,.T.);
#8282=ADVANCED_FACE('',(#7430),#7912,.T.);
#8283=ADVANCED_FACE('',(#7431),#7913,.T.);
#8284=ADVANCED_FACE('',(#7432),#7914,.T.);
#8285=ADVANCED_FACE('',(#7433),#7915,.T.);
#8286=ADVANCED_FACE('',(#7434),#7916,.T.);
#8287=ADVANCED_FACE('',(#7435),#7917,.T.);
#8288=ADVANCED_FACE('',(#7436),#7918,.T.);
#8289=ADVANCED_FACE('',(#7437),#7919,.T.);
#8290=ADVANCED_FACE('',(#7438),#7920,.T.);
#8291=ADVANCED_FACE('',(#7439),#7921,.T.);
#8292=ADVANCED_FACE('',(#7440),#7922,.T.);
#8293=ADVANCED_FACE('',(#7441),#7923,.F.);
#8294=ADVANCED_FACE('',(#7442),#7924,.F.);
#8295=ADVANCED_FACE('',(#7443),#7925,.F.);
#8296=ADVANCED_FACE('',(#7444),#7926,.F.);
#8297=ADVANCED_FACE('',(#7445),#7927,.T.);
#8298=ADVANCED_FACE('',(#7446),#7928,.F.);
#8299=ADVANCED_FACE('',(#7447,#7448,#7449,#7450,#7451,#7452,#7453,#7454,
#7455,#7456,#7457,#7458,#7459,#7460,#7461),#7929,.F.);
#8300=ADVANCED_FACE('',(#7462),#7930,.F.);
#8301=ADVANCED_FACE('',(#7463),#7931,.F.);
#8302=ADVANCED_FACE('',(#7464,#7465,#7466,#7467,#7468,#7469,#7470,#7471,
#7472,#7473,#7474,#7475,#7476,#7477,#7478),#7932,.F.);
#8303=ADVANCED_FACE('',(#7479),#7933,.F.);
#8304=ADVANCED_FACE('',(#7480),#7934,.F.);
#8305=ADVANCED_FACE('',(#7481),#7935,.T.);
#8306=ADVANCED_FACE('',(#7482),#7936,.T.);
#8307=ADVANCED_FACE('',(#7483),#7937,.T.);
#8308=ADVANCED_FACE('',(#7484),#7938,.T.);
#8309=ADVANCED_FACE('',(#7485),#7939,.T.);
#8310=ADVANCED_FACE('',(#7486),#7940,.T.);
#8311=ADVANCED_FACE('',(#7487),#7941,.T.);
#8312=ADVANCED_FACE('',(#7488),#7942,.T.);
#8313=ADVANCED_FACE('',(#7489),#7943,.T.);
#8314=ADVANCED_FACE('',(#7490),#7944,.T.);
#8315=ADVANCED_FACE('',(#7491),#7945,.T.);
#8316=ADVANCED_FACE('',(#7492),#7946,.T.);
#8317=ADVANCED_FACE('',(#7493),#7947,.T.);
#8318=ADVANCED_FACE('',(#7494),#7948,.T.);
#8319=ADVANCED_FACE('',(#7495),#7949,.T.);
#8320=ADVANCED_FACE('',(#7496),#7950,.T.);
#8321=ADVANCED_FACE('',(#7497),#7951,.T.);
#8322=ADVANCED_FACE('',(#7498),#7952,.T.);
#8323=ADVANCED_FACE('',(#7499),#7953,.T.);
#8324=ADVANCED_FACE('',(#7500),#7954,.T.);
#8325=ADVANCED_FACE('',(#7501),#7955,.T.);
#8326=ADVANCED_FACE('',(#7502),#7956,.T.);
#8327=ADVANCED_FACE('',(#7503),#7957,.T.);
#8328=ADVANCED_FACE('',(#7504),#7958,.T.);
#8329=ADVANCED_FACE('',(#7505),#7959,.T.);
#8330=ADVANCED_FACE('',(#7506),#7960,.T.);
#8331=ADVANCED_FACE('',(#7507),#7961,.T.);
#8332=ADVANCED_FACE('',(#7508),#7962,.T.);
#8333=ADVANCED_FACE('',(#7509),#7963,.T.);
#8334=ADVANCED_FACE('',(#7510),#7964,.T.);
#8335=ADVANCED_FACE('',(#7511),#7965,.T.);
#8336=ADVANCED_FACE('',(#7512),#7966,.T.);
#8337=ADVANCED_FACE('',(#7513),#7967,.T.);
#8338=ADVANCED_FACE('',(#7514),#7968,.T.);
#8339=ADVANCED_FACE('',(#7515),#7969,.T.);
#8340=ADVANCED_FACE('',(#7516),#7970,.T.);
#8341=ADVANCED_FACE('',(#7517),#7971,.T.);
#8342=ADVANCED_FACE('',(#7518),#7972,.T.);
#8343=ADVANCED_FACE('',(#7519),#7973,.T.);
#8344=ADVANCED_FACE('',(#7520),#7974,.T.);
#8345=ADVANCED_FACE('',(#7521),#7975,.T.);
#8346=ADVANCED_FACE('',(#7522),#7976,.T.);
#8347=ADVANCED_FACE('',(#7523),#7977,.T.);
#8348=ADVANCED_FACE('',(#7524),#7978,.T.);
#8349=ADVANCED_FACE('',(#7525),#7979,.T.);
#8350=ADVANCED_FACE('',(#7526),#7980,.T.);
#8351=ADVANCED_FACE('',(#7527),#7981,.T.);
#8352=ADVANCED_FACE('',(#7528),#7982,.T.);
#8353=ADVANCED_FACE('',(#7529),#7983,.T.);
#8354=ADVANCED_FACE('',(#7530),#7984,.T.);
#8355=ADVANCED_FACE('',(#7531),#7985,.T.);
#8356=ADVANCED_FACE('',(#7532),#7986,.T.);
#8357=ADVANCED_FACE('',(#7533),#7987,.T.);
#8358=ADVANCED_FACE('',(#7534),#7988,.T.);
#8359=ADVANCED_FACE('',(#7535),#7989,.T.);
#8360=ADVANCED_FACE('',(#7536),#7990,.T.);
#8361=ADVANCED_FACE('',(#7537),#7991,.T.);
#8362=ADVANCED_FACE('',(#7538),#7992,.T.);
#8363=ADVANCED_FACE('',(#7539),#7993,.T.);
#8364=ADVANCED_FACE('',(#7540),#7994,.F.);
#8365=ADVANCED_FACE('',(#7541),#7995,.F.);
#8366=ADVANCED_FACE('',(#7542),#7996,.F.);
#8367=ADVANCED_FACE('',(#7543),#7997,.T.);
#8368=ADVANCED_FACE('',(#7544),#7998,.T.);
#8369=ADVANCED_FACE('',(#7545),#7999,.T.);
#8370=ADVANCED_FACE('',(#7546),#8000,.T.);
#8371=ADVANCED_FACE('',(#7547),#8001,.T.);
#8372=ADVANCED_FACE('',(#7548),#8002,.T.);
#8373=ADVANCED_FACE('',(#7549),#8003,.T.);
#8374=ADVANCED_FACE('',(#7550),#8004,.T.);
#8375=ADVANCED_FACE('',(#7551),#8005,.T.);
#8376=ADVANCED_FACE('',(#7552),#8006,.T.);
#8377=ADVANCED_FACE('',(#7553),#8007,.T.);
#8378=ADVANCED_FACE('',(#7554),#8008,.T.);
#8379=ADVANCED_FACE('',(#7555),#8009,.T.);
#8380=ADVANCED_FACE('',(#7556),#8010,.T.);
#8381=ADVANCED_FACE('',(#7557),#8011,.T.);
#8382=ADVANCED_FACE('',(#7558),#8012,.T.);
#8383=ADVANCED_FACE('',(#7559),#8013,.T.);
#8384=ADVANCED_FACE('',(#7560),#8014,.T.);
#8385=ADVANCED_FACE('',(#7561),#8015,.T.);
#8386=ADVANCED_FACE('',(#7562),#8016,.T.);
#8387=ADVANCED_FACE('',(#7563),#8017,.T.);
#8388=ADVANCED_FACE('',(#7564),#8018,.T.);
#8389=ADVANCED_FACE('',(#7565),#8019,.T.);
#8390=ADVANCED_FACE('',(#7566),#8020,.T.);
#8391=ADVANCED_FACE('',(#7567),#8021,.T.);
#8392=ADVANCED_FACE('',(#7568),#8022,.T.);
#8393=ADVANCED_FACE('',(#7569),#8023,.T.);
#8394=ADVANCED_FACE('',(#7570),#8024,.T.);
#8395=ADVANCED_FACE('',(#7571),#8025,.T.);
#8396=ADVANCED_FACE('',(#7572),#8026,.T.);
#8397=ADVANCED_FACE('',(#7573),#8027,.T.);
#8398=ADVANCED_FACE('',(#7574),#8028,.T.);
#8399=ADVANCED_FACE('',(#7575),#8029,.T.);
#8400=ADVANCED_FACE('',(#7576),#8030,.T.);
#8401=ADVANCED_FACE('',(#7577),#8031,.T.);
#8402=ADVANCED_FACE('',(#7578),#8032,.T.);
#8403=ADVANCED_FACE('',(#7579),#8033,.T.);
#8404=ADVANCED_FACE('',(#7580),#8034,.T.);
#8405=ADVANCED_FACE('',(#7581),#8035,.T.);
#8406=ADVANCED_FACE('',(#7582),#8036,.T.);
#8407=ADVANCED_FACE('',(#7583),#8037,.T.);
#8408=ADVANCED_FACE('',(#7584),#8038,.T.);
#8409=ADVANCED_FACE('',(#7585),#8039,.T.);
#8410=ADVANCED_FACE('',(#7586),#8040,.T.);
#8411=ADVANCED_FACE('',(#7587),#8041,.T.);
#8412=ADVANCED_FACE('',(#7588),#8042,.T.);
#8413=ADVANCED_FACE('',(#7589),#8043,.T.);
#8414=ADVANCED_FACE('',(#7590),#8044,.T.);
#8415=ADVANCED_FACE('',(#7591),#8045,.T.);
#8416=ADVANCED_FACE('',(#7592),#8046,.T.);
#8417=ADVANCED_FACE('',(#7593),#8047,.T.);
#8418=ADVANCED_FACE('',(#7594),#8048,.T.);
#8419=ADVANCED_FACE('',(#7595),#8049,.T.);
#8420=ADVANCED_FACE('',(#7596),#8050,.T.);
#8421=ADVANCED_FACE('',(#7597),#8051,.T.);
#8422=ADVANCED_FACE('',(#7598),#8052,.T.);
#8423=ADVANCED_FACE('',(#7599),#8053,.F.);
#8424=ADVANCED_FACE('',(#7600),#8054,.F.);
#8425=ADVANCED_FACE('',(#7601),#8055,.F.);
#8426=ADVANCED_FACE('',(#7602),#8056,.F.);
#8427=ADVANCED_FACE('',(#7603),#8057,.F.);
#8428=ADVANCED_FACE('',(#7604),#8058,.F.);
#8429=ADVANCED_FACE('',(#7605),#8059,.F.);
#8430=ADVANCED_FACE('',(#7606),#8060,.F.);
#8431=ADVANCED_FACE('',(#7607),#8061,.F.);
#8432=ADVANCED_FACE('',(#7608),#8062,.F.);
#8433=ADVANCED_FACE('',(#7609),#8063,.F.);
#8434=ADVANCED_FACE('',(#7610),#8064,.F.);
#8435=ADVANCED_FACE('',(#7611),#8065,.F.);
#8436=ADVANCED_FACE('',(#7612),#8066,.F.);
#8437=ADVANCED_FACE('',(#7613),#8067,.F.);
#8438=ADVANCED_FACE('',(#7614),#8068,.F.);
#8439=ADVANCED_FACE('',(#7615),#8069,.F.);
#8440=ADVANCED_FACE('',(#7616),#8070,.F.);
#8441=ADVANCED_FACE('',(#7617),#8071,.F.);
#8442=ADVANCED_FACE('',(#7618),#8072,.F.);
#8443=ADVANCED_FACE('',(#7619),#8073,.F.);
#8444=ADVANCED_FACE('',(#7620),#130,.F.);
#8445=ADVANCED_FACE('',(#7621),#131,.F.);
#8446=ADVANCED_FACE('',(#7622),#132,.F.);
#8447=ADVANCED_FACE('',(#7623),#133,.F.);
#8448=ADVANCED_FACE('',(#7624),#134,.F.);
#8449=ADVANCED_FACE('',(#7625),#135,.F.);
#8450=ADVANCED_FACE('',(#7626),#136,.F.);
#8451=ADVANCED_FACE('',(#7627),#8074,.F.);
#8452=ADVANCED_FACE('',(#7628),#8075,.F.);
#8453=ADVANCED_FACE('',(#7629),#8076,.F.);
#8454=ADVANCED_FACE('',(#7630),#8077,.F.);
#8455=ADVANCED_FACE('',(#7631),#8078,.F.);
#8456=ADVANCED_FACE('',(#7632),#8079,.F.);
#8457=ADVANCED_FACE('',(#7633),#8080,.F.);
#8458=ADVANCED_FACE('',(#7634),#137,.T.);
#8459=ADVANCED_FACE('',(#7635),#138,.T.);
#8460=ADVANCED_FACE('',(#7636),#139,.T.);
#8461=ADVANCED_FACE('',(#7637),#140,.T.);
#8462=ADVANCED_FACE('',(#7638),#141,.T.);
#8463=ADVANCED_FACE('',(#7639),#142,.T.);
#8464=ADVANCED_FACE('',(#7640),#143,.T.);
#8465=ADVANCED_FACE('',(#7641),#8081,.F.);
#8466=ADVANCED_FACE('',(#7642),#8082,.F.);
#8467=ADVANCED_FACE('',(#7643),#144,.T.);
#8468=ADVANCED_FACE('',(#7644),#145,.T.);
#8469=ADVANCED_FACE('',(#7645),#146,.T.);
#8470=ADVANCED_FACE('',(#7646),#147,.T.);
#8471=ADVANCED_FACE('',(#7647),#148,.T.);
#8472=ADVANCED_FACE('',(#7648),#149,.T.);
#8473=ADVANCED_FACE('',(#7649),#150,.T.);
#8474=ADVANCED_FACE('',(#7650),#8083,.F.);
#8475=ADVANCED_FACE('',(#7651),#8084,.F.);
#8476=ADVANCED_FACE('',(#7652),#8085,.F.);
#8477=ADVANCED_FACE('',(#7653),#8086,.F.);
#8478=ADVANCED_FACE('',(#7654),#8087,.F.);
#8479=ADVANCED_FACE('',(#7655),#8088,.F.);
#8480=ADVANCED_FACE('',(#7656),#8089,.F.);
#8481=ADVANCED_FACE('',(#7657),#151,.F.);
#8482=ADVANCED_FACE('',(#7658),#152,.F.);
#8483=ADVANCED_FACE('',(#7659),#153,.F.);
#8484=ADVANCED_FACE('',(#7660),#154,.F.);
#8485=ADVANCED_FACE('',(#7661),#155,.F.);
#8486=ADVANCED_FACE('',(#7662),#156,.F.);
#8487=ADVANCED_FACE('',(#7663),#157,.F.);
#8488=ADVANCED_FACE('',(#7664),#8090,.F.);
#8489=ADVANCED_FACE('',(#7665),#8091,.F.);
#8490=ADVANCED_FACE('',(#7666),#8092,.F.);
#8491=ADVANCED_FACE('',(#7667),#8093,.F.);
#8492=ADVANCED_FACE('',(#7668),#8094,.F.);
#8493=ADVANCED_FACE('',(#7669),#8095,.F.);
#8494=ADVANCED_FACE('',(#7670),#8096,.F.);
#8495=ADVANCED_FACE('',(#7671),#8097,.F.);
#8496=ADVANCED_FACE('',(#7672),#8098,.F.);
#8497=ADVANCED_FACE('',(#7673),#8099,.F.);
#8498=ADVANCED_FACE('',(#7674),#8100,.F.);
#8499=ADVANCED_FACE('',(#7675),#8101,.F.);
#8500=ADVANCED_FACE('',(#7676),#8102,.F.);
#8501=ADVANCED_FACE('',(#7677),#8103,.F.);
#8502=ADVANCED_FACE('',(#7678),#8104,.F.);
#8503=ADVANCED_FACE('',(#7679),#8105,.F.);
#8504=ADVANCED_FACE('',(#7680),#8106,.F.);
#8505=ADVANCED_FACE('',(#7681),#8107,.F.);
#8506=ADVANCED_FACE('',(#7682),#8108,.F.);
#8507=ADVANCED_FACE('',(#7683),#8109,.F.);
#8508=ADVANCED_FACE('',(#7684),#8110,.F.);
#8509=ADVANCED_FACE('',(#7685),#158,.T.);
#8510=ADVANCED_FACE('',(#7686),#159,.T.);
#8511=ADVANCED_FACE('',(#7687),#160,.T.);
#8512=ADVANCED_FACE('',(#7688),#161,.T.);
#8513=ADVANCED_FACE('',(#7689),#162,.T.);
#8514=ADVANCED_FACE('',(#7690),#163,.T.);
#8515=ADVANCED_FACE('',(#7691),#164,.T.);
#8516=ADVANCED_FACE('',(#7692),#8111,.F.);
#8517=ADVANCED_FACE('',(#7693),#8112,.F.);
#8518=ADVANCED_FACE('',(#7694),#8113,.F.);
#8519=ADVANCED_FACE('',(#7695),#8114,.F.);
#8520=ADVANCED_FACE('',(#7696),#8115,.F.);
#8521=ADVANCED_FACE('',(#7697),#8116,.F.);
#8522=ADVANCED_FACE('',(#7698),#8117,.F.);
#8523=ADVANCED_FACE('',(#7699),#165,.F.);
#8524=ADVANCED_FACE('',(#7700),#166,.F.);
#8525=ADVANCED_FACE('',(#7701),#167,.F.);
#8526=ADVANCED_FACE('',(#7702),#168,.F.);
#8527=ADVANCED_FACE('',(#7703),#169,.F.);
#8528=ADVANCED_FACE('',(#7704),#170,.F.);
#8529=ADVANCED_FACE('',(#7705),#171,.F.);
#8530=ADVANCED_FACE('',(#7706),#8118,.F.);
#8531=ADVANCED_FACE('',(#7707),#8119,.F.);
#8532=ADVANCED_FACE('',(#7708),#172,.F.);
#8533=ADVANCED_FACE('',(#7709),#173,.F.);
#8534=ADVANCED_FACE('',(#7710),#174,.F.);
#8535=ADVANCED_FACE('',(#7711),#175,.F.);
#8536=ADVANCED_FACE('',(#7712),#176,.F.);
#8537=ADVANCED_FACE('',(#7713),#177,.F.);
#8538=ADVANCED_FACE('',(#7714),#178,.F.);
#8539=ADVANCED_FACE('',(#7715),#8120,.F.);
#8540=ADVANCED_FACE('',(#7716),#8121,.F.);
#8541=ADVANCED_FACE('',(#7717),#8122,.F.);
#8542=ADVANCED_FACE('',(#7718),#8123,.F.);
#8543=ADVANCED_FACE('',(#7719),#8124,.F.);
#8544=ADVANCED_FACE('',(#7720),#8125,.F.);
#8545=ADVANCED_FACE('',(#7721),#8126,.F.);
#8546=ADVANCED_FACE('',(#7722),#179,.T.);
#8547=ADVANCED_FACE('',(#7723),#180,.T.);
#8548=ADVANCED_FACE('',(#7724),#181,.T.);
#8549=ADVANCED_FACE('',(#7725),#182,.T.);
#8550=ADVANCED_FACE('',(#7726),#183,.T.);
#8551=ADVANCED_FACE('',(#7727),#184,.T.);
#8552=ADVANCED_FACE('',(#7728),#185,.T.);
#8553=ADVANCED_FACE('',(#7729,#7730,#7731,#7732,#7733,#7734,#7735,#7736,
#7737,#7738,#7739,#7740,#7741,#7742,#7743),#8127,.F.);
#8554=ADVANCED_FACE('',(#7744),#8128,.F.);
#8555=ADVANCED_FACE('',(#7745),#8129,.F.);
#8556=ADVANCED_FACE('',(#7746),#8130,.T.);
#8557=ADVANCED_FACE('',(#7747),#8131,.T.);
#8558=ADVANCED_FACE('',(#7748),#8132,.T.);
#8559=ADVANCED_FACE('',(#7749),#8133,.T.);
#8560=ADVANCED_FACE('',(#7750),#8134,.T.);
#8561=ADVANCED_FACE('',(#7751),#8135,.T.);
#8562=ADVANCED_FACE('',(#7752),#8136,.T.);
#8563=ADVANCED_FACE('',(#7753),#8137,.T.);
#8564=ADVANCED_FACE('',(#7754),#8138,.T.);
#8565=ADVANCED_FACE('',(#7755),#8139,.T.);
#8566=ADVANCED_FACE('',(#7756),#8140,.T.);
#8567=ADVANCED_FACE('',(#7757),#8141,.T.);
#8568=ADVANCED_FACE('',(#7758),#8142,.T.);
#8569=ADVANCED_FACE('',(#7759),#8143,.T.);
#8570=ADVANCED_FACE('',(#7760),#8144,.T.);
#8571=ADVANCED_FACE('',(#7761),#8145,.T.);
#8572=ADVANCED_FACE('',(#7762),#8146,.T.);
#8573=ADVANCED_FACE('',(#7763),#8147,.T.);
#8574=ADVANCED_FACE('',(#7764),#8148,.T.);
#8575=ADVANCED_FACE('',(#7765),#8149,.T.);
#8576=ADVANCED_FACE('',(#7766),#8150,.T.);
#8577=ADVANCED_FACE('',(#7767),#8151,.T.);
#8578=ADVANCED_FACE('',(#7768),#8152,.T.);
#8579=ADVANCED_FACE('',(#7769),#8153,.T.);
#8580=ADVANCED_FACE('',(#7770),#8154,.T.);
#8581=ADVANCED_FACE('',(#7771),#8155,.T.);
#8582=ADVANCED_FACE('',(#7772),#8156,.T.);
#8583=ADVANCED_FACE('',(#7773),#8157,.T.);
#8584=ADVANCED_FACE('',(#7774),#8158,.T.);
#8585=ADVANCED_FACE('',(#7775),#8159,.T.);
#8586=ADVANCED_FACE('',(#7776),#8160,.T.);
#8587=ADVANCED_FACE('',(#7777),#8161,.T.);
#8588=ADVANCED_FACE('',(#7778),#8162,.T.);
#8589=ADVANCED_FACE('',(#7779),#8163,.T.);
#8590=ADVANCED_FACE('',(#7780),#8164,.T.);
#8591=ADVANCED_FACE('',(#7781),#8165,.T.);
#8592=ADVANCED_FACE('',(#7782),#8166,.T.);
#8593=ADVANCED_FACE('',(#7783),#8167,.T.);
#8594=ADVANCED_FACE('',(#7784),#8168,.T.);
#8595=ADVANCED_FACE('',(#7785),#8169,.T.);
#8596=ADVANCED_FACE('',(#7786),#8170,.T.);
#8597=ADVANCED_FACE('',(#7787),#8171,.T.);
#8598=ADVANCED_FACE('',(#7788),#8172,.T.);
#8599=ADVANCED_FACE('',(#7789),#8173,.T.);
#8600=ADVANCED_FACE('',(#7790,#7791,#7792,#7793,#7794,#7795,#7796,#7797,
#7798,#7799,#7800,#7801,#7802,#7803,#7804),#8174,.T.);
#8601=CLOSED_SHELL('',(#8175,#8176,#8177,#8178,#8179,#8180,#8181,#8182,
#8183,#8184,#8185,#8186,#8187,#8188,#8189,#8190,#8191,#8192,#8193,#8194,
#8195,#8196,#8197,#8198,#8199,#8200,#8201,#8202,#8203,#8204,#8205,#8206,
#8207,#8208,#8209,#8210,#8211,#8212,#8213,#8214,#8215,#8216,#8217,#8218,
#8219,#8220,#8221,#8222,#8223,#8224,#8225,#8226,#8227,#8228,#8229,#8230,
#8231,#8232,#8233,#8234,#8235,#8236,#8237,#8238,#8239,#8240,#8241,#8242,
#8243,#8244,#8245,#8246,#8247,#8248,#8249,#8250,#8251,#8252,#8253,#8254,
#8255,#8256,#8257,#8258,#8259,#8260,#8261,#8262,#8263,#8264,#8265,#8266,
#8267,#8268,#8269,#8270,#8271,#8272,#8273,#8274,#8275,#8276,#8277,#8278,
#8279,#8280,#8281,#8282,#8283,#8284,#8285,#8286,#8287,#8288,#8289,#8290,
#8291,#8292));
#8602=CLOSED_SHELL('',(#8293,#8294,#8295,#8296,#8297,#8298,#8299,#8300,
#8301,#8302,#8303,#8304,#8305,#8306,#8307,#8308,#8309,#8310,#8311,#8312,
#8313,#8314,#8315,#8316,#8317,#8318,#8319,#8320,#8321,#8322,#8323,#8324,
#8325,#8326,#8327,#8328,#8329,#8330,#8331,#8332,#8333,#8334,#8335,#8336,
#8337,#8338,#8339,#8340,#8341,#8342,#8343,#8344,#8345,#8346,#8347,#8348,
#8349,#8350,#8351,#8352,#8353,#8354,#8355,#8356,#8357,#8358,#8359,#8360,
#8361,#8362));
#8603=CLOSED_SHELL('',(#8363,#8364,#8365,#8366,#8367,#8368,#8369,#8370,
#8371,#8372,#8373,#8374,#8375,#8376,#8377,#8378,#8379,#8380,#8381,#8382,
#8383,#8384,#8385,#8386,#8387,#8388,#8389,#8390,#8391,#8392,#8393,#8394,
#8395,#8396,#8397,#8398,#8399,#8400,#8401,#8402,#8403,#8404,#8405,#8406,
#8407,#8408,#8409,#8410,#8411,#8412,#8413,#8414,#8415,#8416,#8417,#8418,
#8419,#8420,#8421,#8422,#8423,#8424,#8425,#8426,#8427,#8428,#8429,#8430,
#8431,#8432,#8433,#8434,#8435,#8436,#8437,#8438,#8439,#8440,#8441,#8442,
#8443,#8444,#8445,#8446,#8447,#8448,#8449,#8450,#8451,#8452,#8453,#8454,
#8455,#8456,#8457,#8458,#8459,#8460,#8461,#8462,#8463,#8464,#8465,#8466,
#8467,#8468,#8469,#8470,#8471,#8472,#8473,#8474,#8475,#8476,#8477,#8478,
#8479,#8480,#8481,#8482,#8483,#8484,#8485,#8486,#8487,#8488,#8489,#8490,
#8491,#8492,#8493,#8494,#8495,#8496,#8497,#8498,#8499,#8500,#8501,#8502,
#8503,#8504,#8505,#8506,#8507,#8508,#8509,#8510,#8511,#8512,#8513,#8514,
#8515,#8516,#8517,#8518,#8519,#8520,#8521,#8522,#8523,#8524,#8525,#8526,
#8527,#8528,#8529,#8530,#8531,#8532,#8533,#8534,#8535,#8536,#8537,#8538,
#8539,#8540,#8541,#8542,#8543,#8544,#8545,#8546,#8547,#8548,#8549,#8550,
#8551,#8552,#8553,#8554,#8555,#8556,#8557,#8558,#8559,#8560,#8561,#8562,
#8563,#8564,#8565,#8566,#8567,#8568,#8569,#8570,#8571,#8572,#8573,#8574,
#8575,#8576,#8577,#8578,#8579,#8580,#8581,#8582,#8583,#8584,#8585,#8586,
#8587,#8588,#8589,#8590,#8591,#8592,#8593,#8594,#8595,#8596,#8597,#8598,
#8599,#8600));
#8604=STYLED_ITEM('',(#8607),#8627);
#8605=STYLED_ITEM('',(#8608),#8628);
#8606=STYLED_ITEM('',(#8609),#8629);
#8607=PRESENTATION_STYLE_ASSIGNMENT((#8610));
#8608=PRESENTATION_STYLE_ASSIGNMENT((#8611));
#8609=PRESENTATION_STYLE_ASSIGNMENT((#8612));
#8610=SURFACE_STYLE_USAGE(.BOTH.,#8613);
#8611=SURFACE_STYLE_USAGE(.BOTH.,#8614);
#8612=SURFACE_STYLE_USAGE(.BOTH.,#8615);
#8613=SURFACE_SIDE_STYLE('',(#8616));
#8614=SURFACE_SIDE_STYLE('',(#8617));
#8615=SURFACE_SIDE_STYLE('',(#8618));
#8616=SURFACE_STYLE_FILL_AREA(#8619);
#8617=SURFACE_STYLE_FILL_AREA(#8620);
#8618=SURFACE_STYLE_FILL_AREA(#8621);
#8619=FILL_AREA_STYLE('',(#8622));
#8620=FILL_AREA_STYLE('',(#8623));
#8621=FILL_AREA_STYLE('',(#8624));
#8622=FILL_AREA_STYLE_COLOUR('',#8625);
#8623=FILL_AREA_STYLE_COLOUR('',#186);
#8624=FILL_AREA_STYLE_COLOUR('',#8626);
#8625=COLOUR_RGB('',0.689999997615814,0.689999997615814,0.689999997615814);
#8626=COLOUR_RGB('',0.769999980926514,0.769999980926514,0.769999980926514);
#8627=MANIFOLD_SOLID_BREP('BCS-107-D-PE-BE_socket',#8601);
#8628=MANIFOLD_SOLID_BREP('C-95-01-07-L-D-PE-BE',#8602);
#8629=MANIFOLD_SOLID_BREP('C-95-01-07-L-D-PE-BE2',#8603);
#8630=SHAPE_DEFINITION_REPRESENTATION(#13789,#8634);
#8631=SHAPE_DEFINITION_REPRESENTATION(#13790,#8635);
#8632=SHAPE_DEFINITION_REPRESENTATION(#13792,#8636);
#8633=SHAPE_DEFINITION_REPRESENTATION(#13794,#8637);
#8634=SHAPE_REPRESENTATION('BCS-107-L-D-PE-BE',(#8638,#8757,#8828,#9179),
#13775);
#8635=SHAPE_REPRESENTATION('BCS-107-D-PE-BE_socket',(#8638),#13776);
#8636=SHAPE_REPRESENTATION('C-95-01-07-L-D-PE-BE',(#8638),#13777);
#8637=SHAPE_REPRESENTATION('C-95-01-07-L-D-PE-BE2',(#8638),#13778);
#8638=AXIS2_PLACEMENT_3D('',#11356,#9180,#9181);
#8639=AXIS2_PLACEMENT_3D('',#11357,#9182,#9183);
#8640=AXIS2_PLACEMENT_3D('',#11478,#9244,#9245);
#8641=AXIS2_PLACEMENT_3D('',#11484,#9249,#9250);
#8642=AXIS2_PLACEMENT_3D('',#11488,#9253,#9254);
#8643=AXIS2_PLACEMENT_3D('',#11492,#9257,#9258);
#8644=AXIS2_PLACEMENT_3D('',#11494,#9260,#9261);
#8645=AXIS2_PLACEMENT_3D('',#11607,#9318,#9319);
#8646=AXIS2_PLACEMENT_3D('',#11613,#9323,#9324);
#8647=AXIS2_PLACEMENT_3D('',#11617,#9327,#9328);
#8648=AXIS2_PLACEMENT_3D('',#11621,#9331,#9332);
#8649=AXIS2_PLACEMENT_3D('',#11623,#9334,#9335);
#8650=AXIS2_PLACEMENT_3D('',#11629,#9339,#9340);
#8651=AXIS2_PLACEMENT_3D('',#11633,#9343,#9344);
#8652=AXIS2_PLACEMENT_3D('',#11637,#9347,#9348);
#8653=AXIS2_PLACEMENT_3D('',#11639,#9350,#9351);
#8654=AXIS2_PLACEMENT_3D('',#11645,#9355,#9356);
#8655=AXIS2_PLACEMENT_3D('',#11649,#9359,#9360);
#8656=AXIS2_PLACEMENT_3D('',#11653,#9363,#9364);
#8657=AXIS2_PLACEMENT_3D('',#11655,#9366,#9367);
#8658=AXIS2_PLACEMENT_3D('',#11661,#9371,#9372);
#8659=AXIS2_PLACEMENT_3D('',#11665,#9375,#9376);
#8660=AXIS2_PLACEMENT_3D('',#11669,#9379,#9380);
#8661=AXIS2_PLACEMENT_3D('',#11671,#9382,#9383);
#8662=AXIS2_PLACEMENT_3D('',#11677,#9387,#9388);
#8663=AXIS2_PLACEMENT_3D('',#11681,#9391,#9392);
#8664=AXIS2_PLACEMENT_3D('',#11685,#9395,#9396);
#8665=AXIS2_PLACEMENT_3D('',#11687,#9398,#9399);
#8666=AXIS2_PLACEMENT_3D('',#11693,#9403,#9404);
#8667=AXIS2_PLACEMENT_3D('',#11697,#9407,#9408);
#8668=AXIS2_PLACEMENT_3D('',#11701,#9411,#9412);
#8669=AXIS2_PLACEMENT_3D('',#11703,#9414,#9415);
#8670=AXIS2_PLACEMENT_3D('',#11709,#9419,#9420);
#8671=AXIS2_PLACEMENT_3D('',#11713,#9423,#9424);
#8672=AXIS2_PLACEMENT_3D('',#11717,#9427,#9428);
#8673=AXIS2_PLACEMENT_3D('',#11719,#9430,#9431);
#8674=AXIS2_PLACEMENT_3D('',#11725,#9435,#9436);
#8675=AXIS2_PLACEMENT_3D('',#11729,#9439,#9440);
#8676=AXIS2_PLACEMENT_3D('',#11733,#9443,#9444);
#8677=AXIS2_PLACEMENT_3D('',#11735,#9446,#9447);
#8678=AXIS2_PLACEMENT_3D('',#11741,#9451,#9452);
#8679=AXIS2_PLACEMENT_3D('',#11745,#9455,#9456);
#8680=AXIS2_PLACEMENT_3D('',#11749,#9459,#9460);
#8681=AXIS2_PLACEMENT_3D('',#11751,#9462,#9463);
#8682=AXIS2_PLACEMENT_3D('',#11757,#9467,#9468);
#8683=AXIS2_PLACEMENT_3D('',#11761,#9471,#9472);
#8684=AXIS2_PLACEMENT_3D('',#11765,#9475,#9476);
#8685=AXIS2_PLACEMENT_3D('',#11767,#9478,#9479);
#8686=AXIS2_PLACEMENT_3D('',#11773,#9483,#9484);
#8687=AXIS2_PLACEMENT_3D('',#11777,#9487,#9488);
#8688=AXIS2_PLACEMENT_3D('',#11781,#9491,#9492);
#8689=AXIS2_PLACEMENT_3D('',#11783,#9494,#9495);
#8690=AXIS2_PLACEMENT_3D('',#11789,#9499,#9500);
#8691=AXIS2_PLACEMENT_3D('',#11793,#9503,#9504);
#8692=AXIS2_PLACEMENT_3D('',#11797,#9507,#9508);
#8693=AXIS2_PLACEMENT_3D('',#11799,#9510,#9511);
#8694=AXIS2_PLACEMENT_3D('',#11805,#9515,#9516);
#8695=AXIS2_PLACEMENT_3D('',#11809,#9519,#9520);
#8696=AXIS2_PLACEMENT_3D('',#11813,#9523,#9524);
#8697=AXIS2_PLACEMENT_3D('',#11815,#9526,#9527);
#8698=AXIS2_PLACEMENT_3D('',#11821,#9531,#9532);
#8699=AXIS2_PLACEMENT_3D('',#11825,#9535,#9536);
#8700=AXIS2_PLACEMENT_3D('',#11829,#9539,#9540);
#8701=AXIS2_PLACEMENT_3D('',#11831,#9542,#9543);
#8702=AXIS2_PLACEMENT_3D('',#11834,#9546,#9547);
#8703=AXIS2_PLACEMENT_3D('',#11836,#9549,#9550);
#8704=AXIS2_PLACEMENT_3D('',#11838,#9552,#9553);
#8705=AXIS2_PLACEMENT_3D('',#11839,#9554,#9555);
#8706=AXIS2_PLACEMENT_3D('',#11842,#9558,#9559);
#8707=AXIS2_PLACEMENT_3D('',#11844,#9561,#9562);
#8708=AXIS2_PLACEMENT_3D('',#11846,#9564,#9565);
#8709=AXIS2_PLACEMENT_3D('',#11847,#9566,#9567);
#8710=AXIS2_PLACEMENT_3D('',#11850,#9570,#9571);
#8711=AXIS2_PLACEMENT_3D('',#11852,#9573,#9574);
#8712=AXIS2_PLACEMENT_3D('',#11854,#9576,#9577);
#8713=AXIS2_PLACEMENT_3D('',#11855,#9578,#9579);
#8714=AXIS2_PLACEMENT_3D('',#11858,#9582,#9583);
#8715=AXIS2_PLACEMENT_3D('',#11860,#9585,#9586);
#8716=AXIS2_PLACEMENT_3D('',#11862,#9588,#9589);
#8717=AXIS2_PLACEMENT_3D('',#11863,#9590,#9591);
#8718=AXIS2_PLACEMENT_3D('',#11866,#9594,#9595);
#8719=AXIS2_PLACEMENT_3D('',#11868,#9597,#9598);
#8720=AXIS2_PLACEMENT_3D('',#11870,#9600,#9601);
#8721=AXIS2_PLACEMENT_3D('',#11871,#9602,#9603);
#8722=AXIS2_PLACEMENT_3D('',#11874,#9606,#9607);
#8723=AXIS2_PLACEMENT_3D('',#11876,#9609,#9610);
#8724=AXIS2_PLACEMENT_3D('',#11878,#9612,#9613);
#8725=AXIS2_PLACEMENT_3D('',#11879,#9614,#9615);
#8726=AXIS2_PLACEMENT_3D('',#11882,#9618,#9619);
#8727=AXIS2_PLACEMENT_3D('',#11884,#9621,#9622);
#8728=AXIS2_PLACEMENT_3D('',#11886,#9624,#9625);
#8729=AXIS2_PLACEMENT_3D('',#11887,#9626,#9627);
#8730=AXIS2_PLACEMENT_3D('',#11890,#9630,#9631);
#8731=AXIS2_PLACEMENT_3D('',#11892,#9633,#9634);
#8732=AXIS2_PLACEMENT_3D('',#11894,#9636,#9637);
#8733=AXIS2_PLACEMENT_3D('',#11895,#9638,#9639);
#8734=AXIS2_PLACEMENT_3D('',#11898,#9642,#9643);
#8735=AXIS2_PLACEMENT_3D('',#11900,#9645,#9646);
#8736=AXIS2_PLACEMENT_3D('',#11902,#9648,#9649);
#8737=AXIS2_PLACEMENT_3D('',#11903,#9650,#9651);
#8738=AXIS2_PLACEMENT_3D('',#11906,#9654,#9655);
#8739=AXIS2_PLACEMENT_3D('',#11908,#9657,#9658);
#8740=AXIS2_PLACEMENT_3D('',#11910,#9660,#9661);
#8741=AXIS2_PLACEMENT_3D('',#11911,#9662,#9663);
#8742=AXIS2_PLACEMENT_3D('',#11914,#9666,#9667);
#8743=AXIS2_PLACEMENT_3D('',#11916,#9669,#9670);
#8744=AXIS2_PLACEMENT_3D('',#11918,#9672,#9673);
#8745=AXIS2_PLACEMENT_3D('',#11919,#9674,#9675);
#8746=AXIS2_PLACEMENT_3D('',#11922,#9678,#9679);
#8747=AXIS2_PLACEMENT_3D('',#11924,#9681,#9682);
#8748=AXIS2_PLACEMENT_3D('',#11926,#9684,#9685);
#8749=AXIS2_PLACEMENT_3D('',#11927,#9686,#9687);
#8750=AXIS2_PLACEMENT_3D('',#11930,#9690,#9691);
#8751=AXIS2_PLACEMENT_3D('',#11932,#9693,#9694);
#8752=AXIS2_PLACEMENT_3D('',#11934,#9696,#9697);
#8753=AXIS2_PLACEMENT_3D('',#11935,#9698,#9699);
#8754=AXIS2_PLACEMENT_3D('',#11938,#9702,#9703);
#8755=AXIS2_PLACEMENT_3D('',#11940,#9705,#9706);
#8756=AXIS2_PLACEMENT_3D('',#11942,#9708,#9709);
#8757=AXIS2_PLACEMENT_3D('',#11943,#9710,#9711);
#8758=AXIS2_PLACEMENT_3D('',#11944,#9712,#9713);
#8759=AXIS2_PLACEMENT_3D('',#11953,#9718,#9719);
#8760=AXIS2_PLACEMENT_3D('',#11962,#9724,#9725);
#8761=AXIS2_PLACEMENT_3D('',#11971,#9730,#9731);
#8762=AXIS2_PLACEMENT_3D('',#11980,#9736,#9737);
#8763=AXIS2_PLACEMENT_3D('',#11993,#9746,#9747);
#8764=AXIS2_PLACEMENT_3D('',#12006,#9756,#9757);
#8765=AXIS2_PLACEMENT_3D('',#12119,#9814,#9815);
#8766=AXIS2_PLACEMENT_3D('',#12121,#9817,#9818);
#8767=AXIS2_PLACEMENT_3D('',#12123,#9820,#9821);
#8768=AXIS2_PLACEMENT_3D('',#12237,#9879,#9880);
#8769=AXIS2_PLACEMENT_3D('',#12239,#9882,#9883);
#8770=AXIS2_PLACEMENT_3D('',#12240,#9884,#9885);
#8771=AXIS2_PLACEMENT_3D('',#12241,#9886,#9887);
#8772=AXIS2_PLACEMENT_3D('',#12242,#9888,#9889);
#8773=AXIS2_PLACEMENT_3D('',#12245,#9892,#9893);
#8774=AXIS2_PLACEMENT_3D('',#12247,#9895,#9896);
#8775=AXIS2_PLACEMENT_3D('',#12249,#9898,#9899);
#8776=AXIS2_PLACEMENT_3D('',#12250,#9900,#9901);
#8777=AXIS2_PLACEMENT_3D('',#12253,#9904,#9905);
#8778=AXIS2_PLACEMENT_3D('',#12255,#9907,#9908);
#8779=AXIS2_PLACEMENT_3D('',#12257,#9910,#9911);
#8780=AXIS2_PLACEMENT_3D('',#12258,#9912,#9913);
#8781=AXIS2_PLACEMENT_3D('',#12261,#9916,#9917);
#8782=AXIS2_PLACEMENT_3D('',#12263,#9919,#9920);
#8783=AXIS2_PLACEMENT_3D('',#12265,#9922,#9923);
#8784=AXIS2_PLACEMENT_3D('',#12266,#9924,#9925);
#8785=AXIS2_PLACEMENT_3D('',#12269,#9928,#9929);
#8786=AXIS2_PLACEMENT_3D('',#12271,#9931,#9932);
#8787=AXIS2_PLACEMENT_3D('',#12273,#9934,#9935);
#8788=AXIS2_PLACEMENT_3D('',#12274,#9936,#9937);
#8789=AXIS2_PLACEMENT_3D('',#12277,#9940,#9941);
#8790=AXIS2_PLACEMENT_3D('',#12279,#9943,#9944);
#8791=AXIS2_PLACEMENT_3D('',#12281,#9946,#9947);
#8792=AXIS2_PLACEMENT_3D('',#12282,#9948,#9949);
#8793=AXIS2_PLACEMENT_3D('',#12285,#9952,#9953);
#8794=AXIS2_PLACEMENT_3D('',#12287,#9955,#9956);
#8795=AXIS2_PLACEMENT_3D('',#12289,#9958,#9959);
#8796=AXIS2_PLACEMENT_3D('',#12290,#9960,#9961);
#8797=AXIS2_PLACEMENT_3D('',#12293,#9964,#9965);
#8798=AXIS2_PLACEMENT_3D('',#12295,#9967,#9968);
#8799=AXIS2_PLACEMENT_3D('',#12297,#9970,#9971);
#8800=AXIS2_PLACEMENT_3D('',#12298,#9972,#9973);
#8801=AXIS2_PLACEMENT_3D('',#12301,#9976,#9977);
#8802=AXIS2_PLACEMENT_3D('',#12303,#9979,#9980);
#8803=AXIS2_PLACEMENT_3D('',#12305,#9982,#9983);
#8804=AXIS2_PLACEMENT_3D('',#12306,#9984,#9985);
#8805=AXIS2_PLACEMENT_3D('',#12309,#9988,#9989);
#8806=AXIS2_PLACEMENT_3D('',#12311,#9991,#9992);
#8807=AXIS2_PLACEMENT_3D('',#12313,#9994,#9995);
#8808=AXIS2_PLACEMENT_3D('',#12314,#9996,#9997);
#8809=AXIS2_PLACEMENT_3D('',#12317,#10000,#10001);
#8810=AXIS2_PLACEMENT_3D('',#12319,#10003,#10004);
#8811=AXIS2_PLACEMENT_3D('',#12321,#10006,#10007);
#8812=AXIS2_PLACEMENT_3D('',#12322,#10008,#10009);
#8813=AXIS2_PLACEMENT_3D('',#12325,#10012,#10013);
#8814=AXIS2_PLACEMENT_3D('',#12327,#10015,#10016);
#8815=AXIS2_PLACEMENT_3D('',#12329,#10018,#10019);
#8816=AXIS2_PLACEMENT_3D('',#12330,#10020,#10021);
#8817=AXIS2_PLACEMENT_3D('',#12333,#10024,#10025);
#8818=AXIS2_PLACEMENT_3D('',#12335,#10027,#10028);
#8819=AXIS2_PLACEMENT_3D('',#12337,#10030,#10031);
#8820=AXIS2_PLACEMENT_3D('',#12338,#10032,#10033);
#8821=AXIS2_PLACEMENT_3D('',#12341,#10036,#10037);
#8822=AXIS2_PLACEMENT_3D('',#12343,#10039,#10040);
#8823=AXIS2_PLACEMENT_3D('',#12345,#10042,#10043);
#8824=AXIS2_PLACEMENT_3D('',#12346,#10044,#10045);
#8825=AXIS2_PLACEMENT_3D('',#12349,#10048,#10049);
#8826=AXIS2_PLACEMENT_3D('',#12351,#10051,#10052);
#8827=AXIS2_PLACEMENT_3D('',#12353,#10054,#10055);
#8828=AXIS2_PLACEMENT_3D('',#12354,#10056,#10057);
#8829=AXIS2_PLACEMENT_3D('',#12355,#10058,#10059);
#8830=AXIS2_PLACEMENT_3D('',#12380,#10072,#10073);
#8831=AXIS2_PLACEMENT_3D('',#12405,#10086,#10087);
#8832=AXIS2_PLACEMENT_3D('',#12408,#10090,#10091);
#8833=AXIS2_PLACEMENT_3D('',#12411,#10094,#10095);
#8834=AXIS2_PLACEMENT_3D('',#12420,#10100,#10101);
#8835=AXIS2_PLACEMENT_3D('',#12426,#10105,#10106);
#8836=AXIS2_PLACEMENT_3D('',#12432,#10110,#10111);
#8837=AXIS2_PLACEMENT_3D('',#12435,#10114,#10115);
#8838=AXIS2_PLACEMENT_3D('',#12444,#10120,#10121);
#8839=AXIS2_PLACEMENT_3D('',#12450,#10125,#10126);
#8840=AXIS2_PLACEMENT_3D('',#12456,#10130,#10131);
#8841=AXIS2_PLACEMENT_3D('',#12459,#10134,#10135);
#8842=AXIS2_PLACEMENT_3D('',#12468,#10140,#10141);
#8843=AXIS2_PLACEMENT_3D('',#12474,#10145,#10146);
#8844=AXIS2_PLACEMENT_3D('',#12480,#10150,#10151);
#8845=AXIS2_PLACEMENT_3D('',#12483,#10154,#10155);
#8846=AXIS2_PLACEMENT_3D('',#12492,#10160,#10161);
#8847=AXIS2_PLACEMENT_3D('',#12498,#10165,#10166);
#8848=AXIS2_PLACEMENT_3D('',#12504,#10170,#10171);
#8849=AXIS2_PLACEMENT_3D('',#12507,#10174,#10175);
#8850=AXIS2_PLACEMENT_3D('',#12516,#10180,#10181);
#8851=AXIS2_PLACEMENT_3D('',#12522,#10185,#10186);
#8852=AXIS2_PLACEMENT_3D('',#12528,#10190,#10191);
#8853=AXIS2_PLACEMENT_3D('',#12531,#10194,#10195);
#8854=AXIS2_PLACEMENT_3D('',#12540,#10200,#10201);
#8855=AXIS2_PLACEMENT_3D('',#12546,#10205,#10206);
#8856=AXIS2_PLACEMENT_3D('',#12552,#10210,#10211);
#8857=AXIS2_PLACEMENT_3D('',#12555,#10214,#10215);
#8858=AXIS2_PLACEMENT_3D('',#12564,#10220,#10221);
#8859=AXIS2_PLACEMENT_3D('',#12570,#10225,#10226);
#8860=AXIS2_PLACEMENT_3D('',#12576,#10230,#10231);
#8861=AXIS2_PLACEMENT_3D('',#12579,#10234,#10235);
#8862=AXIS2_PLACEMENT_3D('',#12588,#10240,#10241);
#8863=AXIS2_PLACEMENT_3D('',#12594,#10245,#10246);
#8864=AXIS2_PLACEMENT_3D('',#12600,#10250,#10251);
#8865=AXIS2_PLACEMENT_3D('',#12603,#10254,#10255);
#8866=AXIS2_PLACEMENT_3D('',#12612,#10260,#10261);
#8867=AXIS2_PLACEMENT_3D('',#12618,#10265,#10266);
#8868=AXIS2_PLACEMENT_3D('',#12624,#10270,#10271);
#8869=AXIS2_PLACEMENT_3D('',#12627,#10274,#10275);
#8870=AXIS2_PLACEMENT_3D('',#12636,#10280,#10281);
#8871=AXIS2_PLACEMENT_3D('',#12642,#10285,#10286);
#8872=AXIS2_PLACEMENT_3D('',#12648,#10290,#10291);
#8873=AXIS2_PLACEMENT_3D('',#12651,#10294,#10295);
#8874=AXIS2_PLACEMENT_3D('',#12660,#10300,#10301);
#8875=AXIS2_PLACEMENT_3D('',#12666,#10305,#10306);
#8876=AXIS2_PLACEMENT_3D('',#12672,#10310,#10311);
#8877=AXIS2_PLACEMENT_3D('',#12675,#10314,#10315);
#8878=AXIS2_PLACEMENT_3D('',#12684,#10320,#10321);
#8879=AXIS2_PLACEMENT_3D('',#12690,#10325,#10326);
#8880=AXIS2_PLACEMENT_3D('',#12696,#10330,#10331);
#8881=AXIS2_PLACEMENT_3D('',#12699,#10334,#10335);
#8882=AXIS2_PLACEMENT_3D('',#12708,#10340,#10341);
#8883=AXIS2_PLACEMENT_3D('',#12714,#10345,#10346);
#8884=AXIS2_PLACEMENT_3D('',#12720,#10350,#10351);
#8885=AXIS2_PLACEMENT_3D('',#12723,#10354,#10355);
#8886=AXIS2_PLACEMENT_3D('',#12732,#10360,#10361);
#8887=AXIS2_PLACEMENT_3D('',#12738,#10365,#10366);
#8888=AXIS2_PLACEMENT_3D('',#12744,#10370,#10371);
#8889=AXIS2_PLACEMENT_3D('',#12747,#10374,#10375);
#8890=AXIS2_PLACEMENT_3D('',#12756,#10380,#10381);
#8891=AXIS2_PLACEMENT_3D('',#12765,#10386,#10387);
#8892=AXIS2_PLACEMENT_3D('',#12774,#10392,#10393);
#8893=AXIS2_PLACEMENT_3D('',#12783,#10398,#10399);
#8894=AXIS2_PLACEMENT_3D('',#12792,#10404,#10405);
#8895=AXIS2_PLACEMENT_3D('',#12801,#10410,#10411);
#8896=AXIS2_PLACEMENT_3D('',#12810,#10416,#10417);
#8897=AXIS2_PLACEMENT_3D('',#12816,#10421,#10422);
#8898=AXIS2_PLACEMENT_3D('',#12822,#10426,#10427);
#8899=AXIS2_PLACEMENT_3D('',#12828,#10431,#10432);
#8900=AXIS2_PLACEMENT_3D('',#12834,#10436,#10437);
#8901=AXIS2_PLACEMENT_3D('',#12840,#10441,#10442);
#8902=AXIS2_PLACEMENT_3D('',#12846,#10446,#10447);
#8903=AXIS2_PLACEMENT_3D('',#12852,#10451,#10452);
#8904=AXIS2_PLACEMENT_3D('',#12858,#10456,#10457);
#8905=AXIS2_PLACEMENT_3D('',#12864,#10461,#10462);
#8906=AXIS2_PLACEMENT_3D('',#12870,#10466,#10467);
#8907=AXIS2_PLACEMENT_3D('',#12876,#10471,#10472);
#8908=AXIS2_PLACEMENT_3D('',#12882,#10476,#10477);
#8909=AXIS2_PLACEMENT_3D('',#12888,#10481,#10482);
#8910=AXIS2_PLACEMENT_3D('',#12894,#10486,#10487);
#8911=AXIS2_PLACEMENT_3D('',#12898,#10489,#10490);
#8912=AXIS2_PLACEMENT_3D('',#12899,#10491,#10492);
#8913=AXIS2_PLACEMENT_3D('',#12900,#10493,#10494);
#8914=AXIS2_PLACEMENT_3D('',#12904,#10496,#10497);
#8915=AXIS2_PLACEMENT_3D('',#12905,#10498,#10499);
#8916=AXIS2_PLACEMENT_3D('',#12906,#10500,#10501);
#8917=AXIS2_PLACEMENT_3D('',#12910,#10503,#10504);
#8918=AXIS2_PLACEMENT_3D('',#12911,#10505,#10506);
#8919=AXIS2_PLACEMENT_3D('',#12912,#10507,#10508);
#8920=AXIS2_PLACEMENT_3D('',#12916,#10510,#10511);
#8921=AXIS2_PLACEMENT_3D('',#12917,#10512,#10513);
#8922=AXIS2_PLACEMENT_3D('',#12918,#10514,#10515);
#8923=AXIS2_PLACEMENT_3D('',#12922,#10517,#10518);
#8924=AXIS2_PLACEMENT_3D('',#12923,#10519,#10520);
#8925=AXIS2_PLACEMENT_3D('',#12924,#10521,#10522);
#8926=AXIS2_PLACEMENT_3D('',#12928,#10524,#10525);
#8927=AXIS2_PLACEMENT_3D('',#12929,#10526,#10527);
#8928=AXIS2_PLACEMENT_3D('',#12930,#10528,#10529);
#8929=AXIS2_PLACEMENT_3D('',#12934,#10531,#10532);
#8930=AXIS2_PLACEMENT_3D('',#12935,#10533,#10534);
#8931=AXIS2_PLACEMENT_3D('',#12936,#10535,#10536);
#8932=AXIS2_PLACEMENT_3D('',#12942,#10540,#10541);
#8933=AXIS2_PLACEMENT_3D('',#12948,#10545,#10546);
#8934=AXIS2_PLACEMENT_3D('',#12954,#10550,#10551);
#8935=AXIS2_PLACEMENT_3D('',#12960,#10555,#10556);
#8936=AXIS2_PLACEMENT_3D('',#12966,#10560,#10561);
#8937=AXIS2_PLACEMENT_3D('',#12972,#10565,#10566);
#8938=AXIS2_PLACEMENT_3D('',#12978,#10570,#10571);
#8939=AXIS2_PLACEMENT_3D('',#12979,#10572,#10573);
#8940=AXIS2_PLACEMENT_3D('',#12981,#10574,#10575);
#8941=AXIS2_PLACEMENT_3D('',#12984,#10577,#10578);
#8942=AXIS2_PLACEMENT_3D('',#12985,#10579,#10580);
#8943=AXIS2_PLACEMENT_3D('',#12987,#10581,#10582);
#8944=AXIS2_PLACEMENT_3D('',#12990,#10584,#10585);
#8945=AXIS2_PLACEMENT_3D('',#12991,#10586,#10587);
#8946=AXIS2_PLACEMENT_3D('',#12993,#10588,#10589);
#8947=AXIS2_PLACEMENT_3D('',#12996,#10591,#10592);
#8948=AXIS2_PLACEMENT_3D('',#12997,#10593,#10594);
#8949=AXIS2_PLACEMENT_3D('',#12999,#10595,#10596);
#8950=AXIS2_PLACEMENT_3D('',#13002,#10598,#10599);
#8951=AXIS2_PLACEMENT_3D('',#13003,#10600,#10601);
#8952=AXIS2_PLACEMENT_3D('',#13005,#10602,#10603);
#8953=AXIS2_PLACEMENT_3D('',#13008,#10605,#10606);
#8954=AXIS2_PLACEMENT_3D('',#13009,#10607,#10608);
#8955=AXIS2_PLACEMENT_3D('',#13011,#10609,#10610);
#8956=AXIS2_PLACEMENT_3D('',#13014,#10612,#10613);
#8957=AXIS2_PLACEMENT_3D('',#13015,#10614,#10615);
#8958=AXIS2_PLACEMENT_3D('',#13017,#10616,#10617);
#8959=AXIS2_PLACEMENT_3D('',#13020,#10619,#10620);
#8960=AXIS2_PLACEMENT_3D('',#13058,#10644,#10645);
#8961=AXIS2_PLACEMENT_3D('',#13117,#10676,#10677);
#8962=AXIS2_PLACEMENT_3D('',#13118,#10678,#10679);
#8963=AXIS2_PLACEMENT_3D('',#13120,#10680,#10681);
#8964=AXIS2_PLACEMENT_3D('',#13123,#10683,#10684);
#8965=AXIS2_PLACEMENT_3D('',#13124,#10685,#10686);
#8966=AXIS2_PLACEMENT_3D('',#13126,#10687,#10688);
#8967=AXIS2_PLACEMENT_3D('',#13129,#10690,#10691);
#8968=AXIS2_PLACEMENT_3D('',#13130,#10692,#10693);
#8969=AXIS2_PLACEMENT_3D('',#13132,#10694,#10695);
#8970=AXIS2_PLACEMENT_3D('',#13135,#10697,#10698);
#8971=AXIS2_PLACEMENT_3D('',#13136,#10699,#10700);
#8972=AXIS2_PLACEMENT_3D('',#13138,#10701,#10702);
#8973=AXIS2_PLACEMENT_3D('',#13141,#10704,#10705);
#8974=AXIS2_PLACEMENT_3D('',#13142,#10706,#10707);
#8975=AXIS2_PLACEMENT_3D('',#13144,#10708,#10709);
#8976=AXIS2_PLACEMENT_3D('',#13147,#10711,#10712);
#8977=AXIS2_PLACEMENT_3D('',#13148,#10713,#10714);
#8978=AXIS2_PLACEMENT_3D('',#13150,#10715,#10716);
#8979=AXIS2_PLACEMENT_3D('',#13153,#10718,#10719);
#8980=AXIS2_PLACEMENT_3D('',#13154,#10720,#10721);
#8981=AXIS2_PLACEMENT_3D('',#13156,#10722,#10723);
#8982=AXIS2_PLACEMENT_3D('',#13159,#10725,#10726);
#8983=AXIS2_PLACEMENT_3D('',#13165,#10730,#10731);
#8984=AXIS2_PLACEMENT_3D('',#13171,#10735,#10736);
#8985=AXIS2_PLACEMENT_3D('',#13177,#10740,#10741);
#8986=AXIS2_PLACEMENT_3D('',#13183,#10745,#10746);
#8987=AXIS2_PLACEMENT_3D('',#13189,#10750,#10751);
#8988=AXIS2_PLACEMENT_3D('',#13195,#10755,#10756);
#8989=AXIS2_PLACEMENT_3D('',#13201,#10760,#10761);
#8990=AXIS2_PLACEMENT_3D('',#13205,#10763,#10764);
#8991=AXIS2_PLACEMENT_3D('',#13206,#10765,#10766);
#8992=AXIS2_PLACEMENT_3D('',#13207,#10767,#10768);
#8993=AXIS2_PLACEMENT_3D('',#13211,#10770,#10771);
#8994=AXIS2_PLACEMENT_3D('',#13212,#10772,#10773);
#8995=AXIS2_PLACEMENT_3D('',#13213,#10774,#10775);
#8996=AXIS2_PLACEMENT_3D('',#13217,#10777,#10778);
#8997=AXIS2_PLACEMENT_3D('',#13218,#10779,#10780);
#8998=AXIS2_PLACEMENT_3D('',#13219,#10781,#10782);
#8999=AXIS2_PLACEMENT_3D('',#13223,#10784,#10785);
#9000=AXIS2_PLACEMENT_3D('',#13224,#10786,#10787);
#9001=AXIS2_PLACEMENT_3D('',#13225,#10788,#10789);
#9002=AXIS2_PLACEMENT_3D('',#13229,#10791,#10792);
#9003=AXIS2_PLACEMENT_3D('',#13230,#10793,#10794);
#9004=AXIS2_PLACEMENT_3D('',#13231,#10795,#10796);
#9005=AXIS2_PLACEMENT_3D('',#13235,#10798,#10799);
#9006=AXIS2_PLACEMENT_3D('',#13236,#10800,#10801);
#9007=AXIS2_PLACEMENT_3D('',#13237,#10802,#10803);
#9008=AXIS2_PLACEMENT_3D('',#13241,#10805,#10806);
#9009=AXIS2_PLACEMENT_3D('',#13242,#10807,#10808);
#9010=AXIS2_PLACEMENT_3D('',#13243,#10809,#10810);
#9011=AXIS2_PLACEMENT_3D('',#13249,#10814,#10815);
#9012=AXIS2_PLACEMENT_3D('',#13255,#10819,#10820);
#9013=AXIS2_PLACEMENT_3D('',#13261,#10824,#10825);
#9014=AXIS2_PLACEMENT_3D('',#13267,#10829,#10830);
#9015=AXIS2_PLACEMENT_3D('',#13273,#10834,#10835);
#9016=AXIS2_PLACEMENT_3D('',#13279,#10839,#10840);
#9017=AXIS2_PLACEMENT_3D('',#13285,#10844,#10845);
#9018=AXIS2_PLACEMENT_3D('',#13291,#10849,#10850);
#9019=AXIS2_PLACEMENT_3D('',#13297,#10854,#10855);
#9020=AXIS2_PLACEMENT_3D('',#13303,#10859,#10860);
#9021=AXIS2_PLACEMENT_3D('',#13309,#10864,#10865);
#9022=AXIS2_PLACEMENT_3D('',#13315,#10869,#10870);
#9023=AXIS2_PLACEMENT_3D('',#13321,#10874,#10875);
#9024=AXIS2_PLACEMENT_3D('',#13327,#10879,#10880);
#9025=AXIS2_PLACEMENT_3D('',#13333,#10884,#10885);
#9026=AXIS2_PLACEMENT_3D('',#13339,#10889,#10890);
#9027=AXIS2_PLACEMENT_3D('',#13345,#10894,#10895);
#9028=AXIS2_PLACEMENT_3D('',#13351,#10899,#10900);
#9029=AXIS2_PLACEMENT_3D('',#13357,#10904,#10905);
#9030=AXIS2_PLACEMENT_3D('',#13363,#10909,#10910);
#9031=AXIS2_PLACEMENT_3D('',#13369,#10914,#10915);
#9032=AXIS2_PLACEMENT_3D('',#13370,#10916,#10917);
#9033=AXIS2_PLACEMENT_3D('',#13372,#10918,#10919);
#9034=AXIS2_PLACEMENT_3D('',#13375,#10921,#10922);
#9035=AXIS2_PLACEMENT_3D('',#13376,#10923,#10924);
#9036=AXIS2_PLACEMENT_3D('',#13378,#10925,#10926);
#9037=AXIS2_PLACEMENT_3D('',#13381,#10928,#10929);
#9038=AXIS2_PLACEMENT_3D('',#13382,#10930,#10931);
#9039=AXIS2_PLACEMENT_3D('',#13384,#10932,#10933);
#9040=AXIS2_PLACEMENT_3D('',#13387,#10935,#10936);
#9041=AXIS2_PLACEMENT_3D('',#13388,#10937,#10938);
#9042=AXIS2_PLACEMENT_3D('',#13390,#10939,#10940);
#9043=AXIS2_PLACEMENT_3D('',#13393,#10942,#10943);
#9044=AXIS2_PLACEMENT_3D('',#13394,#10944,#10945);
#9045=AXIS2_PLACEMENT_3D('',#13396,#10946,#10947);
#9046=AXIS2_PLACEMENT_3D('',#13399,#10949,#10950);
#9047=AXIS2_PLACEMENT_3D('',#13400,#10951,#10952);
#9048=AXIS2_PLACEMENT_3D('',#13402,#10953,#10954);
#9049=AXIS2_PLACEMENT_3D('',#13405,#10956,#10957);
#9050=AXIS2_PLACEMENT_3D('',#13406,#10958,#10959);
#9051=AXIS2_PLACEMENT_3D('',#13408,#10960,#10961);
#9052=AXIS2_PLACEMENT_3D('',#13411,#10963,#10964);
#9053=AXIS2_PLACEMENT_3D('',#13417,#10968,#10969);
#9054=AXIS2_PLACEMENT_3D('',#13423,#10973,#10974);
#9055=AXIS2_PLACEMENT_3D('',#13429,#10978,#10979);
#9056=AXIS2_PLACEMENT_3D('',#13435,#10983,#10984);
#9057=AXIS2_PLACEMENT_3D('',#13441,#10988,#10989);
#9058=AXIS2_PLACEMENT_3D('',#13447,#10993,#10994);
#9059=AXIS2_PLACEMENT_3D('',#13453,#10998,#10999);
#9060=AXIS2_PLACEMENT_3D('',#13457,#11001,#11002);
#9061=AXIS2_PLACEMENT_3D('',#13458,#11003,#11004);
#9062=AXIS2_PLACEMENT_3D('',#13459,#11005,#11006);
#9063=AXIS2_PLACEMENT_3D('',#13463,#11008,#11009);
#9064=AXIS2_PLACEMENT_3D('',#13464,#11010,#11011);
#9065=AXIS2_PLACEMENT_3D('',#13465,#11012,#11013);
#9066=AXIS2_PLACEMENT_3D('',#13469,#11015,#11016);
#9067=AXIS2_PLACEMENT_3D('',#13470,#11017,#11018);
#9068=AXIS2_PLACEMENT_3D('',#13471,#11019,#11020);
#9069=AXIS2_PLACEMENT_3D('',#13475,#11022,#11023);
#9070=AXIS2_PLACEMENT_3D('',#13476,#11024,#11025);
#9071=AXIS2_PLACEMENT_3D('',#13477,#11026,#11027);
#9072=AXIS2_PLACEMENT_3D('',#13481,#11029,#11030);
#9073=AXIS2_PLACEMENT_3D('',#13482,#11031,#11032);
#9074=AXIS2_PLACEMENT_3D('',#13483,#11033,#11034);
#9075=AXIS2_PLACEMENT_3D('',#13487,#11036,#11037);
#9076=AXIS2_PLACEMENT_3D('',#13488,#11038,#11039);
#9077=AXIS2_PLACEMENT_3D('',#13489,#11040,#11041);
#9078=AXIS2_PLACEMENT_3D('',#13493,#11043,#11044);
#9079=AXIS2_PLACEMENT_3D('',#13494,#11045,#11046);
#9080=AXIS2_PLACEMENT_3D('',#13495,#11047,#11048);
#9081=AXIS2_PLACEMENT_3D('',#13533,#11072,#11073);
#9082=AXIS2_PLACEMENT_3D('',#13592,#11104,#11105);
#9083=AXIS2_PLACEMENT_3D('',#13596,#11107,#11108);
#9084=AXIS2_PLACEMENT_3D('',#13597,#11109,#11110);
#9085=AXIS2_PLACEMENT_3D('',#13598,#11111,#11112);
#9086=AXIS2_PLACEMENT_3D('',#13602,#11114,#11115);
#9087=AXIS2_PLACEMENT_3D('',#13603,#11116,#11117);
#9088=AXIS2_PLACEMENT_3D('',#13604,#11118,#11119);
#9089=AXIS2_PLACEMENT_3D('',#13608,#11121,#11122);
#9090=AXIS2_PLACEMENT_3D('',#13609,#11123,#11124);
#9091=AXIS2_PLACEMENT_3D('',#13610,#11125,#11126);
#9092=AXIS2_PLACEMENT_3D('',#13614,#11128,#11129);
#9093=AXIS2_PLACEMENT_3D('',#13615,#11130,#11131);
#9094=AXIS2_PLACEMENT_3D('',#13616,#11132,#11133);
#9095=AXIS2_PLACEMENT_3D('',#13620,#11135,#11136);
#9096=AXIS2_PLACEMENT_3D('',#13621,#11137,#11138);
#9097=AXIS2_PLACEMENT_3D('',#13622,#11139,#11140);
#9098=AXIS2_PLACEMENT_3D('',#13626,#11142,#11143);
#9099=AXIS2_PLACEMENT_3D('',#13627,#11144,#11145);
#9100=AXIS2_PLACEMENT_3D('',#13628,#11146,#11147);
#9101=AXIS2_PLACEMENT_3D('',#13632,#11149,#11150);
#9102=AXIS2_PLACEMENT_3D('',#13633,#11151,#11152);
#9103=AXIS2_PLACEMENT_3D('',#13634,#11153,#11154);
#9104=AXIS2_PLACEMENT_3D('',#13640,#11158,#11159);
#9105=AXIS2_PLACEMENT_3D('',#13646,#11163,#11164);
#9106=AXIS2_PLACEMENT_3D('',#13652,#11168,#11169);
#9107=AXIS2_PLACEMENT_3D('',#13658,#11173,#11174);
#9108=AXIS2_PLACEMENT_3D('',#13664,#11178,#11179);
#9109=AXIS2_PLACEMENT_3D('',#13670,#11183,#11184);
#9110=AXIS2_PLACEMENT_3D('',#13676,#11188,#11189);
#9111=AXIS2_PLACEMENT_3D('',#13677,#11190,#11191);
#9112=AXIS2_PLACEMENT_3D('',#13678,#11192,#11193);
#9113=AXIS2_PLACEMENT_3D('',#13679,#11194,#11195);
#9114=AXIS2_PLACEMENT_3D('',#13680,#11196,#11197);
#9115=AXIS2_PLACEMENT_3D('',#13681,#11198,#11199);
#9116=AXIS2_PLACEMENT_3D('',#13682,#11200,#11201);
#9117=AXIS2_PLACEMENT_3D('',#13683,#11202,#11203);
#9118=AXIS2_PLACEMENT_3D('',#13684,#11204,#11205);
#9119=AXIS2_PLACEMENT_3D('',#13685,#11206,#11207);
#9120=AXIS2_PLACEMENT_3D('',#13686,#11208,#11209);
#9121=AXIS2_PLACEMENT_3D('',#13687,#11210,#11211);
#9122=AXIS2_PLACEMENT_3D('',#13688,#11212,#11213);
#9123=AXIS2_PLACEMENT_3D('',#13689,#11214,#11215);
#9124=AXIS2_PLACEMENT_3D('',#13690,#11216,#11217);
#9125=AXIS2_PLACEMENT_3D('',#13691,#11218,#11219);
#9126=AXIS2_PLACEMENT_3D('',#13692,#11220,#11221);
#9127=AXIS2_PLACEMENT_3D('',#13693,#11222,#11223);
#9128=AXIS2_PLACEMENT_3D('',#13694,#11224,#11225);
#9129=AXIS2_PLACEMENT_3D('',#13695,#11226,#11227);
#9130=AXIS2_PLACEMENT_3D('',#13696,#11228,#11229);
#9131=AXIS2_PLACEMENT_3D('',#13697,#11230,#11231);
#9132=AXIS2_PLACEMENT_3D('',#13698,#11232,#11233);
#9133=AXIS2_PLACEMENT_3D('',#13699,#11234,#11235);
#9134=AXIS2_PLACEMENT_3D('',#13700,#11236,#11237);
#9135=AXIS2_PLACEMENT_3D('',#13702,#11239,#11240);
#9136=AXIS2_PLACEMENT_3D('',#13703,#11241,#11242);
#9137=AXIS2_PLACEMENT_3D('',#13705,#11244,#11245);
#9138=AXIS2_PLACEMENT_3D('',#13706,#11246,#11247);
#9139=AXIS2_PLACEMENT_3D('',#13708,#11249,#11250);
#9140=AXIS2_PLACEMENT_3D('',#13709,#11251,#11252);
#9141=AXIS2_PLACEMENT_3D('',#13711,#11254,#11255);
#9142=AXIS2_PLACEMENT_3D('',#13712,#11256,#11257);
#9143=AXIS2_PLACEMENT_3D('',#13714,#11259,#11260);
#9144=AXIS2_PLACEMENT_3D('',#13716,#11262,#11263);
#9145=AXIS2_PLACEMENT_3D('',#13717,#11264,#11265);
#9146=AXIS2_PLACEMENT_3D('',#13719,#11267,#11268);
#9147=AXIS2_PLACEMENT_3D('',#13721,#11270,#11271);
#9148=AXIS2_PLACEMENT_3D('',#13722,#11272,#11273);
#9149=AXIS2_PLACEMENT_3D('',#13724,#11275,#11276);
#9150=AXIS2_PLACEMENT_3D('',#13726,#11278,#11279);
#9151=AXIS2_PLACEMENT_3D('',#13727,#11280,#11281);
#9152=AXIS2_PLACEMENT_3D('',#13729,#11283,#11284);
#9153=AXIS2_PLACEMENT_3D('',#13731,#11286,#11287);
#9154=AXIS2_PLACEMENT_3D('',#13732,#11288,#11289);
#9155=AXIS2_PLACEMENT_3D('',#13734,#11291,#11292);
#9156=AXIS2_PLACEMENT_3D('',#13736,#11294,#11295);
#9157=AXIS2_PLACEMENT_3D('',#13737,#11296,#11297);
#9158=AXIS2_PLACEMENT_3D('',#13739,#11299,#11300);
#9159=AXIS2_PLACEMENT_3D('',#13741,#11302,#11303);
#9160=AXIS2_PLACEMENT_3D('',#13742,#11304,#11305);
#9161=AXIS2_PLACEMENT_3D('',#13744,#11307,#11308);
#9162=AXIS2_PLACEMENT_3D('',#13746,#11310,#11311);
#9163=AXIS2_PLACEMENT_3D('',#13747,#11312,#11313);
#9164=AXIS2_PLACEMENT_3D('',#13749,#11315,#11316);
#9165=AXIS2_PLACEMENT_3D('',#13751,#11318,#11319);
#9166=AXIS2_PLACEMENT_3D('',#13752,#11320,#11321);
#9167=AXIS2_PLACEMENT_3D('',#13754,#11323,#11324);
#9168=AXIS2_PLACEMENT_3D('',#13756,#11326,#11327);
#9169=AXIS2_PLACEMENT_3D('',#13757,#11328,#11329);
#9170=AXIS2_PLACEMENT_3D('',#13759,#11331,#11332);
#9171=AXIS2_PLACEMENT_3D('',#13761,#11334,#11335);
#9172=AXIS2_PLACEMENT_3D('',#13762,#11336,#11337);
#9173=AXIS2_PLACEMENT_3D('',#13764,#11339,#11340);
#9174=AXIS2_PLACEMENT_3D('',#13766,#11342,#11343);
#9175=AXIS2_PLACEMENT_3D('',#13767,#11344,#11345);
#9176=AXIS2_PLACEMENT_3D('',#13770,#11348,#11349);
#9177=AXIS2_PLACEMENT_3D('',#13771,#11350,#11351);
#9178=AXIS2_PLACEMENT_3D('',#13772,#11352,#11353);
#9179=AXIS2_PLACEMENT_3D('',#13773,#11354,#11355);
#9180=DIRECTION('',(0.,0.,1.));
#9181=DIRECTION('',(1.,0.,0.));
#9182=DIRECTION('',(0.,1.,0.));
#9183=DIRECTION('',(0.,0.,1.));
#9184=DIRECTION('',(-1.,0.,0.));
#9185=DIRECTION('',(0.,0.,1.));
#9186=DIRECTION('',(1.,0.,0.));
#9187=DIRECTION('',(0.,0.,-1.));
#9188=DIRECTION('',(0.,0.,1.));
#9189=DIRECTION('',(-1.,0.,0.));
#9190=DIRECTION('',(0.,0.,-1.));
#9191=DIRECTION('',(1.,0.,0.));
#9192=DIRECTION('',(0.,0.,1.));
#9193=DIRECTION('',(-1.,0.,0.));
#9194=DIRECTION('',(0.,0.,-1.));
#9195=DIRECTION('',(1.,0.,0.));
#9196=DIRECTION('',(0.,0.,1.));
#9197=DIRECTION('',(-1.,0.,0.));
#9198=DIRECTION('',(0.,0.,-1.));
#9199=DIRECTION('',(1.,0.,0.));
#9200=DIRECTION('',(0.,0.,1.));
#9201=DIRECTION('',(-1.,0.,0.));
#9202=DIRECTION('',(0.,0.,-1.));
#9203=DIRECTION('',(1.,0.,0.));
#9204=DIRECTION('',(0.,0.,1.));
#9205=DIRECTION('',(-1.,0.,0.));
#9206=DIRECTION('',(0.,0.,-1.));
#9207=DIRECTION('',(1.,0.,0.));
#9208=DIRECTION('',(0.,0.,1.));
#9209=DIRECTION('',(-1.,0.,0.));
#9210=DIRECTION('',(0.,0.,-1.));
#9211=DIRECTION('',(1.,0.,0.));
#9212=DIRECTION('',(0.,0.,1.));
#9213=DIRECTION('',(-1.,0.,0.));
#9214=DIRECTION('',(0.,0.,-1.));
#9215=DIRECTION('',(1.,0.,0.));
#9216=DIRECTION('',(0.,0.,1.));
#9217=DIRECTION('',(-1.,0.,0.));
#9218=DIRECTION('',(0.,0.,-1.));
#9219=DIRECTION('',(1.,0.,0.));
#9220=DIRECTION('',(0.,0.,1.));
#9221=DIRECTION('',(-1.,0.,0.));
#9222=DIRECTION('',(0.,0.,-1.));
#9223=DIRECTION('',(1.,0.,0.));
#9224=DIRECTION('',(0.,0.,1.));
#9225=DIRECTION('',(-1.,0.,0.));
#9226=DIRECTION('',(0.,0.,-1.));
#9227=DIRECTION('',(1.,0.,0.));
#9228=DIRECTION('',(0.,0.,1.));
#9229=DIRECTION('',(-1.,0.,0.));
#9230=DIRECTION('',(0.,0.,-1.));
#9231=DIRECTION('',(1.,0.,0.));
#9232=DIRECTION('',(0.,0.,1.));
#9233=DIRECTION('',(-1.,0.,0.));
#9234=DIRECTION('',(0.,0.,-1.));
#9235=DIRECTION('',(1.,0.,0.));
#9236=DIRECTION('',(0.,0.,1.));
#9237=DIRECTION('',(-1.,0.,0.));
#9238=DIRECTION('',(0.,0.,-1.));
#9239=DIRECTION('',(1.,0.,0.));
#9240=DIRECTION('',(0.,0.,1.));
#9241=DIRECTION('',(-1.,0.,0.));
#9242=DIRECTION('',(0.,0.,-1.));
#9243=DIRECTION('',(1.,0.,0.));
#9244=DIRECTION('',(0.,0.,1.));
#9245=DIRECTION('',(1.,0.,0.));
#9246=DIRECTION('',(-1.,0.,0.));
#9247=DIRECTION('',(0.,-1.,0.));
#9248=DIRECTION('',(0.,-1.,0.));
#9249=DIRECTION('',(1.,0.,0.));
#9250=DIRECTION('',(0.,0.,-1.));
#9251=DIRECTION('',(0.,0.,1.));
#9252=DIRECTION('',(0.,-1.,0.));
#9253=DIRECTION('',(0.,0.,-1.));
#9254=DIRECTION('',(-1.,0.,0.));
#9255=DIRECTION('',(1.,0.,0.));
#9256=DIRECTION('',(0.,-1.,0.));
#9257=DIRECTION('',(-1.,0.,0.));
#9258=DIRECTION('',(0.,0.,1.));
#9259=DIRECTION('',(0.,0.,-1.));
#9260=DIRECTION('',(0.,1.,0.));
#9261=DIRECTION('',(0.,0.,1.));
#9262=DIRECTION('',(0.,0.,1.));
#9263=DIRECTION('',(1.,0.,0.));
#9264=DIRECTION('',(0.,0.,-1.));
#9265=DIRECTION('',(-1.,0.,0.));
#9266=DIRECTION('',(0.,0.,1.));
#9267=DIRECTION('',(1.,0.,0.));
#9268=DIRECTION('',(0.,0.,-1.));
#9269=DIRECTION('',(-1.,0.,0.));
#9270=DIRECTION('',(0.,0.,1.));
#9271=DIRECTION('',(1.,0.,0.));
#9272=DIRECTION('',(0.,0.,-1.));
#9273=DIRECTION('',(-1.,0.,0.));
#9274=DIRECTION('',(0.,0.,1.));
#9275=DIRECTION('',(1.,0.,0.));
#9276=DIRECTION('',(0.,0.,-1.));
#9277=DIRECTION('',(-1.,0.,0.));
#9278=DIRECTION('',(0.,0.,1.));
#9279=DIRECTION('',(1.,0.,0.));
#9280=DIRECTION('',(0.,0.,-1.));
#9281=DIRECTION('',(-1.,0.,0.));
#9282=DIRECTION('',(0.,0.,1.));
#9283=DIRECTION('',(1.,0.,0.));
#9284=DIRECTION('',(0.,0.,-1.));
#9285=DIRECTION('',(-1.,0.,0.));
#9286=DIRECTION('',(0.,0.,1.));
#9287=DIRECTION('',(1.,0.,0.));
#9288=DIRECTION('',(0.,0.,-1.));
#9289=DIRECTION('',(-1.,0.,0.));
#9290=DIRECTION('',(0.,0.,1.));
#9291=DIRECTION('',(1.,0.,0.));
#9292=DIRECTION('',(0.,0.,-1.));
#9293=DIRECTION('',(-1.,0.,0.));
#9294=DIRECTION('',(0.,0.,1.));
#9295=DIRECTION('',(1.,0.,0.));
#9296=DIRECTION('',(0.,0.,-1.));
#9297=DIRECTION('',(-1.,0.,0.));
#9298=DIRECTION('',(0.,0.,1.));
#9299=DIRECTION('',(1.,0.,0.));
#9300=DIRECTION('',(0.,0.,-1.));
#9301=DIRECTION('',(-1.,0.,0.));
#9302=DIRECTION('',(0.,0.,1.));
#9303=DIRECTION('',(1.,0.,0.));
#9304=DIRECTION('',(0.,0.,-1.));
#9305=DIRECTION('',(-1.,0.,0.));
#9306=DIRECTION('',(0.,0.,1.));
#9307=DIRECTION('',(1.,0.,0.));
#9308=DIRECTION('',(0.,0.,-1.));
#9309=DIRECTION('',(-1.,0.,0.));
#9310=DIRECTION('',(0.,0.,1.));
#9311=DIRECTION('',(1.,0.,0.));
#9312=DIRECTION('',(0.,0.,-1.));
#9313=DIRECTION('',(-1.,0.,0.));
#9314=DIRECTION('',(0.,0.,1.));
#9315=DIRECTION('',(1.,0.,0.));
#9316=DIRECTION('',(0.,0.,-1.));
#9317=DIRECTION('',(-1.,0.,0.));
#9318=DIRECTION('',(0.,0.707106781186548,0.707106781186547));
#9319=DIRECTION('',(0.,0.707106781186548,-0.707106781186547));
#9320=DIRECTION('',(1.,0.,0.));
#9321=DIRECTION('',(-0.577350269189626,-0.577350269189626,0.577350269189626));
#9322=DIRECTION('',(0.577350269189626,-0.577350269189626,0.577350269189626));
#9323=DIRECTION('',(0.707106781186547,0.707106781186548,0.));
#9324=DIRECTION('',(-0.707106781186547,0.707106781186548,0.));
#9325=DIRECTION('',(0.,0.,-1.));
#9326=DIRECTION('',(0.577350269189626,-0.577350269189626,-0.577350269189626));
#9327=DIRECTION('',(0.,0.707106781186548,-0.707106781186547));
#9328=DIRECTION('',(0.,0.707106781186548,0.707106781186547));
#9329=DIRECTION('',(-1.,0.,0.));
#9330=DIRECTION('',(-0.577350269189626,-0.577350269189626,-0.577350269189626));
#9331=DIRECTION('',(-0.707106781186547,0.707106781186548,0.));
#9332=DIRECTION('',(0.707106781186547,0.707106781186548,0.));
#9333=DIRECTION('',(0.,0.,1.));
#9334=DIRECTION('',(0.,0.707106781186548,0.707106781186547));
#9335=DIRECTION('',(0.,0.707106781186548,-0.707106781186547));
#9336=DIRECTION('',(1.,0.,0.));
#9337=DIRECTION('',(-0.577350269189626,-0.577350269189626,0.577350269189626));
#9338=DIRECTION('',(0.577350269189626,-0.577350269189626,0.577350269189626));
#9339=DIRECTION('',(0.707106781186547,0.707106781186548,0.));
#9340=DIRECTION('',(-0.707106781186547,0.707106781186548,0.));
#9341=DIRECTION('',(0.,0.,-1.));
#9342=DIRECTION('',(0.577350269189626,-0.577350269189626,-0.577350269189626));
#9343=DIRECTION('',(0.,0.707106781186548,-0.707106781186547));
#9344=DIRECTION('',(0.,0.707106781186548,0.707106781186547));
#9345=DIRECTION('',(-1.,0.,0.));
#9346=DIRECTION('',(-0.577350269189626,-0.577350269189626,-0.577350269189626));
#9347=DIRECTION('',(-0.707106781186547,0.707106781186548,0.));
#9348=DIRECTION('',(0.707106781186547,0.707106781186548,0.));
#9349=DIRECTION('',(0.,0.,1.));
#9350=DIRECTION('',(0.,0.707106781186548,0.707106781186547));
#9351=DIRECTION('',(0.,0.707106781186548,-0.707106781186547));
#9352=DIRECTION('',(1.,0.,0.));
#9353=DIRECTION('',(-0.577350269189626,-0.577350269189626,0.577350269189626));
#9354=DIRECTION('',(0.577350269189626,-0.577350269189626,0.577350269189626));
#9355=DIRECTION('',(0.707106781186547,0.707106781186548,0.));
#9356=DIRECTION('',(-0.707106781186547,0.707106781186548,0.));
#9357=DIRECTION('',(0.,0.,-1.));
#9358=DIRECTION('',(0.577350269189626,-0.577350269189626,-0.577350269189626));
#9359=DIRECTION('',(0.,0.707106781186548,-0.707106781186547));
#9360=DIRECTION('',(0.,0.707106781186548,0.707106781186547));
#9361=DIRECTION('',(-1.,0.,0.));
#9362=DIRECTION('',(-0.577350269189626,-0.577350269189626,-0.577350269189626));
#9363=DIRECTION('',(-0.707106781186547,0.707106781186548,0.));
#9364=DIRECTION('',(0.707106781186547,0.707106781186548,0.));
#9365=DIRECTION('',(0.,0.,1.));
#9366=DIRECTION('',(0.,0.707106781186548,0.707106781186547));
#9367=DIRECTION('',(0.,0.707106781186548,-0.707106781186547));
#9368=DIRECTION('',(1.,0.,0.));
#9369=DIRECTION('',(-0.577350269189626,-0.577350269189626,0.577350269189626));
#9370=DIRECTION('',(0.577350269189626,-0.577350269189626,0.577350269189626));
#9371=DIRECTION('',(0.707106781186547,0.707106781186548,0.));
#9372=DIRECTION('',(-0.707106781186547,0.707106781186548,0.));
#9373=DIRECTION('',(0.,0.,-1.));
#9374=DIRECTION('',(0.577350269189626,-0.577350269189626,-0.577350269189626));
#9375=DIRECTION('',(0.,0.707106781186548,-0.707106781186547));
#9376=DIRECTION('',(0.,0.707106781186548,0.707106781186547));
#9377=DIRECTION('',(-1.,0.,0.));
#9378=DIRECTION('',(-0.577350269189626,-0.577350269189626,-0.577350269189626));
#9379=DIRECTION('',(-0.707106781186547,0.707106781186548,0.));
#9380=DIRECTION('',(0.707106781186547,0.707106781186548,0.));
#9381=DIRECTION('',(0.,0.,1.));
#9382=DIRECTION('',(0.,0.707106781186548,0.707106781186547));
#9383=DIRECTION('',(0.,0.707106781186548,-0.707106781186547));
#9384=DIRECTION('',(1.,0.,0.));
#9385=DIRECTION('',(-0.577350269189626,-0.577350269189626,0.577350269189626));
#9386=DIRECTION('',(0.577350269189626,-0.577350269189626,0.577350269189626));
#9387=DIRECTION('',(0.707106781186547,0.707106781186548,0.));
#9388=DIRECTION('',(-0.707106781186547,0.707106781186548,0.));
#9389=DIRECTION('',(0.,0.,-1.));
#9390=DIRECTION('',(0.577350269189626,-0.577350269189626,-0.577350269189626));
#9391=DIRECTION('',(0.,0.707106781186548,-0.707106781186547));
#9392=DIRECTION('',(0.,0.707106781186548,0.707106781186547));
#9393=DIRECTION('',(-1.,0.,0.));
#9394=DIRECTION('',(-0.577350269189626,-0.577350269189626,-0.577350269189626));
#9395=DIRECTION('',(-0.707106781186547,0.707106781186548,0.));
#9396=DIRECTION('',(0.707106781186547,0.707106781186548,0.));
#9397=DIRECTION('',(0.,0.,1.));
#9398=DIRECTION('',(0.,0.707106781186548,0.707106781186547));
#9399=DIRECTION('',(0.,0.707106781186548,-0.707106781186547));
#9400=DIRECTION('',(1.,0.,0.));
#9401=DIRECTION('',(-0.577350269189626,-0.577350269189626,0.577350269189626));
#9402=DIRECTION('',(0.577350269189626,-0.577350269189626,0.577350269189626));
#9403=DIRECTION('',(0.707106781186547,0.707106781186548,0.));
#9404=DIRECTION('',(-0.707106781186547,0.707106781186548,0.));
#9405=DIRECTION('',(0.,0.,-1.));
#9406=DIRECTION('',(0.577350269189626,-0.577350269189626,-0.577350269189626));
#9407=DIRECTION('',(0.,0.707106781186548,-0.707106781186547));
#9408=DIRECTION('',(0.,0.707106781186548,0.707106781186547));
#9409=DIRECTION('',(-1.,0.,0.));
#9410=DIRECTION('',(-0.577350269189626,-0.577350269189626,-0.577350269189626));
#9411=DIRECTION('',(-0.707106781186547,0.707106781186548,0.));
#9412=DIRECTION('',(0.707106781186547,0.707106781186548,0.));
#9413=DIRECTION('',(0.,0.,1.));
#9414=DIRECTION('',(0.,0.707106781186548,0.707106781186547));
#9415=DIRECTION('',(0.,0.707106781186548,-0.707106781186547));
#9416=DIRECTION('',(1.,0.,0.));
#9417=DIRECTION('',(-0.577350269189626,-0.577350269189626,0.577350269189626));
#9418=DIRECTION('',(0.577350269189626,-0.577350269189626,0.577350269189626));
#9419=DIRECTION('',(0.707106781186547,0.707106781186548,0.));
#9420=DIRECTION('',(-0.707106781186547,0.707106781186548,0.));
#9421=DIRECTION('',(0.,0.,-1.));
#9422=DIRECTION('',(0.577350269189626,-0.577350269189626,-0.577350269189626));
#9423=DIRECTION('',(0.,0.707106781186548,-0.707106781186547));
#9424=DIRECTION('',(0.,0.707106781186548,0.707106781186547));
#9425=DIRECTION('',(-1.,0.,0.));
#9426=DIRECTION('',(-0.577350269189626,-0.577350269189626,-0.577350269189626));
#9427=DIRECTION('',(-0.707106781186547,0.707106781186548,0.));
#9428=DIRECTION('',(0.707106781186547,0.707106781186548,0.));
#9429=DIRECTION('',(0.,0.,1.));
#9430=DIRECTION('',(0.,0.707106781186548,0.707106781186547));
#9431=DIRECTION('',(0.,0.707106781186548,-0.707106781186547));
#9432=DIRECTION('',(1.,0.,0.));
#9433=DIRECTION('',(-0.577350269189626,-0.577350269189626,0.577350269189626));
#9434=DIRECTION('',(0.577350269189626,-0.577350269189626,0.577350269189626));
#9435=DIRECTION('',(0.707106781186547,0.707106781186548,0.));
#9436=DIRECTION('',(-0.707106781186547,0.707106781186548,0.));
#9437=DIRECTION('',(0.,0.,-1.));
#9438=DIRECTION('',(0.577350269189626,-0.577350269189626,-0.577350269189626));
#9439=DIRECTION('',(0.,0.707106781186548,-0.707106781186547));
#9440=DIRECTION('',(0.,0.707106781186548,0.707106781186547));
#9441=DIRECTION('',(-1.,0.,0.));
#9442=DIRECTION('',(-0.577350269189626,-0.577350269189626,-0.577350269189626));
#9443=DIRECTION('',(-0.707106781186547,0.707106781186548,0.));
#9444=DIRECTION('',(0.707106781186547,0.707106781186548,0.));
#9445=DIRECTION('',(0.,0.,1.));
#9446=DIRECTION('',(0.,0.707106781186548,0.707106781186547));
#9447=DIRECTION('',(0.,0.707106781186548,-0.707106781186547));
#9448=DIRECTION('',(1.,0.,0.));
#9449=DIRECTION('',(-0.577350269189626,-0.577350269189626,0.577350269189626));
#9450=DIRECTION('',(0.577350269189626,-0.577350269189626,0.577350269189626));
#9451=DIRECTION('',(0.707106781186547,0.707106781186548,0.));
#9452=DIRECTION('',(-0.707106781186547,0.707106781186548,0.));
#9453=DIRECTION('',(0.,0.,-1.));
#9454=DIRECTION('',(0.577350269189626,-0.577350269189626,-0.577350269189626));
#9455=DIRECTION('',(0.,0.707106781186548,-0.707106781186547));
#9456=DIRECTION('',(0.,0.707106781186548,0.707106781186547));
#9457=DIRECTION('',(-1.,0.,0.));
#9458=DIRECTION('',(-0.577350269189626,-0.577350269189626,-0.577350269189626));
#9459=DIRECTION('',(-0.707106781186547,0.707106781186548,0.));
#9460=DIRECTION('',(0.707106781186547,0.707106781186548,0.));
#9461=DIRECTION('',(0.,0.,1.));
#9462=DIRECTION('',(0.,0.707106781186548,0.707106781186547));
#9463=DIRECTION('',(0.,0.707106781186548,-0.707106781186547));
#9464=DIRECTION('',(1.,0.,0.));
#9465=DIRECTION('',(-0.577350269189626,-0.577350269189626,0.577350269189626));
#9466=DIRECTION('',(0.577350269189626,-0.577350269189626,0.577350269189626));
#9467=DIRECTION('',(0.707106781186547,0.707106781186548,0.));
#9468=DIRECTION('',(-0.707106781186547,0.707106781186548,0.));
#9469=DIRECTION('',(0.,0.,-1.));
#9470=DIRECTION('',(0.577350269189626,-0.577350269189626,-0.577350269189626));
#9471=DIRECTION('',(0.,0.707106781186548,-0.707106781186547));
#9472=DIRECTION('',(0.,0.707106781186548,0.707106781186547));
#9473=DIRECTION('',(-1.,0.,0.));
#9474=DIRECTION('',(-0.577350269189626,-0.577350269189626,-0.577350269189626));
#9475=DIRECTION('',(-0.707106781186547,0.707106781186548,0.));
#9476=DIRECTION('',(0.707106781186547,0.707106781186548,0.));
#9477=DIRECTION('',(0.,0.,1.));
#9478=DIRECTION('',(0.,0.707106781186548,0.707106781186547));
#9479=DIRECTION('',(0.,0.707106781186548,-0.707106781186547));
#9480=DIRECTION('',(1.,0.,0.));
#9481=DIRECTION('',(-0.577350269189626,-0.577350269189626,0.577350269189626));
#9482=DIRECTION('',(0.577350269189626,-0.577350269189626,0.577350269189626));
#9483=DIRECTION('',(0.707106781186547,0.707106781186548,0.));
#9484=DIRECTION('',(-0.707106781186547,0.707106781186548,0.));
#9485=DIRECTION('',(0.,0.,-1.));
#9486=DIRECTION('',(0.577350269189626,-0.577350269189626,-0.577350269189626));
#9487=DIRECTION('',(0.,0.707106781186548,-0.707106781186547));
#9488=DIRECTION('',(0.,0.707106781186548,0.707106781186547));
#9489=DIRECTION('',(-1.,0.,0.));
#9490=DIRECTION('',(-0.577350269189626,-0.577350269189626,-0.577350269189626));
#9491=DIRECTION('',(-0.707106781186547,0.707106781186548,0.));
#9492=DIRECTION('',(0.707106781186547,0.707106781186548,0.));
#9493=DIRECTION('',(0.,0.,1.));
#9494=DIRECTION('',(0.,0.707106781186548,0.707106781186547));
#9495=DIRECTION('',(0.,0.707106781186548,-0.707106781186547));
#9496=DIRECTION('',(1.,0.,0.));
#9497=DIRECTION('',(-0.577350269189626,-0.577350269189626,0.577350269189626));
#9498=DIRECTION('',(0.577350269189626,-0.577350269189626,0.577350269189626));
#9499=DIRECTION('',(0.707106781186547,0.707106781186548,0.));
#9500=DIRECTION('',(-0.707106781186547,0.707106781186548,0.));
#9501=DIRECTION('',(0.,0.,-1.));
#9502=DIRECTION('',(0.577350269189626,-0.577350269189626,-0.577350269189626));
#9503=DIRECTION('',(0.,0.707106781186548,-0.707106781186547));
#9504=DIRECTION('',(0.,0.707106781186548,0.707106781186547));
#9505=DIRECTION('',(-1.,0.,0.));
#9506=DIRECTION('',(-0.577350269189626,-0.577350269189626,-0.577350269189626));
#9507=DIRECTION('',(-0.707106781186547,0.707106781186548,0.));
#9508=DIRECTION('',(0.707106781186547,0.707106781186548,0.));
#9509=DIRECTION('',(0.,0.,1.));
#9510=DIRECTION('',(0.,0.707106781186548,0.707106781186547));
#9511=DIRECTION('',(0.,0.707106781186548,-0.707106781186547));
#9512=DIRECTION('',(1.,0.,0.));
#9513=DIRECTION('',(-0.577350269189626,-0.577350269189626,0.577350269189626));
#9514=DIRECTION('',(0.577350269189626,-0.577350269189626,0.577350269189626));
#9515=DIRECTION('',(0.707106781186547,0.707106781186548,0.));
#9516=DIRECTION('',(-0.707106781186547,0.707106781186548,0.));
#9517=DIRECTION('',(0.,0.,-1.));
#9518=DIRECTION('',(0.577350269189626,-0.577350269189626,-0.577350269189626));
#9519=DIRECTION('',(0.,0.707106781186548,-0.707106781186547));
#9520=DIRECTION('',(0.,0.707106781186548,0.707106781186547));
#9521=DIRECTION('',(-1.,0.,0.));
#9522=DIRECTION('',(-0.577350269189626,-0.577350269189626,-0.577350269189626));
#9523=DIRECTION('',(-0.707106781186547,0.707106781186548,0.));
#9524=DIRECTION('',(0.707106781186547,0.707106781186548,0.));
#9525=DIRECTION('',(0.,0.,1.));
#9526=DIRECTION('',(0.,0.707106781186548,0.707106781186547));
#9527=DIRECTION('',(0.,0.707106781186548,-0.707106781186547));
#9528=DIRECTION('',(1.,0.,0.));
#9529=DIRECTION('',(-0.577350269189626,-0.577350269189626,0.577350269189626));
#9530=DIRECTION('',(0.577350269189626,-0.577350269189626,0.577350269189626));
#9531=DIRECTION('',(0.707106781186547,0.707106781186548,0.));
#9532=DIRECTION('',(-0.707106781186547,0.707106781186548,0.));
#9533=DIRECTION('',(0.,0.,-1.));
#9534=DIRECTION('',(0.577350269189626,-0.577350269189626,-0.577350269189626));
#9535=DIRECTION('',(0.,0.707106781186548,-0.707106781186547));
#9536=DIRECTION('',(0.,0.707106781186548,0.707106781186547));
#9537=DIRECTION('',(-1.,0.,0.));
#9538=DIRECTION('',(-0.577350269189626,-0.577350269189626,-0.577350269189626));
#9539=DIRECTION('',(-0.707106781186547,0.707106781186548,0.));
#9540=DIRECTION('',(0.707106781186547,0.707106781186548,0.));
#9541=DIRECTION('',(0.,0.,1.));
#9542=DIRECTION('',(0.,-0.0523359562429438,0.998629534754574));
#9543=DIRECTION('',(0.,-0.998629534754574,-0.0523359562429438));
#9544=DIRECTION('',(0.0522644276887139,0.997264688634237,0.0522644276887139));
#9545=DIRECTION('',(-0.0522644276887139,0.997264688634237,0.0522644276887139));
#9546=DIRECTION('',(0.998629534754574,-0.0523359562429438,0.));
#9547=DIRECTION('',(-0.0523359562429438,-0.998629534754574,0.));
#9548=DIRECTION('',(0.0522644276887139,0.997264688634237,-0.0522644276887139));
#9549=DIRECTION('',(0.,-0.0523359562429438,-0.998629534754574));
#9550=DIRECTION('',(0.,-0.998629534754574,0.0523359562429438));
#9551=DIRECTION('',(-0.0522644276887139,0.997264688634237,-0.0522644276887139));
#9552=DIRECTION('',(-0.998629534754574,-0.0523359562429438,0.));
#9553=DIRECTION('',(0.0523359562429438,-0.998629534754574,0.));
#9554=DIRECTION('',(0.,-0.0523359562429438,0.998629534754574));
#9555=DIRECTION('',(0.,-0.998629534754574,-0.0523359562429438));
#9556=DIRECTION('',(0.0522644276887139,0.997264688634237,0.0522644276887139));
#9557=DIRECTION('',(-0.0522644276887139,0.997264688634237,0.0522644276887139));
#9558=DIRECTION('',(0.998629534754574,-0.0523359562429438,0.));
#9559=DIRECTION('',(-0.0523359562429438,-0.998629534754574,0.));
#9560=DIRECTION('',(0.0522644276887139,0.997264688634237,-0.0522644276887139));
#9561=DIRECTION('',(0.,-0.0523359562429438,-0.998629534754574));
#9562=DIRECTION('',(0.,-0.998629534754574,0.0523359562429438));
#9563=DIRECTION('',(-0.0522644276887139,0.997264688634237,-0.0522644276887139));
#9564=DIRECTION('',(-0.998629534754574,-0.0523359562429438,0.));
#9565=DIRECTION('',(0.0523359562429438,-0.998629534754574,0.));
#9566=DIRECTION('',(0.,-0.0523359562429438,0.998629534754574));
#9567=DIRECTION('',(0.,-0.998629534754574,-0.0523359562429438));
#9568=DIRECTION('',(0.0522644276887139,0.997264688634237,0.0522644276887139));
#9569=DIRECTION('',(-0.0522644276887139,0.997264688634237,0.0522644276887139));
#9570=DIRECTION('',(0.998629534754574,-0.0523359562429438,0.));
#9571=DIRECTION('',(-0.0523359562429438,-0.998629534754574,0.));
#9572=DIRECTION('',(0.0522644276887139,0.997264688634237,-0.0522644276887139));
#9573=DIRECTION('',(0.,-0.0523359562429438,-0.998629534754574));
#9574=DIRECTION('',(0.,-0.998629534754574,0.0523359562429438));
#9575=DIRECTION('',(-0.0522644276887139,0.997264688634237,-0.0522644276887139));
#9576=DIRECTION('',(-0.998629534754574,-0.0523359562429438,0.));
#9577=DIRECTION('',(0.0523359562429438,-0.998629534754574,0.));
#9578=DIRECTION('',(0.,-0.0523359562429438,0.998629534754574));
#9579=DIRECTION('',(0.,-0.998629534754574,-0.0523359562429438));
#9580=DIRECTION('',(0.0522644276887139,0.997264688634237,0.0522644276887139));
#9581=DIRECTION('',(-0.0522644276887139,0.997264688634237,0.0522644276887139));
#9582=DIRECTION('',(0.998629534754574,-0.0523359562429438,0.));
#9583=DIRECTION('',(-0.0523359562429438,-0.998629534754574,0.));
#9584=DIRECTION('',(0.0522644276887139,0.997264688634237,-0.0522644276887139));
#9585=DIRECTION('',(0.,-0.0523359562429438,-0.998629534754574));
#9586=DIRECTION('',(0.,-0.998629534754574,0.0523359562429438));
#9587=DIRECTION('',(-0.0522644276887139,0.997264688634237,-0.0522644276887139));
#9588=DIRECTION('',(-0.998629534754574,-0.0523359562429438,0.));
#9589=DIRECTION('',(0.0523359562429438,-0.998629534754574,0.));
#9590=DIRECTION('',(0.,-0.0523359562429438,0.998629534754574));
#9591=DIRECTION('',(0.,-0.998629534754574,-0.0523359562429438));
#9592=DIRECTION('',(0.0522644276887139,0.997264688634237,0.0522644276887139));
#9593=DIRECTION('',(-0.0522644276887139,0.997264688634237,0.0522644276887139));
#9594=DIRECTION('',(0.998629534754574,-0.0523359562429438,0.));
#9595=DIRECTION('',(-0.0523359562429438,-0.998629534754574,0.));
#9596=DIRECTION('',(0.0522644276887139,0.997264688634237,-0.0522644276887139));
#9597=DIRECTION('',(0.,-0.0523359562429438,-0.998629534754574));
#9598=DIRECTION('',(0.,-0.998629534754574,0.0523359562429438));
#9599=DIRECTION('',(-0.0522644276887139,0.997264688634237,-0.0522644276887139));
#9600=DIRECTION('',(-0.998629534754574,-0.0523359562429438,0.));
#9601=DIRECTION('',(0.0523359562429438,-0.998629534754574,0.));
#9602=DIRECTION('',(0.,-0.0523359562429438,0.998629534754574));
#9603=DIRECTION('',(0.,-0.998629534754574,-0.0523359562429438));
#9604=DIRECTION('',(0.0522644276887139,0.997264688634237,0.0522644276887139));
#9605=DIRECTION('',(-0.0522644276887139,0.997264688634237,0.0522644276887139));
#9606=DIRECTION('',(0.998629534754574,-0.0523359562429438,0.));
#9607=DIRECTION('',(-0.0523359562429438,-0.998629534754574,0.));
#9608=DIRECTION('',(0.0522644276887139,0.997264688634237,-0.0522644276887139));
#9609=DIRECTION('',(0.,-0.0523359562429438,-0.998629534754574));
#9610=DIRECTION('',(0.,-0.998629534754574,0.0523359562429438));
#9611=DIRECTION('',(-0.0522644276887139,0.997264688634237,-0.0522644276887139));
#9612=DIRECTION('',(-0.998629534754574,-0.0523359562429438,0.));
#9613=DIRECTION('',(0.0523359562429438,-0.998629534754574,0.));
#9614=DIRECTION('',(0.,-0.0523359562429438,0.998629534754574));
#9615=DIRECTION('',(0.,-0.998629534754574,-0.0523359562429438));
#9616=DIRECTION('',(0.0522644276887139,0.997264688634237,0.0522644276887139));
#9617=DIRECTION('',(-0.0522644276887139,0.997264688634237,0.0522644276887139));
#9618=DIRECTION('',(0.998629534754574,-0.0523359562429438,0.));
#9619=DIRECTION('',(-0.0523359562429438,-0.998629534754574,0.));
#9620=DIRECTION('',(0.0522644276887139,0.997264688634237,-0.0522644276887139));
#9621=DIRECTION('',(0.,-0.0523359562429438,-0.998629534754574));
#9622=DIRECTION('',(0.,-0.998629534754574,0.0523359562429438));
#9623=DIRECTION('',(-0.0522644276887139,0.997264688634237,-0.0522644276887139));
#9624=DIRECTION('',(-0.998629534754574,-0.0523359562429438,0.));
#9625=DIRECTION('',(0.0523359562429438,-0.998629534754574,0.));
#9626=DIRECTION('',(0.,-0.0523359562429438,0.998629534754574));
#9627=DIRECTION('',(0.,-0.998629534754574,-0.0523359562429438));
#9628=DIRECTION('',(0.0522644276887139,0.997264688634237,0.0522644276887139));
#9629=DIRECTION('',(-0.0522644276887139,0.997264688634237,0.0522644276887139));
#9630=DIRECTION('',(0.998629534754574,-0.0523359562429438,0.));
#9631=DIRECTION('',(-0.0523359562429438,-0.998629534754574,0.));
#9632=DIRECTION('',(0.0522644276887139,0.997264688634237,-0.0522644276887139));
#9633=DIRECTION('',(0.,-0.0523359562429438,-0.998629534754574));
#9634=DIRECTION('',(0.,-0.998629534754574,0.0523359562429438));
#9635=DIRECTION('',(-0.0522644276887139,0.997264688634237,-0.0522644276887139));
#9636=DIRECTION('',(-0.998629534754574,-0.0523359562429438,0.));
#9637=DIRECTION('',(0.0523359562429438,-0.998629534754574,0.));
#9638=DIRECTION('',(0.,-0.0523359562429438,0.998629534754574));
#9639=DIRECTION('',(0.,-0.998629534754574,-0.0523359562429438));
#9640=DIRECTION('',(0.0522644276887139,0.997264688634237,0.0522644276887139));
#9641=DIRECTION('',(-0.0522644276887139,0.997264688634237,0.0522644276887139));
#9642=DIRECTION('',(0.998629534754574,-0.0523359562429438,0.));
#9643=DIRECTION('',(-0.0523359562429438,-0.998629534754574,0.));
#9644=DIRECTION('',(0.0522644276887139,0.997264688634237,-0.0522644276887139));
#9645=DIRECTION('',(0.,-0.0523359562429438,-0.998629534754574));
#9646=DIRECTION('',(0.,-0.998629534754574,0.0523359562429438));
#9647=DIRECTION('',(-0.0522644276887139,0.997264688634237,-0.0522644276887139));
#9648=DIRECTION('',(-0.998629534754574,-0.0523359562429438,0.));
#9649=DIRECTION('',(0.0523359562429438,-0.998629534754574,0.));
#9650=DIRECTION('',(0.,-0.0523359562429438,0.998629534754574));
#9651=DIRECTION('',(0.,-0.998629534754574,-0.0523359562429438));
#9652=DIRECTION('',(0.0522644276887139,0.997264688634237,0.0522644276887139));
#9653=DIRECTION('',(-0.0522644276887139,0.997264688634237,0.0522644276887139));
#9654=DIRECTION('',(0.998629534754574,-0.0523359562429438,0.));
#9655=DIRECTION('',(-0.0523359562429438,-0.998629534754574,0.));
#9656=DIRECTION('',(0.0522644276887139,0.997264688634237,-0.0522644276887139));
#9657=DIRECTION('',(0.,-0.0523359562429438,-0.998629534754574));
#9658=DIRECTION('',(0.,-0.998629534754574,0.0523359562429438));
#9659=DIRECTION('',(-0.0522644276887139,0.997264688634237,-0.0522644276887139));
#9660=DIRECTION('',(-0.998629534754574,-0.0523359562429438,0.));
#9661=DIRECTION('',(0.0523359562429438,-0.998629534754574,0.));
#9662=DIRECTION('',(0.,-0.0523359562429438,0.998629534754574));
#9663=DIRECTION('',(0.,-0.998629534754574,-0.0523359562429438));
#9664=DIRECTION('',(0.0522644276887139,0.997264688634237,0.0522644276887139));
#9665=DIRECTION('',(-0.0522644276887139,0.997264688634237,0.0522644276887139));
#9666=DIRECTION('',(0.998629534754574,-0.0523359562429438,0.));
#9667=DIRECTION('',(-0.0523359562429438,-0.998629534754574,0.));
#9668=DIRECTION('',(0.0522644276887139,0.997264688634237,-0.0522644276887139));
#9669=DIRECTION('',(0.,-0.0523359562429438,-0.998629534754574));
#9670=DIRECTION('',(0.,-0.998629534754574,0.0523359562429438));
#9671=DIRECTION('',(-0.0522644276887139,0.997264688634237,-0.0522644276887139));
#9672=DIRECTION('',(-0.998629534754574,-0.0523359562429438,0.));
#9673=DIRECTION('',(0.0523359562429438,-0.998629534754574,0.));
#9674=DIRECTION('',(0.,-0.0523359562429438,0.998629534754574));
#9675=DIRECTION('',(0.,-0.998629534754574,-0.0523359562429438));
#9676=DIRECTION('',(0.0522644276887139,0.997264688634237,0.0522644276887139));
#9677=DIRECTION('',(-0.0522644276887139,0.997264688634237,0.0522644276887139));
#9678=DIRECTION('',(0.998629534754574,-0.0523359562429438,0.));
#9679=DIRECTION('',(-0.0523359562429438,-0.998629534754574,0.));
#9680=DIRECTION('',(0.0522644276887139,0.997264688634237,-0.0522644276887139));
#9681=DIRECTION('',(0.,-0.0523359562429438,-0.998629534754574));
#9682=DIRECTION('',(0.,-0.998629534754574,0.0523359562429438));
#9683=DIRECTION('',(-0.0522644276887139,0.997264688634237,-0.0522644276887139));
#9684=DIRECTION('',(-0.998629534754574,-0.0523359562429438,0.));
#9685=DIRECTION('',(0.0523359562429438,-0.998629534754574,0.));
#9686=DIRECTION('',(0.,-0.0523359562429438,0.998629534754574));
#9687=DIRECTION('',(0.,-0.998629534754574,-0.0523359562429438));
#9688=DIRECTION('',(0.0522644276887139,0.997264688634237,0.0522644276887139));
#9689=DIRECTION('',(-0.0522644276887139,0.997264688634237,0.0522644276887139));
#9690=DIRECTION('',(0.998629534754574,-0.0523359562429438,0.));
#9691=DIRECTION('',(-0.0523359562429438,-0.998629534754574,0.));
#9692=DIRECTION('',(0.0522644276887139,0.997264688634237,-0.0522644276887139));
#9693=DIRECTION('',(0.,-0.0523359562429438,-0.998629534754574));
#9694=DIRECTION('',(0.,-0.998629534754574,0.0523359562429438));
#9695=DIRECTION('',(-0.0522644276887139,0.997264688634237,-0.0522644276887139));
#9696=DIRECTION('',(-0.998629534754574,-0.0523359562429438,0.));
#9697=DIRECTION('',(0.0523359562429438,-0.998629534754574,0.));
#9698=DIRECTION('',(0.,-0.0523359562429438,0.998629534754574));
#9699=DIRECTION('',(0.,-0.998629534754574,-0.0523359562429438));
#9700=DIRECTION('',(0.0522644276887139,0.997264688634237,0.0522644276887139));
#9701=DIRECTION('',(-0.0522644276887139,0.997264688634237,0.0522644276887139));
#9702=DIRECTION('',(0.998629534754574,-0.0523359562429438,0.));
#9703=DIRECTION('',(-0.0523359562429438,-0.998629534754574,0.));
#9704=DIRECTION('',(0.0522644276887139,0.997264688634237,-0.0522644276887139));
#9705=DIRECTION('',(0.,-0.0523359562429438,-0.998629534754574));
#9706=DIRECTION('',(0.,-0.998629534754574,0.0523359562429438));
#9707=DIRECTION('',(-0.0522644276887139,0.997264688634237,-0.0522644276887139));
#9708=DIRECTION('',(-0.998629534754574,-0.0523359562429438,0.));
#9709=DIRECTION('',(0.0523359562429438,-0.998629534754574,0.));
#9710=DIRECTION('',(0.,0.,1.));
#9711=DIRECTION('',(1.,0.,0.));
#9712=DIRECTION('',(0.,0.,1.));
#9713=DIRECTION('',(1.,0.,0.));
#9714=DIRECTION('',(1.,0.,0.));
#9715=DIRECTION('',(0.,1.,0.));
#9716=DIRECTION('',(-1.,0.,0.));
#9717=DIRECTION('',(0.,1.,0.));
#9718=DIRECTION('',(0.,0.,-1.));
#9719=DIRECTION('',(-1.,0.,0.));
#9720=DIRECTION('',(-1.,0.,0.));
#9721=DIRECTION('',(0.,-1.,0.));
#9722=DIRECTION('',(-1.,0.,0.));
#9723=DIRECTION('',(0.,-1.,0.));
#9724=DIRECTION('',(0.,-3.41480999208033E-15,1.));
#9725=DIRECTION('',(0.,-1.,-3.41480999208033E-15));
#9726=DIRECTION('',(1.,0.,0.));
#9727=DIRECTION('',(0.,1.,3.41480999208033E-15));
#9728=DIRECTION('',(-1.,0.,0.));
#9729=DIRECTION('',(0.,1.,3.41480999208033E-15));
#9730=DIRECTION('',(0.,-3.41480999208034E-15,-1.));
#9731=DIRECTION('',(0.,1.,-3.41480999208034E-15));
#9732=DIRECTION('',(-1.,0.,0.));
#9733=DIRECTION('',(0.,-1.,3.41480999208034E-15));
#9734=DIRECTION('',(-1.,0.,0.));
#9735=DIRECTION('',(0.,-1.,3.41480999208034E-15));
#9736=DIRECTION('',(1.,0.,0.));
#9737=DIRECTION('',(0.,0.,-1.));
#9738=DIRECTION('',(0.,0.,-1.));
#9739=DIRECTION('',(0.,1.73408319910329E-16,-1.));
#9740=DIRECTION('',(0.,0.,-1.));
#9741=DIRECTION('',(0.,0.,-1.));
#9742=DIRECTION('',(0.,1.,0.));
#9743=DIRECTION('',(0.,0.,1.));
#9744=DIRECTION('',(0.,-1.,0.));
#9745=DIRECTION('',(0.,2.13425624505021E-15,-1.));
#9746=DIRECTION('',(1.,0.,0.));
#9747=DIRECTION('',(0.,0.,-1.));
#9748=DIRECTION('',(0.,0.,-1.));
#9749=DIRECTION('',(0.,2.13425624505021E-15,-1.));
#9750=DIRECTION('',(0.,-1.,0.));
#9751=DIRECTION('',(0.,0.,1.));
#9752=DIRECTION('',(0.,1.,0.));
#9753=DIRECTION('',(0.,0.,-1.));
#9754=DIRECTION('',(0.,0.,-1.));
#9755=DIRECTION('',(0.,1.73408319910329E-16,-1.));
#9756=DIRECTION('',(0.,1.,1.73408319910329E-16));
#9757=DIRECTION('',(0.,-1.73408319910329E-16,1.));
#9758=DIRECTION('',(4.54085666461636E-18,-1.73408319910329E-16,1.));
#9759=DIRECTION('',(1.,0.,0.));
#9760=DIRECTION('',(4.54085666461636E-18,1.73408319910329E-16,-1.));
#9761=DIRECTION('',(-1.,0.,0.));
#9762=DIRECTION('',(4.54085666461636E-18,-1.73408319910329E-16,1.));
#9763=DIRECTION('',(1.,0.,0.));
#9764=DIRECTION('',(4.54085666461636E-18,1.73408319910329E-16,-1.));
#9765=DIRECTION('',(-1.,0.,0.));
#9766=DIRECTION('',(4.54085666461636E-18,-1.73408319910329E-16,1.));
#9767=DIRECTION('',(1.,0.,0.));
#9768=DIRECTION('',(4.54085666461636E-18,1.73408319910329E-16,-1.));
#9769=DIRECTION('',(-1.,0.,0.));
#9770=DIRECTION('',(4.54085666461636E-18,-1.73408319910329E-16,1.));
#9771=DIRECTION('',(1.,0.,0.));
#9772=DIRECTION('',(4.54085666461636E-18,1.73408319910329E-16,-1.));
#9773=DIRECTION('',(-1.,0.,0.));
#9774=DIRECTION('',(4.54085666461636E-18,-1.73408319910329E-16,1.));
#9775=DIRECTION('',(1.,0.,0.));
#9776=DIRECTION('',(4.54085666461636E-18,1.73408319910329E-16,-1.));
#9777=DIRECTION('',(-1.,0.,0.));
#9778=DIRECTION('',(4.54085666461636E-18,-1.73408319910329E-16,1.));
#9779=DIRECTION('',(1.,0.,0.));
#9780=DIRECTION('',(4.54085666461636E-18,1.73408319910329E-16,-1.));
#9781=DIRECTION('',(-1.,0.,0.));
#9782=DIRECTION('',(4.54085666461636E-18,-1.73408319910329E-16,1.));
#9783=DIRECTION('',(1.,0.,0.));
#9784=DIRECTION('',(4.54085666461636E-18,1.73408319910329E-16,-1.));
#9785=DIRECTION('',(-1.,0.,0.));
#9786=DIRECTION('',(4.54085666461636E-18,-1.73408319910329E-16,1.));
#9787=DIRECTION('',(1.,0.,0.));
#9788=DIRECTION('',(4.54085666461636E-18,1.73408319910329E-16,-1.));
#9789=DIRECTION('',(-1.,0.,0.));
#9790=DIRECTION('',(4.54085666461636E-18,-1.73408319910329E-16,1.));
#9791=DIRECTION('',(1.,0.,0.));
#9792=DIRECTION('',(4.54085666461636E-18,1.73408319910329E-16,-1.));
#9793=DIRECTION('',(-1.,0.,0.));
#9794=DIRECTION('',(4.54085666461636E-18,-1.73408319910329E-16,1.));
#9795=DIRECTION('',(1.,0.,0.));
#9796=DIRECTION('',(4.54085666461636E-18,1.73408319910329E-16,-1.));
#9797=DIRECTION('',(-1.,0.,0.));
#9798=DIRECTION('',(4.54085666461636E-18,-1.73408319910329E-16,1.));
#9799=DIRECTION('',(1.,0.,0.));
#9800=DIRECTION('',(4.54085666461636E-18,1.73408319910329E-16,-1.));
#9801=DIRECTION('',(-1.,0.,0.));
#9802=DIRECTION('',(4.54085666461636E-18,-1.73408319910329E-16,1.));
#9803=DIRECTION('',(1.,0.,0.));
#9804=DIRECTION('',(4.54085666461636E-18,1.73408319910329E-16,-1.));
#9805=DIRECTION('',(-1.,0.,0.));
#9806=DIRECTION('',(4.54085666461636E-18,-1.73408319910329E-16,1.));
#9807=DIRECTION('',(1.,0.,0.));
#9808=DIRECTION('',(4.54085666461636E-18,1.73408319910329E-16,-1.));
#9809=DIRECTION('',(-1.,0.,0.));
#9810=DIRECTION('',(4.54085666461636E-18,-1.73408319910329E-16,1.));
#9811=DIRECTION('',(1.,0.,0.));
#9812=DIRECTION('',(4.54085666461636E-18,1.73408319910329E-16,-1.));
#9813=DIRECTION('',(-1.,0.,0.));
#9814=DIRECTION('',(0.,1.,0.));
#9815=DIRECTION('',(0.,0.,1.));
#9816=DIRECTION('',(-1.,0.,0.));
#9817=DIRECTION('',(0.,0.,1.));
#9818=DIRECTION('',(1.,0.,0.));
#9819=DIRECTION('',(-1.,0.,0.));
#9820=DIRECTION('',(0.,-1.,0.));
#9821=DIRECTION('',(0.,0.,-1.));
#9822=DIRECTION('',(0.,0.,1.));
#9823=DIRECTION('',(-1.,0.,0.));
#9824=DIRECTION('',(0.,0.,-1.));
#9825=DIRECTION('',(1.,0.,0.));
#9826=DIRECTION('',(0.,0.,1.));
#9827=DIRECTION('',(-1.,0.,0.));
#9828=DIRECTION('',(0.,0.,-1.));
#9829=DIRECTION('',(1.,0.,0.));
#9830=DIRECTION('',(0.,0.,1.));
#9831=DIRECTION('',(-1.,0.,0.));
#9832=DIRECTION('',(0.,0.,-1.));
#9833=DIRECTION('',(1.,0.,0.));
#9834=DIRECTION('',(0.,0.,1.));
#9835=DIRECTION('',(-1.,0.,0.));
#9836=DIRECTION('',(0.,0.,-1.));
#9837=DIRECTION('',(1.,0.,0.));
#9838=DIRECTION('',(0.,0.,1.));
#9839=DIRECTION('',(-1.,0.,0.));
#9840=DIRECTION('',(0.,0.,-1.));
#9841=DIRECTION('',(1.,0.,0.));
#9842=DIRECTION('',(0.,0.,1.));
#9843=DIRECTION('',(-1.,0.,0.));
#9844=DIRECTION('',(0.,0.,-1.));
#9845=DIRECTION('',(1.,0.,0.));
#9846=DIRECTION('',(0.,0.,1.));
#9847=DIRECTION('',(-1.,0.,0.));
#9848=DIRECTION('',(0.,0.,-1.));
#9849=DIRECTION('',(1.,0.,0.));
#9850=DIRECTION('',(0.,0.,1.));
#9851=DIRECTION('',(-1.,0.,0.));
#9852=DIRECTION('',(0.,0.,-1.));
#9853=DIRECTION('',(1.,0.,0.));
#9854=DIRECTION('',(0.,0.,1.));
#9855=DIRECTION('',(-1.,0.,0.));
#9856=DIRECTION('',(0.,0.,-1.));
#9857=DIRECTION('',(1.,0.,0.));
#9858=DIRECTION('',(0.,0.,1.));
#9859=DIRECTION('',(-1.,0.,0.));
#9860=DIRECTION('',(0.,0.,-1.));
#9861=DIRECTION('',(1.,0.,0.));
#9862=DIRECTION('',(0.,0.,1.));
#9863=DIRECTION('',(-1.,0.,0.));
#9864=DIRECTION('',(0.,0.,-1.));
#9865=DIRECTION('',(1.,0.,0.));
#9866=DIRECTION('',(0.,0.,1.));
#9867=DIRECTION('',(-1.,0.,0.));
#9868=DIRECTION('',(0.,0.,-1.));
#9869=DIRECTION('',(1.,0.,0.));
#9870=DIRECTION('',(0.,0.,1.));
#9871=DIRECTION('',(-1.,0.,0.));
#9872=DIRECTION('',(0.,0.,-1.));
#9873=DIRECTION('',(1.,0.,0.));
#9874=DIRECTION('',(0.,0.,1.));
#9875=DIRECTION('',(-1.,0.,0.));
#9876=DIRECTION('',(0.,0.,-1.));
#9877=DIRECTION('',(1.,0.,0.));
#9878=DIRECTION('',(-1.,0.,0.));
#9879=DIRECTION('',(0.,0.,-1.));
#9880=DIRECTION('',(-1.,0.,0.));
#9881=DIRECTION('',(-1.,0.,0.));
#9882=DIRECTION('',(0.,1.,2.13425624505021E-15));
#9883=DIRECTION('',(0.,-2.13425624505021E-15,1.));
#9884=DIRECTION('',(0.,-1.,0.));
#9885=DIRECTION('',(0.,0.,-1.));
#9886=DIRECTION('',(0.,-1.,0.));
#9887=DIRECTION('',(0.,0.,-1.));
#9888=DIRECTION('',(0.,-0.0261769483078731,0.999657324975557));
#9889=DIRECTION('',(0.,-0.999657324975557,-0.0261769483078732));
#9890=DIRECTION('',(-0.0261679842649793,0.99931500198837,0.0261679842649793));
#9891=DIRECTION('',(0.0261679842649793,0.99931500198837,0.0261679842649793));
#9892=DIRECTION('',(0.999657324975557,-0.0261769483078731,0.));
#9893=DIRECTION('',(-0.0261769483078732,-0.999657324975557,0.));
#9894=DIRECTION('',(0.0261679842649793,0.99931500198837,-0.0261679842649793));
#9895=DIRECTION('',(0.,-0.0261769483078731,-0.999657324975557));
#9896=DIRECTION('',(0.,-0.999657324975557,0.0261769483078732));
#9897=DIRECTION('',(-0.0261679842649793,0.99931500198837,-0.0261679842649793));
#9898=DIRECTION('',(-0.999657324975557,-0.0261769483078731,0.));
#9899=DIRECTION('',(0.0261769483078732,-0.999657324975557,0.));
#9900=DIRECTION('',(0.,-0.0261769483078731,0.999657324975557));
#9901=DIRECTION('',(0.,-0.999657324975557,-0.0261769483078732));
#9902=DIRECTION('',(-0.0261679842649793,0.99931500198837,0.0261679842649793));
#9903=DIRECTION('',(0.0261679842649793,0.99931500198837,0.0261679842649793));
#9904=DIRECTION('',(0.999657324975557,-0.0261769483078731,0.));
#9905=DIRECTION('',(-0.0261769483078732,-0.999657324975557,0.));
#9906=DIRECTION('',(0.0261679842649793,0.99931500198837,-0.0261679842649793));
#9907=DIRECTION('',(0.,-0.0261769483078731,-0.999657324975557));
#9908=DIRECTION('',(0.,-0.999657324975557,0.0261769483078732));
#9909=DIRECTION('',(-0.0261679842649793,0.99931500198837,-0.0261679842649793));
#9910=DIRECTION('',(-0.999657324975557,-0.0261769483078731,0.));
#9911=DIRECTION('',(0.0261769483078732,-0.999657324975557,0.));
#9912=DIRECTION('',(0.,-0.0261769483078731,0.999657324975557));
#9913=DIRECTION('',(0.,-0.999657324975557,-0.0261769483078732));
#9914=DIRECTION('',(-0.0261679842649793,0.99931500198837,0.0261679842649793));
#9915=DIRECTION('',(0.0261679842649793,0.99931500198837,0.0261679842649793));
#9916=DIRECTION('',(0.999657324975557,-0.0261769483078731,0.));
#9917=DIRECTION('',(-0.0261769483078732,-0.999657324975557,0.));
#9918=DIRECTION('',(0.0261679842649793,0.99931500198837,-0.0261679842649793));
#9919=DIRECTION('',(0.,-0.0261769483078731,-0.999657324975557));
#9920=DIRECTION('',(0.,-0.999657324975557,0.0261769483078732));
#9921=DIRECTION('',(-0.0261679842649793,0.99931500198837,-0.0261679842649793));
#9922=DIRECTION('',(-0.999657324975557,-0.0261769483078731,0.));
#9923=DIRECTION('',(0.0261769483078732,-0.999657324975557,0.));
#9924=DIRECTION('',(0.,-0.0261769483078731,0.999657324975557));
#9925=DIRECTION('',(0.,-0.999657324975557,-0.0261769483078732));
#9926=DIRECTION('',(-0.0261679842649793,0.99931500198837,0.0261679842649793));
#9927=DIRECTION('',(0.0261679842649793,0.99931500198837,0.0261679842649793));
#9928=DIRECTION('',(0.999657324975557,-0.0261769483078731,0.));
#9929=DIRECTION('',(-0.0261769483078732,-0.999657324975557,0.));
#9930=DIRECTION('',(0.0261679842649793,0.99931500198837,-0.0261679842649793));
#9931=DIRECTION('',(0.,-0.0261769483078731,-0.999657324975557));
#9932=DIRECTION('',(0.,-0.999657324975557,0.0261769483078732));
#9933=DIRECTION('',(-0.0261679842649793,0.99931500198837,-0.0261679842649793));
#9934=DIRECTION('',(-0.999657324975557,-0.0261769483078731,0.));
#9935=DIRECTION('',(0.0261769483078732,-0.999657324975557,0.));
#9936=DIRECTION('',(0.,-0.0261769483078731,0.999657324975557));
#9937=DIRECTION('',(0.,-0.999657324975557,-0.0261769483078732));
#9938=DIRECTION('',(-0.0261679842649793,0.99931500198837,0.0261679842649793));
#9939=DIRECTION('',(0.0261679842649793,0.99931500198837,0.0261679842649793));
#9940=DIRECTION('',(0.999657324975557,-0.0261769483078731,0.));
#9941=DIRECTION('',(-0.0261769483078732,-0.999657324975557,0.));
#9942=DIRECTION('',(0.0261679842649793,0.99931500198837,-0.0261679842649793));
#9943=DIRECTION('',(0.,-0.0261769483078731,-0.999657324975557));
#9944=DIRECTION('',(0.,-0.999657324975557,0.0261769483078732));
#9945=DIRECTION('',(-0.0261679842649793,0.99931500198837,-0.0261679842649793));
#9946=DIRECTION('',(-0.999657324975557,-0.0261769483078731,0.));
#9947=DIRECTION('',(0.0261769483078732,-0.999657324975557,0.));
#9948=DIRECTION('',(0.,-0.0261769483078731,0.999657324975557));
#9949=DIRECTION('',(0.,-0.999657324975557,-0.0261769483078732));
#9950=DIRECTION('',(-0.0261679842649793,0.99931500198837,0.0261679842649793));
#9951=DIRECTION('',(0.0261679842649793,0.99931500198837,0.0261679842649793));
#9952=DIRECTION('',(0.999657324975557,-0.0261769483078731,0.));
#9953=DIRECTION('',(-0.0261769483078732,-0.999657324975557,0.));
#9954=DIRECTION('',(0.0261679842649793,0.99931500198837,-0.0261679842649793));
#9955=DIRECTION('',(0.,-0.0261769483078731,-0.999657324975557));
#9956=DIRECTION('',(0.,-0.999657324975557,0.0261769483078732));
#9957=DIRECTION('',(-0.0261679842649793,0.99931500198837,-0.0261679842649793));
#9958=DIRECTION('',(-0.999657324975557,-0.0261769483078731,0.));
#9959=DIRECTION('',(0.0261769483078732,-0.999657324975557,0.));
#9960=DIRECTION('',(0.,-0.0261769483078731,0.999657324975557));
#9961=DIRECTION('',(0.,-0.999657324975557,-0.0261769483078732));
#9962=DIRECTION('',(-0.0261679842649793,0.99931500198837,0.0261679842649793));
#9963=DIRECTION('',(0.0261679842649793,0.99931500198837,0.0261679842649793));
#9964=DIRECTION('',(0.999657324975557,-0.0261769483078731,0.));
#9965=DIRECTION('',(-0.0261769483078732,-0.999657324975557,0.));
#9966=DIRECTION('',(0.0261679842649793,0.99931500198837,-0.0261679842649793));
#9967=DIRECTION('',(0.,-0.0261769483078731,-0.999657324975557));
#9968=DIRECTION('',(0.,-0.999657324975557,0.0261769483078732));
#9969=DIRECTION('',(-0.0261679842649793,0.99931500198837,-0.0261679842649793));
#9970=DIRECTION('',(-0.999657324975557,-0.0261769483078731,0.));
#9971=DIRECTION('',(0.0261769483078732,-0.999657324975557,0.));
#9972=DIRECTION('',(0.,-0.0261769483078731,0.999657324975557));
#9973=DIRECTION('',(0.,-0.999657324975557,-0.0261769483078732));
#9974=DIRECTION('',(-0.0261679842649793,0.99931500198837,0.0261679842649793));
#9975=DIRECTION('',(0.0261679842649793,0.99931500198837,0.0261679842649793));
#9976=DIRECTION('',(0.999657324975557,-0.0261769483078731,0.));
#9977=DIRECTION('',(-0.0261769483078732,-0.999657324975557,0.));
#9978=DIRECTION('',(0.0261679842649793,0.99931500198837,-0.0261679842649793));
#9979=DIRECTION('',(0.,-0.0261769483078731,-0.999657324975557));
#9980=DIRECTION('',(0.,-0.999657324975557,0.0261769483078732));
#9981=DIRECTION('',(-0.0261679842649793,0.99931500198837,-0.0261679842649793));
#9982=DIRECTION('',(-0.999657324975557,-0.0261769483078731,0.));
#9983=DIRECTION('',(0.0261769483078732,-0.999657324975557,0.));
#9984=DIRECTION('',(0.,-0.0261769483078731,0.999657324975557));
#9985=DIRECTION('',(0.,-0.999657324975557,-0.0261769483078732));
#9986=DIRECTION('',(-0.0261679842649793,0.99931500198837,0.0261679842649793));
#9987=DIRECTION('',(0.0261679842649793,0.99931500198837,0.0261679842649793));
#9988=DIRECTION('',(0.999657324975557,-0.0261769483078731,0.));
#9989=DIRECTION('',(-0.0261769483078732,-0.999657324975557,0.));
#9990=DIRECTION('',(0.0261679842649793,0.99931500198837,-0.0261679842649793));
#9991=DIRECTION('',(0.,-0.0261769483078731,-0.999657324975557));
#9992=DIRECTION('',(0.,-0.999657324975557,0.0261769483078732));
#9993=DIRECTION('',(-0.0261679842649793,0.99931500198837,-0.0261679842649793));
#9994=DIRECTION('',(-0.999657324975557,-0.0261769483078731,0.));
#9995=DIRECTION('',(0.0261769483078732,-0.999657324975557,0.));
#9996=DIRECTION('',(0.,-0.0261769483078731,0.999657324975557));
#9997=DIRECTION('',(0.,-0.999657324975557,-0.0261769483078732));
#9998=DIRECTION('',(-0.0261679842649793,0.99931500198837,0.0261679842649793));
#9999=DIRECTION('',(0.0261679842649793,0.99931500198837,0.0261679842649793));
#10000=DIRECTION('',(0.999657324975557,-0.0261769483078731,0.));
#10001=DIRECTION('',(-0.0261769483078732,-0.999657324975557,0.));
#10002=DIRECTION('',(0.0261679842649793,0.99931500198837,-0.0261679842649793));
#10003=DIRECTION('',(0.,-0.0261769483078731,-0.999657324975557));
#10004=DIRECTION('',(0.,-0.999657324975557,0.0261769483078732));
#10005=DIRECTION('',(-0.0261679842649793,0.99931500198837,-0.0261679842649793));
#10006=DIRECTION('',(-0.999657324975557,-0.0261769483078731,0.));
#10007=DIRECTION('',(0.0261769483078732,-0.999657324975557,0.));
#10008=DIRECTION('',(0.,-0.0261769483078731,0.999657324975557));
#10009=DIRECTION('',(0.,-0.999657324975557,-0.0261769483078732));
#10010=DIRECTION('',(-0.0261679842649793,0.99931500198837,0.0261679842649793));
#10011=DIRECTION('',(0.0261679842649793,0.99931500198837,0.0261679842649793));
#10012=DIRECTION('',(0.999657324975557,-0.0261769483078731,0.));
#10013=DIRECTION('',(-0.0261769483078732,-0.999657324975557,0.));
#10014=DIRECTION('',(0.0261679842649793,0.99931500198837,-0.0261679842649793));
#10015=DIRECTION('',(0.,-0.0261769483078731,-0.999657324975557));
#10016=DIRECTION('',(0.,-0.999657324975557,0.0261769483078732));
#10017=DIRECTION('',(-0.0261679842649793,0.99931500198837,-0.0261679842649793));
#10018=DIRECTION('',(-0.999657324975557,-0.0261769483078731,0.));
#10019=DIRECTION('',(0.0261769483078732,-0.999657324975557,0.));
#10020=DIRECTION('',(0.,-0.0261769483078731,0.999657324975557));
#10021=DIRECTION('',(0.,-0.999657324975557,-0.0261769483078732));
#10022=DIRECTION('',(-0.0261679842649793,0.99931500198837,0.0261679842649793));
#10023=DIRECTION('',(0.0261679842649793,0.99931500198837,0.0261679842649793));
#10024=DIRECTION('',(0.999657324975557,-0.0261769483078731,0.));
#10025=DIRECTION('',(-0.0261769483078732,-0.999657324975557,0.));
#10026=DIRECTION('',(0.0261679842649793,0.99931500198837,-0.0261679842649793));
#10027=DIRECTION('',(0.,-0.0261769483078731,-0.999657324975557));
#10028=DIRECTION('',(0.,-0.999657324975557,0.0261769483078732));
#10029=DIRECTION('',(-0.0261679842649793,0.99931500198837,-0.0261679842649793));
#10030=DIRECTION('',(-0.999657324975557,-0.0261769483078731,0.));
#10031=DIRECTION('',(0.0261769483078732,-0.999657324975557,0.));
#10032=DIRECTION('',(0.,-0.0261769483078731,0.999657324975557));
#10033=DIRECTION('',(0.,-0.999657324975557,-0.0261769483078732));
#10034=DIRECTION('',(-0.0261679842649793,0.99931500198837,0.0261679842649793));
#10035=DIRECTION('',(0.0261679842649793,0.99931500198837,0.0261679842649793));
#10036=DIRECTION('',(0.999657324975557,-0.0261769483078731,0.));
#10037=DIRECTION('',(-0.0261769483078732,-0.999657324975557,0.));
#10038=DIRECTION('',(0.0261679842649793,0.99931500198837,-0.0261679842649793));
#10039=DIRECTION('',(0.,-0.0261769483078731,-0.999657324975557));
#10040=DIRECTION('',(0.,-0.999657324975557,0.0261769483078732));
#10041=DIRECTION('',(-0.0261679842649793,0.99931500198837,-0.0261679842649793));
#10042=DIRECTION('',(-0.999657324975557,-0.0261769483078731,0.));
#10043=DIRECTION('',(0.0261769483078732,-0.999657324975557,0.));
#10044=DIRECTION('',(0.,-0.0261769483078731,0.999657324975557));
#10045=DIRECTION('',(0.,-0.999657324975557,-0.0261769483078732));
#10046=DIRECTION('',(-0.0261679842649793,0.99931500198837,0.0261679842649793));
#10047=DIRECTION('',(0.0261679842649793,0.99931500198837,0.0261679842649793));
#10048=DIRECTION('',(0.999657324975557,-0.0261769483078731,0.));
#10049=DIRECTION('',(-0.0261769483078732,-0.999657324975557,0.));
#10050=DIRECTION('',(0.0261679842649793,0.99931500198837,-0.0261679842649793));
#10051=DIRECTION('',(0.,-0.0261769483078731,-0.999657324975557));
#10052=DIRECTION('',(0.,-0.999657324975557,0.0261769483078732));
#10053=DIRECTION('',(-0.0261679842649793,0.99931500198837,-0.0261679842649793));
#10054=DIRECTION('',(-0.999657324975557,-0.0261769483078731,0.));
#10055=DIRECTION('',(0.0261769483078732,-0.999657324975557,0.));
#10056=DIRECTION('',(0.,0.,1.));
#10057=DIRECTION('',(1.,0.,0.));
#10058=DIRECTION('',(1.,0.,0.));
#10059=DIRECTION('',(0.,0.,-1.));
#10060=DIRECTION('',(0.,1.,0.));
#10061=DIRECTION('',(0.,1.33391015315638E-17,1.));
#10062=DIRECTION('',(0.,-1.,0.));
#10063=DIRECTION('',(0.,2.13425624505021E-15,-1.));
#10064=DIRECTION('',(0.,-1.,3.41480999208034E-15));
#10065=DIRECTION('',(0.,0.,-1.));
#10066=DIRECTION('',(0.,1.,0.));
#10067=DIRECTION('',(0.,1.73408319910329E-16,-1.));
#10068=DIRECTION('',(0.,-1.,0.));
#10069=DIRECTION('',(0.,0.,-1.));
#10070=DIRECTION('',(0.,1.,3.41480999208033E-15));
#10071=DIRECTION('',(0.,0.,-1.));
#10072=DIRECTION('',(1.,0.,0.));
#10073=DIRECTION('',(0.,0.,-1.));
#10074=DIRECTION('',(0.,1.33391015315638E-17,1.));
#10075=DIRECTION('',(0.,1.,0.));
#10076=DIRECTION('',(0.,0.,-1.));
#10077=DIRECTION('',(0.,1.,3.41480999208033E-15));
#10078=DIRECTION('',(0.,0.,-1.));
#10079=DIRECTION('',(0.,-1.,0.));
#10080=DIRECTION('',(0.,1.73408319910329E-16,-1.));
#10081=DIRECTION('',(0.,1.,0.));
#10082=DIRECTION('',(0.,0.,-1.));
#10083=DIRECTION('',(0.,-1.,3.41480999208034E-15));
#10084=DIRECTION('',(0.,2.13425624505021E-15,-1.));
#10085=DIRECTION('',(0.,-1.,0.));
#10086=DIRECTION('',(0.,0.,1.));
#10087=DIRECTION('',(1.,0.,0.));
#10088=DIRECTION('',(-1.,0.,0.));
#10089=DIRECTION('',(-1.,0.,0.));
#10090=DIRECTION('',(0.,0.,-1.));
#10091=DIRECTION('',(-1.,0.,0.));
#10092=DIRECTION('',(1.,0.,0.));
#10093=DIRECTION('',(-1.,0.,0.));
#10094=DIRECTION('',(0.,-0.0261769483078731,0.999657324975557));
#10095=DIRECTION('',(0.,-0.999657324975557,-0.0261769483078732));
#10096=DIRECTION('',(-1.,0.,0.));
#10097=DIRECTION('',(0.0261679842649793,0.99931500198837,0.0261679842649793));
#10098=DIRECTION('',(1.,0.,0.));
#10099=DIRECTION('',(-0.0261679842649793,0.99931500198837,0.0261679842649793));
#10100=DIRECTION('',(0.999657324975557,-0.0261769483078731,0.));
#10101=DIRECTION('',(-0.0261769483078732,-0.999657324975557,0.));
#10102=DIRECTION('',(3.4929666650895E-19,1.33391015315638E-17,1.));
#10103=DIRECTION('',(0.0261679842649793,0.99931500198837,-0.0261679842649793));
#10104=DIRECTION('',(4.54085666461636E-18,1.73408319910329E-16,-1.));
#10105=DIRECTION('',(0.,-0.0261769483078731,-0.999657324975557));
#10106=DIRECTION('',(0.,-0.999657324975557,0.0261769483078732));
#10107=DIRECTION('',(1.,0.,0.));
#10108=DIRECTION('',(-0.0261679842649793,0.99931500198837,-0.0261679842649793));
#10109=DIRECTION('',(-1.,0.,0.));
#10110=DIRECTION('',(-0.999657324975557,-0.0261769483078731,0.));
#10111=DIRECTION('',(0.0261769483078732,-0.999657324975557,0.));
#10112=DIRECTION('',(3.4929666650895E-19,-1.33391015315638E-17,-1.));
#10113=DIRECTION('',(4.54085666461636E-18,-1.73408319910329E-16,1.));
#10114=DIRECTION('',(0.,-0.0261769483078731,0.999657324975557));
#10115=DIRECTION('',(0.,-0.999657324975557,-0.0261769483078732));
#10116=DIRECTION('',(-1.,0.,0.));
#10117=DIRECTION('',(0.0261679842649793,0.99931500198837,0.0261679842649793));
#10118=DIRECTION('',(1.,0.,0.));
#10119=DIRECTION('',(-0.0261679842649793,0.99931500198837,0.0261679842649793));
#10120=DIRECTION('',(0.999657324975557,-0.0261769483078731,0.));
#10121=DIRECTION('',(-0.0261769483078732,-0.999657324975557,0.));
#10122=DIRECTION('',(3.4929666650895E-19,1.33391015315638E-17,1.));
#10123=DIRECTION('',(0.0261679842649793,0.99931500198837,-0.0261679842649793));
#10124=DIRECTION('',(4.54085666461636E-18,1.73408319910329E-16,-1.));
#10125=DIRECTION('',(0.,-0.0261769483078731,-0.999657324975557));
#10126=DIRECTION('',(0.,-0.999657324975557,0.0261769483078732));
#10127=DIRECTION('',(1.,0.,0.));
#10128=DIRECTION('',(-0.0261679842649793,0.99931500198837,-0.0261679842649793));
#10129=DIRECTION('',(-1.,0.,0.));
#10130=DIRECTION('',(-0.999657324975557,-0.0261769483078731,0.));
#10131=DIRECTION('',(0.0261769483078732,-0.999657324975557,0.));
#10132=DIRECTION('',(3.4929666650895E-19,-1.33391015315638E-17,-1.));
#10133=DIRECTION('',(4.54085666461636E-18,-1.73408319910329E-16,1.));
#10134=DIRECTION('',(0.,-0.0261769483078731,0.999657324975557));
#10135=DIRECTION('',(0.,-0.999657324975557,-0.0261769483078732));
#10136=DIRECTION('',(-1.,0.,0.));
#10137=DIRECTION('',(0.0261679842649793,0.99931500198837,0.0261679842649793));
#10138=DIRECTION('',(1.,0.,0.));
#10139=DIRECTION('',(-0.0261679842649793,0.99931500198837,0.0261679842649793));
#10140=DIRECTION('',(0.999657324975557,-0.0261769483078731,0.));
#10141=DIRECTION('',(-0.0261769483078732,-0.999657324975557,0.));
#10142=DIRECTION('',(3.4929666650895E-19,1.33391015315638E-17,1.));
#10143=DIRECTION('',(0.0261679842649793,0.99931500198837,-0.0261679842649793));
#10144=DIRECTION('',(4.54085666461636E-18,1.73408319910329E-16,-1.));
#10145=DIRECTION('',(0.,-0.0261769483078731,-0.999657324975557));
#10146=DIRECTION('',(0.,-0.999657324975557,0.0261769483078732));
#10147=DIRECTION('',(1.,0.,0.));
#10148=DIRECTION('',(-0.0261679842649793,0.99931500198837,-0.0261679842649793));
#10149=DIRECTION('',(-1.,0.,0.));
#10150=DIRECTION('',(-0.999657324975557,-0.0261769483078731,0.));
#10151=DIRECTION('',(0.0261769483078732,-0.999657324975557,0.));
#10152=DIRECTION('',(3.4929666650895E-19,-1.33391015315638E-17,-1.));
#10153=DIRECTION('',(4.54085666461636E-18,-1.73408319910329E-16,1.));
#10154=DIRECTION('',(0.,-0.0261769483078731,0.999657324975557));
#10155=DIRECTION('',(0.,-0.999657324975557,-0.0261769483078732));
#10156=DIRECTION('',(-1.,0.,0.));
#10157=DIRECTION('',(0.0261679842649793,0.99931500198837,0.0261679842649793));
#10158=DIRECTION('',(1.,0.,0.));
#10159=DIRECTION('',(-0.0261679842649793,0.99931500198837,0.0261679842649793));
#10160=DIRECTION('',(0.999657324975557,-0.0261769483078731,0.));
#10161=DIRECTION('',(-0.0261769483078732,-0.999657324975557,0.));
#10162=DIRECTION('',(3.4929666650895E-19,1.33391015315638E-17,1.));
#10163=DIRECTION('',(0.0261679842649793,0.99931500198837,-0.0261679842649793));
#10164=DIRECTION('',(4.54085666461636E-18,1.73408319910329E-16,-1.));
#10165=DIRECTION('',(0.,-0.0261769483078731,-0.999657324975557));
#10166=DIRECTION('',(0.,-0.999657324975557,0.0261769483078732));
#10167=DIRECTION('',(1.,0.,0.));
#10168=DIRECTION('',(-0.0261679842649793,0.99931500198837,-0.0261679842649793));
#10169=DIRECTION('',(-1.,0.,0.));
#10170=DIRECTION('',(-0.999657324975557,-0.0261769483078731,0.));
#10171=DIRECTION('',(0.0261769483078732,-0.999657324975557,0.));
#10172=DIRECTION('',(3.4929666650895E-19,-1.33391015315638E-17,-1.));
#10173=DIRECTION('',(4.54085666461636E-18,-1.73408319910329E-16,1.));
#10174=DIRECTION('',(0.,-0.0261769483078731,0.999657324975557));
#10175=DIRECTION('',(0.,-0.999657324975557,-0.0261769483078732));
#10176=DIRECTION('',(-1.,0.,0.));
#10177=DIRECTION('',(0.0261679842649793,0.99931500198837,0.0261679842649793));
#10178=DIRECTION('',(1.,0.,0.));
#10179=DIRECTION('',(-0.0261679842649793,0.99931500198837,0.0261679842649793));
#10180=DIRECTION('',(0.999657324975557,-0.0261769483078731,0.));
#10181=DIRECTION('',(-0.0261769483078732,-0.999657324975557,0.));
#10182=DIRECTION('',(3.4929666650895E-19,1.33391015315638E-17,1.));
#10183=DIRECTION('',(0.0261679842649793,0.99931500198837,-0.0261679842649793));
#10184=DIRECTION('',(4.54085666461636E-18,1.73408319910329E-16,-1.));
#10185=DIRECTION('',(0.,-0.0261769483078731,-0.999657324975557));
#10186=DIRECTION('',(0.,-0.999657324975557,0.0261769483078732));
#10187=DIRECTION('',(1.,0.,0.));
#10188=DIRECTION('',(-0.0261679842649793,0.99931500198837,-0.0261679842649793));
#10189=DIRECTION('',(-1.,0.,0.));
#10190=DIRECTION('',(-0.999657324975557,-0.0261769483078731,0.));
#10191=DIRECTION('',(0.0261769483078732,-0.999657324975557,0.));
#10192=DIRECTION('',(3.4929666650895E-19,-1.33391015315638E-17,-1.));
#10193=DIRECTION('',(4.54085666461636E-18,-1.73408319910329E-16,1.));
#10194=DIRECTION('',(0.,-0.0261769483078731,0.999657324975557));
#10195=DIRECTION('',(0.,-0.999657324975557,-0.0261769483078732));
#10196=DIRECTION('',(-1.,0.,0.));
#10197=DIRECTION('',(0.0261679842649793,0.99931500198837,0.0261679842649793));
#10198=DIRECTION('',(1.,0.,0.));
#10199=DIRECTION('',(-0.0261679842649793,0.99931500198837,0.0261679842649793));
#10200=DIRECTION('',(0.999657324975557,-0.0261769483078731,0.));
#10201=DIRECTION('',(-0.0261769483078732,-0.999657324975557,0.));
#10202=DIRECTION('',(3.4929666650895E-19,1.33391015315638E-17,1.));
#10203=DIRECTION('',(0.0261679842649793,0.99931500198837,-0.0261679842649793));
#10204=DIRECTION('',(4.54085666461636E-18,1.73408319910329E-16,-1.));
#10205=DIRECTION('',(0.,-0.0261769483078731,-0.999657324975557));
#10206=DIRECTION('',(0.,-0.999657324975557,0.0261769483078732));
#10207=DIRECTION('',(1.,0.,0.));
#10208=DIRECTION('',(-0.0261679842649793,0.99931500198837,-0.0261679842649793));
#10209=DIRECTION('',(-1.,0.,0.));
#10210=DIRECTION('',(-0.999657324975557,-0.0261769483078731,0.));
#10211=DIRECTION('',(0.0261769483078732,-0.999657324975557,0.));
#10212=DIRECTION('',(3.4929666650895E-19,-1.33391015315638E-17,-1.));
#10213=DIRECTION('',(4.54085666461636E-18,-1.73408319910329E-16,1.));
#10214=DIRECTION('',(0.,-0.0261769483078731,0.999657324975557));
#10215=DIRECTION('',(0.,-0.999657324975557,-0.0261769483078732));
#10216=DIRECTION('',(-1.,0.,0.));
#10217=DIRECTION('',(0.0261679842649793,0.99931500198837,0.0261679842649793));
#10218=DIRECTION('',(1.,0.,0.));
#10219=DIRECTION('',(-0.0261679842649793,0.99931500198837,0.0261679842649793));
#10220=DIRECTION('',(0.999657324975557,-0.0261769483078731,0.));
#10221=DIRECTION('',(-0.0261769483078732,-0.999657324975557,0.));
#10222=DIRECTION('',(3.4929666650895E-19,1.33391015315638E-17,1.));
#10223=DIRECTION('',(0.0261679842649793,0.99931500198837,-0.0261679842649793));
#10224=DIRECTION('',(4.54085666461636E-18,1.73408319910329E-16,-1.));
#10225=DIRECTION('',(0.,-0.0261769483078731,-0.999657324975557));
#10226=DIRECTION('',(0.,-0.999657324975557,0.0261769483078732));
#10227=DIRECTION('',(1.,0.,0.));
#10228=DIRECTION('',(-0.0261679842649793,0.99931500198837,-0.0261679842649793));
#10229=DIRECTION('',(-1.,0.,0.));
#10230=DIRECTION('',(-0.999657324975557,-0.0261769483078731,0.));
#10231=DIRECTION('',(0.0261769483078732,-0.999657324975557,0.));
#10232=DIRECTION('',(3.4929666650895E-19,-1.33391015315638E-17,-1.));
#10233=DIRECTION('',(4.54085666461636E-18,-1.73408319910329E-16,1.));
#10234=DIRECTION('',(0.,-0.0261769483078731,0.999657324975557));
#10235=DIRECTION('',(0.,-0.999657324975557,-0.0261769483078732));
#10236=DIRECTION('',(-1.,0.,0.));
#10237=DIRECTION('',(0.0261679842649793,0.99931500198837,0.0261679842649793));
#10238=DIRECTION('',(1.,0.,0.));
#10239=DIRECTION('',(-0.0261679842649793,0.99931500198837,0.0261679842649793));
#10240=DIRECTION('',(0.999657324975557,-0.0261769483078731,0.));
#10241=DIRECTION('',(-0.0261769483078732,-0.999657324975557,0.));
#10242=DIRECTION('',(3.4929666650895E-19,1.33391015315638E-17,1.));
#10243=DIRECTION('',(0.0261679842649793,0.99931500198837,-0.0261679842649793));
#10244=DIRECTION('',(4.54085666461636E-18,1.73408319910329E-16,-1.));
#10245=DIRECTION('',(0.,-0.0261769483078731,-0.999657324975557));
#10246=DIRECTION('',(0.,-0.999657324975557,0.0261769483078732));
#10247=DIRECTION('',(1.,0.,0.));
#10248=DIRECTION('',(-0.0261679842649793,0.99931500198837,-0.0261679842649793));
#10249=DIRECTION('',(-1.,0.,0.));
#10250=DIRECTION('',(-0.999657324975557,-0.0261769483078731,0.));
#10251=DIRECTION('',(0.0261769483078732,-0.999657324975557,0.));
#10252=DIRECTION('',(3.4929666650895E-19,-1.33391015315638E-17,-1.));
#10253=DIRECTION('',(4.54085666461636E-18,-1.73408319910329E-16,1.));
#10254=DIRECTION('',(0.,-0.0261769483078731,0.999657324975557));
#10255=DIRECTION('',(0.,-0.999657324975557,-0.0261769483078732));
#10256=DIRECTION('',(-1.,0.,0.));
#10257=DIRECTION('',(0.0261679842649793,0.99931500198837,0.0261679842649793));
#10258=DIRECTION('',(1.,0.,0.));
#10259=DIRECTION('',(-0.0261679842649793,0.99931500198837,0.0261679842649793));
#10260=DIRECTION('',(0.999657324975557,-0.0261769483078731,0.));
#10261=DIRECTION('',(-0.0261769483078732,-0.999657324975557,0.));
#10262=DIRECTION('',(3.4929666650895E-19,1.33391015315638E-17,1.));
#10263=DIRECTION('',(0.0261679842649793,0.99931500198837,-0.0261679842649793));
#10264=DIRECTION('',(4.54085666461636E-18,1.73408319910329E-16,-1.));
#10265=DIRECTION('',(0.,-0.0261769483078731,-0.999657324975557));
#10266=DIRECTION('',(0.,-0.999657324975557,0.0261769483078732));
#10267=DIRECTION('',(1.,0.,0.));
#10268=DIRECTION('',(-0.0261679842649793,0.99931500198837,-0.0261679842649793));
#10269=DIRECTION('',(-1.,0.,0.));
#10270=DIRECTION('',(-0.999657324975557,-0.0261769483078731,0.));
#10271=DIRECTION('',(0.0261769483078732,-0.999657324975557,0.));
#10272=DIRECTION('',(3.4929666650895E-19,-1.33391015315638E-17,-1.));
#10273=DIRECTION('',(4.54085666461636E-18,-1.73408319910329E-16,1.));
#10274=DIRECTION('',(0.,-0.0261769483078731,0.999657324975557));
#10275=DIRECTION('',(0.,-0.999657324975557,-0.0261769483078732));
#10276=DIRECTION('',(-1.,0.,0.));
#10277=DIRECTION('',(0.0261679842649793,0.99931500198837,0.0261679842649793));
#10278=DIRECTION('',(1.,0.,0.));
#10279=DIRECTION('',(-0.0261679842649793,0.99931500198837,0.0261679842649793));
#10280=DIRECTION('',(0.999657324975557,-0.0261769483078731,0.));
#10281=DIRECTION('',(-0.0261769483078732,-0.999657324975557,0.));
#10282=DIRECTION('',(3.4929666650895E-19,1.33391015315638E-17,1.));
#10283=DIRECTION('',(0.0261679842649793,0.99931500198837,-0.0261679842649793));
#10284=DIRECTION('',(4.54085666461636E-18,1.73408319910329E-16,-1.));
#10285=DIRECTION('',(0.,-0.0261769483078731,-0.999657324975557));
#10286=DIRECTION('',(0.,-0.999657324975557,0.0261769483078732));
#10287=DIRECTION('',(1.,0.,0.));
#10288=DIRECTION('',(-0.0261679842649793,0.99931500198837,-0.0261679842649793));
#10289=DIRECTION('',(-1.,0.,0.));
#10290=DIRECTION('',(-0.999657324975557,-0.0261769483078731,0.));
#10291=DIRECTION('',(0.0261769483078732,-0.999657324975557,0.));
#10292=DIRECTION('',(3.4929666650895E-19,-1.33391015315638E-17,-1.));
#10293=DIRECTION('',(4.54085666461636E-18,-1.73408319910329E-16,1.));
#10294=DIRECTION('',(0.,-0.0261769483078731,0.999657324975557));
#10295=DIRECTION('',(0.,-0.999657324975557,-0.0261769483078732));
#10296=DIRECTION('',(-1.,0.,0.));
#10297=DIRECTION('',(0.0261679842649793,0.99931500198837,0.0261679842649793));
#10298=DIRECTION('',(1.,0.,0.));
#10299=DIRECTION('',(-0.0261679842649793,0.99931500198837,0.0261679842649793));
#10300=DIRECTION('',(0.999657324975557,-0.0261769483078731,0.));
#10301=DIRECTION('',(-0.0261769483078732,-0.999657324975557,0.));
#10302=DIRECTION('',(3.4929666650895E-19,1.33391015315638E-17,1.));
#10303=DIRECTION('',(0.0261679842649793,0.99931500198837,-0.0261679842649793));
#10304=DIRECTION('',(4.54085666461636E-18,1.73408319910329E-16,-1.));
#10305=DIRECTION('',(0.,-0.0261769483078731,-0.999657324975557));
#10306=DIRECTION('',(0.,-0.999657324975557,0.0261769483078732));
#10307=DIRECTION('',(1.,0.,0.));
#10308=DIRECTION('',(-0.0261679842649793,0.99931500198837,-0.0261679842649793));
#10309=DIRECTION('',(-1.,0.,0.));
#10310=DIRECTION('',(-0.999657324975557,-0.0261769483078731,0.));
#10311=DIRECTION('',(0.0261769483078732,-0.999657324975557,0.));
#10312=DIRECTION('',(3.4929666650895E-19,-1.33391015315638E-17,-1.));
#10313=DIRECTION('',(4.54085666461636E-18,-1.73408319910329E-16,1.));
#10314=DIRECTION('',(0.,-0.0261769483078731,0.999657324975557));
#10315=DIRECTION('',(0.,-0.999657324975557,-0.0261769483078732));
#10316=DIRECTION('',(-1.,0.,0.));
#10317=DIRECTION('',(0.0261679842649793,0.99931500198837,0.0261679842649793));
#10318=DIRECTION('',(1.,0.,0.));
#10319=DIRECTION('',(-0.0261679842649793,0.99931500198837,0.0261679842649793));
#10320=DIRECTION('',(0.999657324975557,-0.0261769483078731,0.));
#10321=DIRECTION('',(-0.0261769483078732,-0.999657324975557,0.));
#10322=DIRECTION('',(3.4929666650895E-19,1.33391015315638E-17,1.));
#10323=DIRECTION('',(0.0261679842649793,0.99931500198837,-0.0261679842649793));
#10324=DIRECTION('',(4.54085666461636E-18,1.73408319910329E-16,-1.));
#10325=DIRECTION('',(0.,-0.0261769483078731,-0.999657324975557));
#10326=DIRECTION('',(0.,-0.999657324975557,0.0261769483078732));
#10327=DIRECTION('',(1.,0.,0.));
#10328=DIRECTION('',(-0.0261679842649793,0.99931500198837,-0.0261679842649793));
#10329=DIRECTION('',(-1.,0.,0.));
#10330=DIRECTION('',(-0.999657324975557,-0.0261769483078731,0.));
#10331=DIRECTION('',(0.0261769483078732,-0.999657324975557,0.));
#10332=DIRECTION('',(3.4929666650895E-19,-1.33391015315638E-17,-1.));
#10333=DIRECTION('',(4.54085666461636E-18,-1.73408319910329E-16,1.));
#10334=DIRECTION('',(0.,-0.0261769483078731,0.999657324975557));
#10335=DIRECTION('',(0.,-0.999657324975557,-0.0261769483078732));
#10336=DIRECTION('',(-1.,0.,0.));
#10337=DIRECTION('',(0.0261679842649793,0.99931500198837,0.0261679842649793));
#10338=DIRECTION('',(1.,0.,0.));
#10339=DIRECTION('',(-0.0261679842649793,0.99931500198837,0.0261679842649793));
#10340=DIRECTION('',(0.999657324975557,-0.0261769483078731,0.));
#10341=DIRECTION('',(-0.0261769483078732,-0.999657324975557,0.));
#10342=DIRECTION('',(3.4929666650895E-19,1.33391015315638E-17,1.));
#10343=DIRECTION('',(0.0261679842649793,0.99931500198837,-0.0261679842649793));
#10344=DIRECTION('',(4.54085666461636E-18,1.73408319910329E-16,-1.));
#10345=DIRECTION('',(0.,-0.0261769483078731,-0.999657324975557));
#10346=DIRECTION('',(0.,-0.999657324975557,0.0261769483078732));
#10347=DIRECTION('',(1.,0.,0.));
#10348=DIRECTION('',(-0.0261679842649793,0.99931500198837,-0.0261679842649793));
#10349=DIRECTION('',(-1.,0.,0.));
#10350=DIRECTION('',(-0.999657324975557,-0.0261769483078731,0.));
#10351=DIRECTION('',(0.0261769483078732,-0.999657324975557,0.));
#10352=DIRECTION('',(3.4929666650895E-19,-1.33391015315638E-17,-1.));
#10353=DIRECTION('',(4.54085666461636E-18,-1.73408319910329E-16,1.));
#10354=DIRECTION('',(0.,-0.0261769483078731,0.999657324975557));
#10355=DIRECTION('',(0.,-0.999657324975557,-0.0261769483078732));
#10356=DIRECTION('',(-1.,0.,0.));
#10357=DIRECTION('',(0.0261679842649793,0.99931500198837,0.0261679842649793));
#10358=DIRECTION('',(1.,0.,0.));
#10359=DIRECTION('',(-0.0261679842649793,0.99931500198837,0.0261679842649793));
#10360=DIRECTION('',(0.999657324975557,-0.0261769483078731,0.));
#10361=DIRECTION('',(-0.0261769483078732,-0.999657324975557,0.));
#10362=DIRECTION('',(3.4929666650895E-19,1.33391015315638E-17,1.));
#10363=DIRECTION('',(0.0261679842649793,0.99931500198837,-0.0261679842649793));
#10364=DIRECTION('',(4.54085666461636E-18,1.73408319910329E-16,-1.));
#10365=DIRECTION('',(0.,-0.0261769483078731,-0.999657324975557));
#10366=DIRECTION('',(0.,-0.999657324975557,0.0261769483078732));
#10367=DIRECTION('',(1.,0.,0.));
#10368=DIRECTION('',(-0.0261679842649793,0.99931500198837,-0.0261679842649793));
#10369=DIRECTION('',(-1.,0.,0.));
#10370=DIRECTION('',(-0.999657324975557,-0.0261769483078731,0.));
#10371=DIRECTION('',(0.0261769483078732,-0.999657324975557,0.));
#10372=DIRECTION('',(3.4929666650895E-19,-1.33391015315638E-17,-1.));
#10373=DIRECTION('',(4.54085666461636E-18,-1.73408319910329E-16,1.));
#10374=DIRECTION('',(0.,0.,-1.));
#10375=DIRECTION('',(-1.,0.,0.));
#10376=DIRECTION('',(0.,-1.,0.));
#10377=DIRECTION('',(-1.,0.,0.));
#10378=DIRECTION('',(0.,1.,0.));
#10379=DIRECTION('',(-1.,0.,0.));
#10380=DIRECTION('',(0.,0.,-1.));
#10381=DIRECTION('',(-1.,0.,0.));
#10382=DIRECTION('',(0.,-1.,0.));
#10383=DIRECTION('',(-1.,0.,0.));
#10384=DIRECTION('',(0.,1.,0.));
#10385=DIRECTION('',(-1.,0.,0.));
#10386=DIRECTION('',(0.,0.,-1.));
#10387=DIRECTION('',(-1.,0.,0.));
#10388=DIRECTION('',(0.,-1.,0.));
#10389=DIRECTION('',(-1.,0.,0.));
#10390=DIRECTION('',(0.,1.,0.));
#10391=DIRECTION('',(-1.,0.,0.));
#10392=DIRECTION('',(0.,0.,-1.));
#10393=DIRECTION('',(-1.,0.,0.));
#10394=DIRECTION('',(0.,-1.,0.));
#10395=DIRECTION('',(-1.,0.,0.));
#10396=DIRECTION('',(0.,1.,0.));
#10397=DIRECTION('',(-1.,0.,0.));
#10398=DIRECTION('',(0.,0.,-1.));
#10399=DIRECTION('',(-1.,0.,0.));
#10400=DIRECTION('',(0.,-1.,0.));
#10401=DIRECTION('',(-1.,0.,0.));
#10402=DIRECTION('',(0.,1.,0.));
#10403=DIRECTION('',(-1.,0.,0.));
#10404=DIRECTION('',(0.,0.,-1.));
#10405=DIRECTION('',(-1.,0.,0.));
#10406=DIRECTION('',(0.,-1.,0.));
#10407=DIRECTION('',(-1.,0.,0.));
#10408=DIRECTION('',(0.,1.,0.));
#10409=DIRECTION('',(-1.,0.,0.));
#10410=DIRECTION('',(0.,0.,-1.));
#10411=DIRECTION('',(-1.,0.,0.));
#10412=DIRECTION('',(0.,-1.,0.));
#10413=DIRECTION('',(-1.,0.,0.));
#10414=DIRECTION('',(0.,1.,0.));
#10415=DIRECTION('',(-1.,0.,0.));
#10416=DIRECTION('',(0.,1.,0.));
#10417=DIRECTION('',(0.,0.,1.));
#10418=DIRECTION('',(0.,0.,-1.));
#10419=DIRECTION('',(0.,0.,-1.));
#10420=DIRECTION('',(-1.,0.,0.));
#10421=DIRECTION('',(0.,1.,0.));
#10422=DIRECTION('',(0.,0.,1.));
#10423=DIRECTION('',(0.,0.,-1.));
#10424=DIRECTION('',(0.,0.,-1.));
#10425=DIRECTION('',(-1.,0.,0.));
#10426=DIRECTION('',(0.,1.,0.));
#10427=DIRECTION('',(0.,0.,1.));
#10428=DIRECTION('',(0.,0.,-1.));
#10429=DIRECTION('',(0.,0.,-1.));
#10430=DIRECTION('',(-1.,0.,0.));
#10431=DIRECTION('',(0.,1.,0.));
#10432=DIRECTION('',(0.,0.,1.));
#10433=DIRECTION('',(0.,0.,-1.));
#10434=DIRECTION('',(0.,0.,-1.));
#10435=DIRECTION('',(-1.,0.,0.));
#10436=DIRECTION('',(0.,1.,0.));
#10437=DIRECTION('',(0.,0.,1.));
#10438=DIRECTION('',(0.,0.,-1.));
#10439=DIRECTION('',(0.,0.,-1.));
#10440=DIRECTION('',(-1.,0.,0.));
#10441=DIRECTION('',(0.,1.,0.));
#10442=DIRECTION('',(0.,0.,1.));
#10443=DIRECTION('',(0.,0.,-1.));
#10444=DIRECTION('',(0.,0.,-1.));
#10445=DIRECTION('',(-1.,0.,0.));
#10446=DIRECTION('',(0.,1.,0.));
#10447=DIRECTION('',(0.,0.,1.));
#10448=DIRECTION('',(0.,0.,-1.));
#10449=DIRECTION('',(0.,0.,-1.));
#10450=DIRECTION('',(-1.,0.,0.));
#10451=DIRECTION('',(0.,-2.89390677294943E-16,1.));
#10452=DIRECTION('',(0.,-1.,-2.89390677294943E-16));
#10453=DIRECTION('',(0.,1.,2.89390677294943E-16));
#10454=DIRECTION('',(0.,-1.,-2.89390677294943E-16));
#10455=DIRECTION('',(-1.,0.,0.));
#10456=DIRECTION('',(0.,-2.89390677294943E-16,1.));
#10457=DIRECTION('',(0.,-1.,-2.89390677294943E-16));
#10458=DIRECTION('',(0.,1.,2.89390677294943E-16));
#10459=DIRECTION('',(0.,-1.,-2.89390677294943E-16));
#10460=DIRECTION('',(-1.,0.,0.));
#10461=DIRECTION('',(0.,-2.89390677294943E-16,1.));
#10462=DIRECTION('',(0.,-1.,-2.89390677294943E-16));
#10463=DIRECTION('',(0.,1.,2.89390677294943E-16));
#10464=DIRECTION('',(0.,-1.,-2.89390677294943E-16));
#10465=DIRECTION('',(-1.,0.,0.));
#10466=DIRECTION('',(0.,-2.89390677294943E-16,1.));
#10467=DIRECTION('',(0.,-1.,-2.89390677294943E-16));
#10468=DIRECTION('',(0.,1.,2.89390677294943E-16));
#10469=DIRECTION('',(0.,-1.,-2.89390677294943E-16));
#10470=DIRECTION('',(-1.,0.,0.));
#10471=DIRECTION('',(0.,-2.89390677294943E-16,1.));
#10472=DIRECTION('',(0.,-1.,-2.89390677294943E-16));
#10473=DIRECTION('',(0.,1.,2.89390677294943E-16));
#10474=DIRECTION('',(0.,-1.,-2.89390677294943E-16));
#10475=DIRECTION('',(-1.,0.,0.));
#10476=DIRECTION('',(0.,-2.89390677294943E-16,1.));
#10477=DIRECTION('',(0.,-1.,-2.89390677294943E-16));
#10478=DIRECTION('',(0.,1.,2.89390677294943E-16));
#10479=DIRECTION('',(0.,-1.,-2.89390677294943E-16));
#10480=DIRECTION('',(-1.,0.,0.));
#10481=DIRECTION('',(0.,-2.89390677294943E-16,1.));
#10482=DIRECTION('',(0.,-1.,-2.89390677294943E-16));
#10483=DIRECTION('',(0.,1.,2.89390677294943E-16));
#10484=DIRECTION('',(0.,-1.,-2.89390677294943E-16));
#10485=DIRECTION('',(-1.,0.,0.));
#10486=DIRECTION('',(-1.,0.,0.));
#10487=DIRECTION('',(0.,0.,1.));
#10488=DIRECTION('',(-1.,0.,0.));
#10489=DIRECTION('',(1.,0.,0.));
#10490=DIRECTION('',(0.,0.,-1.));
#10491=DIRECTION('',(-1.,0.,0.));
#10492=DIRECTION('',(0.,0.,1.));
#10493=DIRECTION('',(-1.,0.,0.));
#10494=DIRECTION('',(0.,0.,1.));
#10495=DIRECTION('',(-1.,0.,0.));
#10496=DIRECTION('',(1.,0.,0.));
#10497=DIRECTION('',(0.,0.,-1.));
#10498=DIRECTION('',(-1.,0.,0.));
#10499=DIRECTION('',(0.,0.,1.));
#10500=DIRECTION('',(-1.,0.,0.));
#10501=DIRECTION('',(0.,0.,1.));
#10502=DIRECTION('',(-1.,0.,0.));
#10503=DIRECTION('',(1.,0.,0.));
#10504=DIRECTION('',(0.,0.,-1.));
#10505=DIRECTION('',(-1.,0.,0.));
#10506=DIRECTION('',(0.,0.,1.));
#10507=DIRECTION('',(-1.,0.,0.));
#10508=DIRECTION('',(0.,0.,1.));
#10509=DIRECTION('',(-1.,0.,0.));
#10510=DIRECTION('',(1.,0.,0.));
#10511=DIRECTION('',(0.,0.,-1.));
#10512=DIRECTION('',(-1.,0.,0.));
#10513=DIRECTION('',(0.,0.,1.));
#10514=DIRECTION('',(-1.,0.,0.));
#10515=DIRECTION('',(0.,0.,1.));
#10516=DIRECTION('',(-1.,0.,0.));
#10517=DIRECTION('',(1.,0.,0.));
#10518=DIRECTION('',(0.,0.,-1.));
#10519=DIRECTION('',(-1.,0.,0.));
#10520=DIRECTION('',(0.,0.,1.));
#10521=DIRECTION('',(-1.,0.,0.));
#10522=DIRECTION('',(0.,0.,1.));
#10523=DIRECTION('',(-1.,0.,0.));
#10524=DIRECTION('',(1.,0.,0.));
#10525=DIRECTION('',(0.,0.,-1.));
#10526=DIRECTION('',(-1.,0.,0.));
#10527=DIRECTION('',(0.,0.,1.));
#10528=DIRECTION('',(-1.,0.,0.));
#10529=DIRECTION('',(0.,0.,1.));
#10530=DIRECTION('',(-1.,0.,0.));
#10531=DIRECTION('',(1.,0.,0.));
#10532=DIRECTION('',(0.,0.,-1.));
#10533=DIRECTION('',(-1.,0.,0.));
#10534=DIRECTION('',(0.,0.,1.));
#10535=DIRECTION('',(0.,1.,0.));
#10536=DIRECTION('',(0.,0.,1.));
#10537=DIRECTION('',(0.,0.,-1.));
#10538=DIRECTION('',(0.,0.,1.));
#10539=DIRECTION('',(-1.,0.,0.));
#10540=DIRECTION('',(0.,1.,0.));
#10541=DIRECTION('',(0.,0.,1.));
#10542=DIRECTION('',(0.,0.,-1.));
#10543=DIRECTION('',(0.,0.,1.));
#10544=DIRECTION('',(-1.,0.,0.));
#10545=DIRECTION('',(0.,1.,0.));
#10546=DIRECTION('',(0.,0.,1.));
#10547=DIRECTION('',(0.,0.,-1.));
#10548=DIRECTION('',(0.,0.,1.));
#10549=DIRECTION('',(-1.,0.,0.));
#10550=DIRECTION('',(0.,1.,0.));
#10551=DIRECTION('',(0.,0.,1.));
#10552=DIRECTION('',(0.,0.,-1.));
#10553=DIRECTION('',(0.,0.,1.));
#10554=DIRECTION('',(-1.,0.,0.));
#10555=DIRECTION('',(0.,1.,0.));
#10556=DIRECTION('',(0.,0.,1.));
#10557=DIRECTION('',(0.,0.,-1.));
#10558=DIRECTION('',(0.,0.,1.));
#10559=DIRECTION('',(-1.,0.,0.));
#10560=DIRECTION('',(0.,1.,0.));
#10561=DIRECTION('',(0.,0.,1.));
#10562=DIRECTION('',(0.,0.,-1.));
#10563=DIRECTION('',(0.,0.,1.));
#10564=DIRECTION('',(-1.,0.,0.));
#10565=DIRECTION('',(0.,1.,0.));
#10566=DIRECTION('',(0.,0.,1.));
#10567=DIRECTION('',(0.,0.,-1.));
#10568=DIRECTION('',(0.,0.,1.));
#10569=DIRECTION('',(-1.,0.,0.));
#10570=DIRECTION('',(-1.,0.,0.));
#10571=DIRECTION('',(0.,0.,1.));
#10572=DIRECTION('',(1.,0.,0.));
#10573=DIRECTION('',(0.,0.,-1.));
#10574=DIRECTION('',(-1.,0.,0.));
#10575=DIRECTION('',(0.,0.,1.));
#10576=DIRECTION('',(-1.,0.,0.));
#10577=DIRECTION('',(-1.,0.,0.));
#10578=DIRECTION('',(0.,0.,1.));
#10579=DIRECTION('',(1.,0.,0.));
#10580=DIRECTION('',(0.,0.,-1.));
#10581=DIRECTION('',(-1.,0.,0.));
#10582=DIRECTION('',(0.,0.,1.));
#10583=DIRECTION('',(-1.,0.,0.));
#10584=DIRECTION('',(-1.,0.,0.));
#10585=DIRECTION('',(0.,0.,1.));
#10586=DIRECTION('',(1.,0.,0.));
#10587=DIRECTION('',(0.,0.,-1.));
#10588=DIRECTION('',(-1.,0.,0.));
#10589=DIRECTION('',(0.,0.,1.));
#10590=DIRECTION('',(-1.,0.,0.));
#10591=DIRECTION('',(-1.,0.,0.));
#10592=DIRECTION('',(0.,0.,1.));
#10593=DIRECTION('',(1.,0.,0.));
#10594=DIRECTION('',(0.,0.,-1.));
#10595=DIRECTION('',(-1.,0.,0.));
#10596=DIRECTION('',(0.,0.,1.));
#10597=DIRECTION('',(-1.,0.,0.));
#10598=DIRECTION('',(-1.,0.,0.));
#10599=DIRECTION('',(0.,0.,1.));
#10600=DIRECTION('',(1.,0.,0.));
#10601=DIRECTION('',(0.,0.,-1.));
#10602=DIRECTION('',(-1.,0.,0.));
#10603=DIRECTION('',(0.,0.,1.));
#10604=DIRECTION('',(-1.,0.,0.));
#10605=DIRECTION('',(-1.,0.,0.));
#10606=DIRECTION('',(0.,0.,1.));
#10607=DIRECTION('',(1.,0.,0.));
#10608=DIRECTION('',(0.,0.,-1.));
#10609=DIRECTION('',(-1.,0.,0.));
#10610=DIRECTION('',(0.,0.,1.));
#10611=DIRECTION('',(-1.,0.,0.));
#10612=DIRECTION('',(-1.,0.,0.));
#10613=DIRECTION('',(0.,0.,1.));
#10614=DIRECTION('',(1.,0.,0.));
#10615=DIRECTION('',(0.,0.,-1.));
#10616=DIRECTION('',(-1.,0.,0.));
#10617=DIRECTION('',(0.,0.,1.));
#10618=DIRECTION('',(-1.,0.,0.));
#10619=DIRECTION('',(0.,0.,1.));
#10620=DIRECTION('',(1.,0.,0.));
#10621=DIRECTION('',(1.,0.,0.));
#10622=DIRECTION('',(0.,1.,0.));
#10623=DIRECTION('',(0.,-1.,0.));
#10624=DIRECTION('',(1.,0.,0.));
#10625=DIRECTION('',(0.,1.,0.));
#10626=DIRECTION('',(0.,-1.,0.));
#10627=DIRECTION('',(1.,0.,0.));
#10628=DIRECTION('',(0.,1.,0.));
#10629=DIRECTION('',(0.,-1.,0.));
#10630=DIRECTION('',(1.,0.,0.));
#10631=DIRECTION('',(0.,1.,0.));
#10632=DIRECTION('',(0.,-1.,0.));
#10633=DIRECTION('',(1.,0.,0.));
#10634=DIRECTION('',(0.,1.,0.));
#10635=DIRECTION('',(0.,-1.,0.));
#10636=DIRECTION('',(1.,0.,0.));
#10637=DIRECTION('',(0.,1.,0.));
#10638=DIRECTION('',(0.,-1.,0.));
#10639=DIRECTION('',(1.,0.,0.));
#10640=DIRECTION('',(0.,1.,0.));
#10641=DIRECTION('',(0.,-1.,0.));
#10642=DIRECTION('',(1.,0.,0.));
#10643=DIRECTION('',(-1.,0.,0.));
#10644=DIRECTION('',(0.,0.,-1.));
#10645=DIRECTION('',(-1.,0.,0.));
#10646=DIRECTION('',(-1.,0.,0.));
#10647=DIRECTION('',(-1.,0.,0.));
#10648=DIRECTION('',(-1.,0.,0.));
#10649=DIRECTION('',(0.,1.,0.));
#10650=DIRECTION('',(-1.,0.,0.));
#10651=DIRECTION('',(0.,-1.,0.));
#10652=DIRECTION('',(-1.,0.,0.));
#10653=DIRECTION('',(0.,1.,0.));
#10654=DIRECTION('',(-1.,0.,0.));
#10655=DIRECTION('',(0.,-1.,0.));
#10656=DIRECTION('',(-1.,0.,0.));
#10657=DIRECTION('',(0.,1.,0.));
#10658=DIRECTION('',(-1.,0.,0.));
#10659=DIRECTION('',(0.,-1.,0.));
#10660=DIRECTION('',(-1.,0.,0.));
#10661=DIRECTION('',(0.,1.,0.));
#10662=DIRECTION('',(-1.,0.,0.));
#10663=DIRECTION('',(0.,-1.,0.));
#10664=DIRECTION('',(-1.,0.,0.));
#10665=DIRECTION('',(0.,1.,0.));
#10666=DIRECTION('',(-1.,0.,0.));
#10667=DIRECTION('',(0.,-1.,0.));
#10668=DIRECTION('',(-1.,0.,0.));
#10669=DIRECTION('',(0.,1.,0.));
#10670=DIRECTION('',(-1.,0.,0.));
#10671=DIRECTION('',(0.,-1.,0.));
#10672=DIRECTION('',(-1.,0.,0.));
#10673=DIRECTION('',(0.,1.,0.));
#10674=DIRECTION('',(-1.,0.,0.));
#10675=DIRECTION('',(0.,-1.,0.));
#10676=DIRECTION('',(-1.,0.,0.));
#10677=DIRECTION('',(0.,0.,1.));
#10678=DIRECTION('',(1.,0.,0.));
#10679=DIRECTION('',(0.,0.,-1.));
#10680=DIRECTION('',(-1.,0.,0.));
#10681=DIRECTION('',(0.,0.,1.));
#10682=DIRECTION('',(-1.,0.,0.));
#10683=DIRECTION('',(-1.,0.,0.));
#10684=DIRECTION('',(0.,0.,1.));
#10685=DIRECTION('',(1.,0.,0.));
#10686=DIRECTION('',(0.,0.,-1.));
#10687=DIRECTION('',(-1.,0.,0.));
#10688=DIRECTION('',(0.,0.,1.));
#10689=DIRECTION('',(-1.,0.,0.));
#10690=DIRECTION('',(-1.,0.,0.));
#10691=DIRECTION('',(0.,0.,1.));
#10692=DIRECTION('',(1.,0.,0.));
#10693=DIRECTION('',(0.,0.,-1.));
#10694=DIRECTION('',(-1.,0.,0.));
#10695=DIRECTION('',(0.,0.,1.));
#10696=DIRECTION('',(-1.,0.,0.));
#10697=DIRECTION('',(-1.,0.,0.));
#10698=DIRECTION('',(0.,0.,1.));
#10699=DIRECTION('',(1.,0.,0.));
#10700=DIRECTION('',(0.,0.,-1.));
#10701=DIRECTION('',(-1.,0.,0.));
#10702=DIRECTION('',(0.,0.,1.));
#10703=DIRECTION('',(-1.,0.,0.));
#10704=DIRECTION('',(-1.,0.,0.));
#10705=DIRECTION('',(0.,0.,1.));
#10706=DIRECTION('',(1.,0.,0.));
#10707=DIRECTION('',(0.,0.,-1.));
#10708=DIRECTION('',(-1.,0.,0.));
#10709=DIRECTION('',(0.,0.,1.));
#10710=DIRECTION('',(-1.,0.,0.));
#10711=DIRECTION('',(-1.,0.,0.));
#10712=DIRECTION('',(0.,0.,1.));
#10713=DIRECTION('',(1.,0.,0.));
#10714=DIRECTION('',(0.,0.,-1.));
#10715=DIRECTION('',(-1.,0.,0.));
#10716=DIRECTION('',(0.,0.,1.));
#10717=DIRECTION('',(-1.,0.,0.));
#10718=DIRECTION('',(-1.,0.,0.));
#10719=DIRECTION('',(0.,0.,1.));
#10720=DIRECTION('',(1.,0.,0.));
#10721=DIRECTION('',(0.,0.,-1.));
#10722=DIRECTION('',(-1.,0.,0.));
#10723=DIRECTION('',(0.,0.,1.));
#10724=DIRECTION('',(-1.,0.,0.));
#10725=DIRECTION('',(0.,1.,0.));
#10726=DIRECTION('',(0.,0.,1.));
#10727=DIRECTION('',(0.,0.,-1.));
#10728=DIRECTION('',(0.,0.,1.));
#10729=DIRECTION('',(-1.,0.,0.));
#10730=DIRECTION('',(0.,1.,0.));
#10731=DIRECTION('',(0.,0.,1.));
#10732=DIRECTION('',(0.,0.,-1.));
#10733=DIRECTION('',(0.,0.,1.));
#10734=DIRECTION('',(-1.,0.,0.));
#10735=DIRECTION('',(0.,1.,0.));
#10736=DIRECTION('',(0.,0.,1.));
#10737=DIRECTION('',(0.,0.,-1.));
#10738=DIRECTION('',(0.,0.,1.));
#10739=DIRECTION('',(-1.,0.,0.));
#10740=DIRECTION('',(0.,1.,0.));
#10741=DIRECTION('',(0.,0.,1.));
#10742=DIRECTION('',(0.,0.,-1.));
#10743=DIRECTION('',(0.,0.,1.));
#10744=DIRECTION('',(-1.,0.,0.));
#10745=DIRECTION('',(0.,1.,0.));
#10746=DIRECTION('',(0.,0.,1.));
#10747=DIRECTION('',(0.,0.,-1.));
#10748=DIRECTION('',(0.,0.,1.));
#10749=DIRECTION('',(-1.,0.,0.));
#10750=DIRECTION('',(0.,1.,0.));
#10751=DIRECTION('',(0.,0.,1.));
#10752=DIRECTION('',(0.,0.,-1.));
#10753=DIRECTION('',(0.,0.,1.));
#10754=DIRECTION('',(-1.,0.,0.));
#10755=DIRECTION('',(0.,1.,0.));
#10756=DIRECTION('',(0.,0.,1.));
#10757=DIRECTION('',(0.,0.,-1.));
#10758=DIRECTION('',(0.,0.,1.));
#10759=DIRECTION('',(-1.,0.,0.));
#10760=DIRECTION('',(-1.,0.,0.));
#10761=DIRECTION('',(0.,0.,1.));
#10762=DIRECTION('',(-1.,0.,0.));
#10763=DIRECTION('',(1.,0.,0.));
#10764=DIRECTION('',(0.,0.,-1.));
#10765=DIRECTION('',(-1.,0.,0.));
#10766=DIRECTION('',(0.,0.,1.));
#10767=DIRECTION('',(-1.,0.,0.));
#10768=DIRECTION('',(0.,0.,1.));
#10769=DIRECTION('',(-1.,0.,0.));
#10770=DIRECTION('',(1.,0.,0.));
#10771=DIRECTION('',(0.,0.,-1.));
#10772=DIRECTION('',(-1.,0.,0.));
#10773=DIRECTION('',(0.,0.,1.));
#10774=DIRECTION('',(-1.,0.,0.));
#10775=DIRECTION('',(0.,0.,1.));
#10776=DIRECTION('',(-1.,0.,0.));
#10777=DIRECTION('',(1.,0.,0.));
#10778=DIRECTION('',(0.,0.,-1.));
#10779=DIRECTION('',(-1.,0.,0.));
#10780=DIRECTION('',(0.,0.,1.));
#10781=DIRECTION('',(-1.,0.,0.));
#10782=DIRECTION('',(0.,0.,1.));
#10783=DIRECTION('',(-1.,0.,0.));
#10784=DIRECTION('',(1.,0.,0.));
#10785=DIRECTION('',(0.,0.,-1.));
#10786=DIRECTION('',(-1.,0.,0.));
#10787=DIRECTION('',(0.,0.,1.));
#10788=DIRECTION('',(-1.,0.,0.));
#10789=DIRECTION('',(0.,0.,1.));
#10790=DIRECTION('',(-1.,0.,0.));
#10791=DIRECTION('',(1.,0.,0.));
#10792=DIRECTION('',(0.,0.,-1.));
#10793=DIRECTION('',(-1.,0.,0.));
#10794=DIRECTION('',(0.,0.,1.));
#10795=DIRECTION('',(-1.,0.,0.));
#10796=DIRECTION('',(0.,0.,1.));
#10797=DIRECTION('',(-1.,0.,0.));
#10798=DIRECTION('',(1.,0.,0.));
#10799=DIRECTION('',(0.,0.,-1.));
#10800=DIRECTION('',(-1.,0.,0.));
#10801=DIRECTION('',(0.,0.,1.));
#10802=DIRECTION('',(-1.,0.,0.));
#10803=DIRECTION('',(0.,0.,1.));
#10804=DIRECTION('',(-1.,0.,0.));
#10805=DIRECTION('',(1.,0.,0.));
#10806=DIRECTION('',(0.,0.,-1.));
#10807=DIRECTION('',(-1.,0.,0.));
#10808=DIRECTION('',(0.,0.,1.));
#10809=DIRECTION('',(0.,-2.89390677294943E-16,-1.));
#10810=DIRECTION('',(0.,1.,-2.89390677294943E-16));
#10811=DIRECTION('',(0.,-1.,2.89390677294943E-16));
#10812=DIRECTION('',(0.,1.,-2.89390677294943E-16));
#10813=DIRECTION('',(-1.,0.,0.));
#10814=DIRECTION('',(0.,-2.89390677294943E-16,-1.));
#10815=DIRECTION('',(0.,1.,-2.89390677294943E-16));
#10816=DIRECTION('',(0.,-1.,2.89390677294943E-16));
#10817=DIRECTION('',(0.,1.,-2.89390677294943E-16));
#10818=DIRECTION('',(-1.,0.,0.));
#10819=DIRECTION('',(0.,-2.89390677294943E-16,-1.));
#10820=DIRECTION('',(0.,1.,-2.89390677294943E-16));
#10821=DIRECTION('',(0.,-1.,2.89390677294943E-16));
#10822=DIRECTION('',(0.,1.,-2.89390677294943E-16));
#10823=DIRECTION('',(-1.,0.,0.));
#10824=DIRECTION('',(0.,-2.89390677294943E-16,-1.));
#10825=DIRECTION('',(0.,1.,-2.89390677294943E-16));
#10826=DIRECTION('',(0.,-1.,2.89390677294943E-16));
#10827=DIRECTION('',(0.,1.,-2.89390677294943E-16));
#10828=DIRECTION('',(-1.,0.,0.));
#10829=DIRECTION('',(0.,-2.89390677294943E-16,-1.));
#10830=DIRECTION('',(0.,1.,-2.89390677294943E-16));
#10831=DIRECTION('',(0.,-1.,2.89390677294943E-16));
#10832=DIRECTION('',(0.,1.,-2.89390677294943E-16));
#10833=DIRECTION('',(-1.,0.,0.));
#10834=DIRECTION('',(0.,-2.89390677294943E-16,-1.));
#10835=DIRECTION('',(0.,1.,-2.89390677294943E-16));
#10836=DIRECTION('',(0.,-1.,2.89390677294943E-16));
#10837=DIRECTION('',(0.,1.,-2.89390677294943E-16));
#10838=DIRECTION('',(-1.,0.,0.));
#10839=DIRECTION('',(0.,-2.89390677294943E-16,-1.));
#10840=DIRECTION('',(0.,1.,-2.89390677294943E-16));
#10841=DIRECTION('',(0.,-1.,2.89390677294943E-16));
#10842=DIRECTION('',(0.,1.,-2.89390677294943E-16));
#10843=DIRECTION('',(-1.,0.,0.));
#10844=DIRECTION('',(0.,1.,0.));
#10845=DIRECTION('',(0.,0.,1.));
#10846=DIRECTION('',(0.,0.,-1.));
#10847=DIRECTION('',(0.,0.,-1.));
#10848=DIRECTION('',(-1.,0.,0.));
#10849=DIRECTION('',(0.,1.,0.));
#10850=DIRECTION('',(0.,0.,1.));
#10851=DIRECTION('',(0.,0.,-1.));
#10852=DIRECTION('',(0.,0.,-1.));
#10853=DIRECTION('',(-1.,0.,0.));
#10854=DIRECTION('',(0.,1.,0.));
#10855=DIRECTION('',(0.,0.,1.));
#10856=DIRECTION('',(0.,0.,-1.));
#10857=DIRECTION('',(0.,0.,-1.));
#10858=DIRECTION('',(-1.,0.,0.));
#10859=DIRECTION('',(0.,1.,0.));
#10860=DIRECTION('',(0.,0.,1.));
#10861=DIRECTION('',(0.,0.,-1.));
#10862=DIRECTION('',(0.,0.,-1.));
#10863=DIRECTION('',(-1.,0.,0.));
#10864=DIRECTION('',(0.,1.,0.));
#10865=DIRECTION('',(0.,0.,1.));
#10866=DIRECTION('',(0.,0.,-1.));
#10867=DIRECTION('',(0.,0.,-1.));
#10868=DIRECTION('',(-1.,0.,0.));
#10869=DIRECTION('',(0.,1.,0.));
#10870=DIRECTION('',(0.,0.,1.));
#10871=DIRECTION('',(0.,0.,-1.));
#10872=DIRECTION('',(0.,0.,-1.));
#10873=DIRECTION('',(-1.,0.,0.));
#10874=DIRECTION('',(0.,1.,0.));
#10875=DIRECTION('',(0.,0.,1.));
#10876=DIRECTION('',(0.,0.,-1.));
#10877=DIRECTION('',(0.,0.,-1.));
#10878=DIRECTION('',(-1.,0.,0.));
#10879=DIRECTION('',(0.,0.,1.));
#10880=DIRECTION('',(1.,0.,0.));
#10881=DIRECTION('',(0.,1.,0.));
#10882=DIRECTION('',(0.,-1.,0.));
#10883=DIRECTION('',(-1.,0.,0.));
#10884=DIRECTION('',(0.,0.,1.));
#10885=DIRECTION('',(1.,0.,0.));
#10886=DIRECTION('',(0.,1.,0.));
#10887=DIRECTION('',(0.,-1.,0.));
#10888=DIRECTION('',(-1.,0.,0.));
#10889=DIRECTION('',(0.,0.,1.));
#10890=DIRECTION('',(1.,0.,0.));
#10891=DIRECTION('',(0.,1.,0.));
#10892=DIRECTION('',(0.,-1.,0.));
#10893=DIRECTION('',(-1.,0.,0.));
#10894=DIRECTION('',(0.,0.,1.));
#10895=DIRECTION('',(1.,0.,0.));
#10896=DIRECTION('',(0.,1.,0.));
#10897=DIRECTION('',(0.,-1.,0.));
#10898=DIRECTION('',(-1.,0.,0.));
#10899=DIRECTION('',(0.,0.,1.));
#10900=DIRECTION('',(1.,0.,0.));
#10901=DIRECTION('',(0.,1.,0.));
#10902=DIRECTION('',(0.,-1.,0.));
#10903=DIRECTION('',(-1.,0.,0.));
#10904=DIRECTION('',(0.,0.,1.));
#10905=DIRECTION('',(1.,0.,0.));
#10906=DIRECTION('',(0.,1.,0.));
#10907=DIRECTION('',(0.,-1.,0.));
#10908=DIRECTION('',(-1.,0.,0.));
#10909=DIRECTION('',(0.,0.,1.));
#10910=DIRECTION('',(1.,0.,0.));
#10911=DIRECTION('',(0.,1.,0.));
#10912=DIRECTION('',(0.,-1.,0.));
#10913=DIRECTION('',(-1.,0.,0.));
#10914=DIRECTION('',(-1.,0.,0.));
#10915=DIRECTION('',(0.,0.,1.));
#10916=DIRECTION('',(1.,0.,0.));
#10917=DIRECTION('',(0.,0.,-1.));
#10918=DIRECTION('',(-1.,0.,0.));
#10919=DIRECTION('',(0.,0.,1.));
#10920=DIRECTION('',(-1.,0.,0.));
#10921=DIRECTION('',(-1.,0.,0.));
#10922=DIRECTION('',(0.,0.,1.));
#10923=DIRECTION('',(1.,0.,0.));
#10924=DIRECTION('',(0.,0.,-1.));
#10925=DIRECTION('',(-1.,0.,0.));
#10926=DIRECTION('',(0.,0.,1.));
#10927=DIRECTION('',(-1.,0.,0.));
#10928=DIRECTION('',(-1.,0.,0.));
#10929=DIRECTION('',(0.,0.,1.));
#10930=DIRECTION('',(1.,0.,0.));
#10931=DIRECTION('',(0.,0.,-1.));
#10932=DIRECTION('',(-1.,0.,0.));
#10933=DIRECTION('',(0.,0.,1.));
#10934=DIRECTION('',(-1.,0.,0.));
#10935=DIRECTION('',(-1.,0.,0.));
#10936=DIRECTION('',(0.,0.,1.));
#10937=DIRECTION('',(1.,0.,0.));
#10938=DIRECTION('',(0.,0.,-1.));
#10939=DIRECTION('',(-1.,0.,0.));
#10940=DIRECTION('',(0.,0.,1.));
#10941=DIRECTION('',(-1.,0.,0.));
#10942=DIRECTION('',(-1.,0.,0.));
#10943=DIRECTION('',(0.,0.,1.));
#10944=DIRECTION('',(1.,0.,0.));
#10945=DIRECTION('',(0.,0.,-1.));
#10946=DIRECTION('',(-1.,0.,0.));
#10947=DIRECTION('',(0.,0.,1.));
#10948=DIRECTION('',(-1.,0.,0.));
#10949=DIRECTION('',(-1.,0.,0.));
#10950=DIRECTION('',(0.,0.,1.));
#10951=DIRECTION('',(1.,0.,0.));
#10952=DIRECTION('',(0.,0.,-1.));
#10953=DIRECTION('',(-1.,0.,0.));
#10954=DIRECTION('',(0.,0.,1.));
#10955=DIRECTION('',(-1.,0.,0.));
#10956=DIRECTION('',(-1.,0.,0.));
#10957=DIRECTION('',(0.,0.,1.));
#10958=DIRECTION('',(1.,0.,0.));
#10959=DIRECTION('',(0.,0.,-1.));
#10960=DIRECTION('',(-1.,0.,0.));
#10961=DIRECTION('',(0.,0.,1.));
#10962=DIRECTION('',(-1.,0.,0.));
#10963=DIRECTION('',(0.,-1.,0.));
#10964=DIRECTION('',(0.,0.,-1.));
#10965=DIRECTION('',(0.,0.,1.));
#10966=DIRECTION('',(0.,0.,-1.));
#10967=DIRECTION('',(-1.,0.,0.));
#10968=DIRECTION('',(0.,-1.,0.));
#10969=DIRECTION('',(0.,0.,-1.));
#10970=DIRECTION('',(0.,0.,1.));
#10971=DIRECTION('',(0.,0.,-1.));
#10972=DIRECTION('',(-1.,0.,0.));
#10973=DIRECTION('',(0.,-1.,0.));
#10974=DIRECTION('',(0.,0.,-1.));
#10975=DIRECTION('',(0.,0.,1.));
#10976=DIRECTION('',(0.,0.,-1.));
#10977=DIRECTION('',(-1.,0.,0.));
#10978=DIRECTION('',(0.,-1.,0.));
#10979=DIRECTION('',(0.,0.,-1.));
#10980=DIRECTION('',(0.,0.,1.));
#10981=DIRECTION('',(0.,0.,-1.));
#10982=DIRECTION('',(-1.,0.,0.));
#10983=DIRECTION('',(0.,-1.,0.));
#10984=DIRECTION('',(0.,0.,-1.));
#10985=DIRECTION('',(0.,0.,1.));
#10986=DIRECTION('',(0.,0.,-1.));
#10987=DIRECTION('',(-1.,0.,0.));
#10988=DIRECTION('',(0.,-1.,0.));
#10989=DIRECTION('',(0.,0.,-1.));
#10990=DIRECTION('',(0.,0.,1.));
#10991=DIRECTION('',(0.,0.,-1.));
#10992=DIRECTION('',(-1.,0.,0.));
#10993=DIRECTION('',(0.,-1.,0.));
#10994=DIRECTION('',(0.,0.,-1.));
#10995=DIRECTION('',(0.,0.,1.));
#10996=DIRECTION('',(0.,0.,-1.));
#10997=DIRECTION('',(-1.,0.,0.));
#10998=DIRECTION('',(-1.,0.,0.));
#10999=DIRECTION('',(0.,0.,1.));
#11000=DIRECTION('',(-1.,0.,0.));
#11001=DIRECTION('',(1.,0.,0.));
#11002=DIRECTION('',(0.,0.,-1.));
#11003=DIRECTION('',(-1.,0.,0.));
#11004=DIRECTION('',(0.,0.,1.));
#11005=DIRECTION('',(-1.,0.,0.));
#11006=DIRECTION('',(0.,0.,1.));
#11007=DIRECTION('',(-1.,0.,0.));
#11008=DIRECTION('',(1.,0.,0.));
#11009=DIRECTION('',(0.,0.,-1.));
#11010=DIRECTION('',(-1.,0.,0.));
#11011=DIRECTION('',(0.,0.,1.));
#11012=DIRECTION('',(-1.,0.,0.));
#11013=DIRECTION('',(0.,0.,1.));
#11014=DIRECTION('',(-1.,0.,0.));
#11015=DIRECTION('',(1.,0.,0.));
#11016=DIRECTION('',(0.,0.,-1.));
#11017=DIRECTION('',(-1.,0.,0.));
#11018=DIRECTION('',(0.,0.,1.));
#11019=DIRECTION('',(-1.,0.,0.));
#11020=DIRECTION('',(0.,0.,1.));
#11021=DIRECTION('',(-1.,0.,0.));
#11022=DIRECTION('',(1.,0.,0.));
#11023=DIRECTION('',(0.,0.,-1.));
#11024=DIRECTION('',(-1.,0.,0.));
#11025=DIRECTION('',(0.,0.,1.));
#11026=DIRECTION('',(-1.,0.,0.));
#11027=DIRECTION('',(0.,0.,1.));
#11028=DIRECTION('',(-1.,0.,0.));
#11029=DIRECTION('',(1.,0.,0.));
#11030=DIRECTION('',(0.,0.,-1.));
#11031=DIRECTION('',(-1.,0.,0.));
#11032=DIRECTION('',(0.,0.,1.));
#11033=DIRECTION('',(-1.,0.,0.));
#11034=DIRECTION('',(0.,0.,1.));
#11035=DIRECTION('',(-1.,0.,0.));
#11036=DIRECTION('',(1.,0.,0.));
#11037=DIRECTION('',(0.,0.,-1.));
#11038=DIRECTION('',(-1.,0.,0.));
#11039=DIRECTION('',(0.,0.,1.));
#11040=DIRECTION('',(-1.,0.,0.));
#11041=DIRECTION('',(0.,0.,1.));
#11042=DIRECTION('',(-1.,0.,0.));
#11043=DIRECTION('',(1.,0.,0.));
#11044=DIRECTION('',(0.,0.,-1.));
#11045=DIRECTION('',(-1.,0.,0.));
#11046=DIRECTION('',(0.,0.,1.));
#11047=DIRECTION('',(0.,-3.41480999208033E-15,1.));
#11048=DIRECTION('',(0.,-1.,-3.41480999208033E-15));
#11049=DIRECTION('',(1.,0.,0.));
#11050=DIRECTION('',(0.,1.,3.41480999208033E-15));
#11051=DIRECTION('',(0.,-1.,-3.41480999208033E-15));
#11052=DIRECTION('',(1.,0.,0.));
#11053=DIRECTION('',(0.,1.,3.41480999208033E-15));
#11054=DIRECTION('',(0.,-1.,-3.41480999208033E-15));
#11055=DIRECTION('',(1.,0.,0.));
#11056=DIRECTION('',(0.,1.,3.41480999208033E-15));
#11057=DIRECTION('',(0.,-1.,-3.41480999208033E-15));
#11058=DIRECTION('',(1.,0.,0.));
#11059=DIRECTION('',(0.,1.,3.41480999208033E-15));
#11060=DIRECTION('',(0.,-1.,-3.41480999208033E-15));
#11061=DIRECTION('',(1.,0.,0.));
#11062=DIRECTION('',(0.,1.,3.41480999208033E-15));
#11063=DIRECTION('',(0.,-1.,-3.41480999208033E-15));
#11064=DIRECTION('',(1.,0.,0.));
#11065=DIRECTION('',(0.,1.,3.41480999208033E-15));
#11066=DIRECTION('',(0.,-1.,-3.41480999208033E-15));
#11067=DIRECTION('',(1.,0.,0.));
#11068=DIRECTION('',(0.,1.,3.41480999208033E-15));
#11069=DIRECTION('',(0.,-1.,-3.41480999208033E-15));
#11070=DIRECTION('',(1.,0.,0.));
#11071=DIRECTION('',(-1.,0.,0.));
#11072=DIRECTION('',(0.,-3.41480999208034E-15,-1.));
#11073=DIRECTION('',(0.,1.,-3.41480999208034E-15));
#11074=DIRECTION('',(-1.,0.,0.));
#11075=DIRECTION('',(-1.,0.,0.));
#11076=DIRECTION('',(-1.,0.,0.));
#11077=DIRECTION('',(0.,1.,-3.41480999208034E-15));
#11078=DIRECTION('',(-1.,0.,0.));
#11079=DIRECTION('',(0.,-1.,3.41480999208034E-15));
#11080=DIRECTION('',(-1.,0.,0.));
#11081=DIRECTION('',(0.,1.,-3.41480999208034E-15));
#11082=DIRECTION('',(-1.,0.,0.));
#11083=DIRECTION('',(0.,-1.,3.41480999208034E-15));
#11084=DIRECTION('',(-1.,0.,0.));
#11085=DIRECTION('',(0.,1.,-3.41480999208034E-15));
#11086=DIRECTION('',(-1.,0.,0.));
#11087=DIRECTION('',(0.,-1.,3.41480999208034E-15));
#11088=DIRECTION('',(-1.,0.,0.));
#11089=DIRECTION('',(0.,1.,-3.41480999208034E-15));
#11090=DIRECTION('',(-1.,0.,0.));
#11091=DIRECTION('',(0.,-1.,3.41480999208034E-15));
#11092=DIRECTION('',(-1.,0.,0.));
#11093=DIRECTION('',(0.,1.,-3.41480999208034E-15));
#11094=DIRECTION('',(-1.,0.,0.));
#11095=DIRECTION('',(0.,-1.,3.41480999208034E-15));
#11096=DIRECTION('',(-1.,0.,0.));
#11097=DIRECTION('',(0.,1.,-3.41480999208034E-15));
#11098=DIRECTION('',(-1.,0.,0.));
#11099=DIRECTION('',(0.,-1.,3.41480999208034E-15));
#11100=DIRECTION('',(-1.,0.,0.));
#11101=DIRECTION('',(0.,1.,-3.41480999208034E-15));
#11102=DIRECTION('',(-1.,0.,0.));
#11103=DIRECTION('',(0.,-1.,3.41480999208034E-15));
#11104=DIRECTION('',(-1.,0.,0.));
#11105=DIRECTION('',(0.,0.,1.));
#11106=DIRECTION('',(-1.,0.,0.));
#11107=DIRECTION('',(1.,0.,0.));
#11108=DIRECTION('',(0.,0.,-1.));
#11109=DIRECTION('',(-1.,0.,0.));
#11110=DIRECTION('',(0.,0.,1.));
#11111=DIRECTION('',(-1.,0.,0.));
#11112=DIRECTION('',(0.,0.,1.));
#11113=DIRECTION('',(-1.,0.,0.));
#11114=DIRECTION('',(1.,0.,0.));
#11115=DIRECTION('',(0.,0.,-1.));
#11116=DIRECTION('',(-1.,0.,0.));
#11117=DIRECTION('',(0.,0.,1.));
#11118=DIRECTION('',(-1.,0.,0.));
#11119=DIRECTION('',(0.,0.,1.));
#11120=DIRECTION('',(-1.,0.,0.));
#11121=DIRECTION('',(1.,0.,0.));
#11122=DIRECTION('',(0.,0.,-1.));
#11123=DIRECTION('',(-1.,0.,0.));
#11124=DIRECTION('',(0.,0.,1.));
#11125=DIRECTION('',(-1.,0.,0.));
#11126=DIRECTION('',(0.,0.,1.));
#11127=DIRECTION('',(-1.,0.,0.));
#11128=DIRECTION('',(1.,0.,0.));
#11129=DIRECTION('',(0.,0.,-1.));
#11130=DIRECTION('',(-1.,0.,0.));
#11131=DIRECTION('',(0.,0.,1.));
#11132=DIRECTION('',(-1.,0.,0.));
#11133=DIRECTION('',(0.,0.,1.));
#11134=DIRECTION('',(-1.,0.,0.));
#11135=DIRECTION('',(1.,0.,0.));
#11136=DIRECTION('',(0.,0.,-1.));
#11137=DIRECTION('',(-1.,0.,0.));
#11138=DIRECTION('',(0.,0.,1.));
#11139=DIRECTION('',(-1.,0.,0.));
#11140=DIRECTION('',(0.,0.,1.));
#11141=DIRECTION('',(-1.,0.,0.));
#11142=DIRECTION('',(1.,0.,0.));
#11143=DIRECTION('',(0.,0.,-1.));
#11144=DIRECTION('',(-1.,0.,0.));
#11145=DIRECTION('',(0.,0.,1.));
#11146=DIRECTION('',(-1.,0.,0.));
#11147=DIRECTION('',(0.,0.,1.));
#11148=DIRECTION('',(-1.,0.,0.));
#11149=DIRECTION('',(1.,0.,0.));
#11150=DIRECTION('',(0.,0.,-1.));
#11151=DIRECTION('',(-1.,0.,0.));
#11152=DIRECTION('',(0.,0.,1.));
#11153=DIRECTION('',(0.,-1.,0.));
#11154=DIRECTION('',(0.,0.,-1.));
#11155=DIRECTION('',(0.,0.,1.));
#11156=DIRECTION('',(0.,0.,-1.));
#11157=DIRECTION('',(-1.,0.,0.));
#11158=DIRECTION('',(0.,-1.,0.));
#11159=DIRECTION('',(0.,0.,-1.));
#11160=DIRECTION('',(0.,0.,1.));
#11161=DIRECTION('',(0.,0.,-1.));
#11162=DIRECTION('',(-1.,0.,0.));
#11163=DIRECTION('',(0.,-1.,0.));
#11164=DIRECTION('',(0.,0.,-1.));
#11165=DIRECTION('',(0.,0.,1.));
#11166=DIRECTION('',(0.,0.,-1.));
#11167=DIRECTION('',(-1.,0.,0.));
#11168=DIRECTION('',(0.,-1.,0.));
#11169=DIRECTION('',(0.,0.,-1.));
#11170=DIRECTION('',(0.,0.,1.));
#11171=DIRECTION('',(0.,0.,-1.));
#11172=DIRECTION('',(-1.,0.,0.));
#11173=DIRECTION('',(0.,-1.,0.));
#11174=DIRECTION('',(0.,0.,-1.));
#11175=DIRECTION('',(0.,0.,1.));
#11176=DIRECTION('',(0.,0.,-1.));
#11177=DIRECTION('',(-1.,0.,0.));
#11178=DIRECTION('',(0.,-1.,0.));
#11179=DIRECTION('',(0.,0.,-1.));
#11180=DIRECTION('',(0.,0.,1.));
#11181=DIRECTION('',(0.,0.,-1.));
#11182=DIRECTION('',(-1.,0.,0.));
#11183=DIRECTION('',(0.,-1.,0.));
#11184=DIRECTION('',(0.,0.,-1.));
#11185=DIRECTION('',(0.,0.,1.));
#11186=DIRECTION('',(0.,0.,-1.));
#11187=DIRECTION('',(-1.,0.,0.));
#11188=DIRECTION('',(-1.,0.,0.));
#11189=DIRECTION('',(0.,0.,1.));
#11190=DIRECTION('',(1.,0.,0.));
#11191=DIRECTION('',(0.,0.,-1.));
#11192=DIRECTION('',(-1.,0.,0.));
#11193=DIRECTION('',(0.,0.,1.));
#11194=DIRECTION('',(-1.,0.,0.));
#11195=DIRECTION('',(0.,0.,1.));
#11196=DIRECTION('',(1.,0.,0.));
#11197=DIRECTION('',(0.,0.,-1.));
#11198=DIRECTION('',(-1.,0.,0.));
#11199=DIRECTION('',(0.,0.,1.));
#11200=DIRECTION('',(-1.,0.,0.));
#11201=DIRECTION('',(0.,0.,1.));
#11202=DIRECTION('',(1.,0.,0.));
#11203=DIRECTION('',(0.,0.,-1.));
#11204=DIRECTION('',(-1.,0.,0.));
#11205=DIRECTION('',(0.,0.,1.));
#11206=DIRECTION('',(-1.,0.,0.));
#11207=DIRECTION('',(0.,0.,1.));
#11208=DIRECTION('',(1.,0.,0.));
#11209=DIRECTION('',(0.,0.,-1.));
#11210=DIRECTION('',(-1.,0.,0.));
#11211=DIRECTION('',(0.,0.,1.));
#11212=DIRECTION('',(-1.,0.,0.));
#11213=DIRECTION('',(0.,0.,1.));
#11214=DIRECTION('',(1.,0.,0.));
#11215=DIRECTION('',(0.,0.,-1.));
#11216=DIRECTION('',(-1.,0.,0.));
#11217=DIRECTION('',(0.,0.,1.));
#11218=DIRECTION('',(-1.,0.,0.));
#11219=DIRECTION('',(0.,0.,1.));
#11220=DIRECTION('',(1.,0.,0.));
#11221=DIRECTION('',(0.,0.,-1.));
#11222=DIRECTION('',(-1.,0.,0.));
#11223=DIRECTION('',(0.,0.,1.));
#11224=DIRECTION('',(-1.,0.,0.));
#11225=DIRECTION('',(0.,0.,1.));
#11226=DIRECTION('',(1.,0.,0.));
#11227=DIRECTION('',(0.,0.,-1.));
#11228=DIRECTION('',(-1.,0.,0.));
#11229=DIRECTION('',(0.,0.,1.));
#11230=DIRECTION('',(0.,1.,1.73408319910329E-16));
#11231=DIRECTION('',(0.,-1.73408319910329E-16,1.));
#11232=DIRECTION('',(0.,1.,0.));
#11233=DIRECTION('',(0.,0.,1.));
#11234=DIRECTION('',(0.,1.,2.13425624505021E-15));
#11235=DIRECTION('',(0.,-2.13425624505021E-15,1.));
#11236=DIRECTION('',(0.,-1.,0.));
#11237=DIRECTION('',(0.,0.,-1.));
#11238=DIRECTION('',(0.,0.,-1.));
#11239=DIRECTION('',(-1.,0.,0.));
#11240=DIRECTION('',(0.,0.,1.));
#11241=DIRECTION('',(0.,-1.,0.));
#11242=DIRECTION('',(0.,0.,-1.));
#11243=DIRECTION('',(0.,0.,-1.));
#11244=DIRECTION('',(-1.,0.,0.));
#11245=DIRECTION('',(0.,0.,1.));
#11246=DIRECTION('',(0.,-1.,0.));
#11247=DIRECTION('',(0.,0.,-1.));
#11248=DIRECTION('',(0.,0.,-1.));
#11249=DIRECTION('',(1.,0.,0.));
#11250=DIRECTION('',(0.,0.,-1.));
#11251=DIRECTION('',(0.,-1.,0.));
#11252=DIRECTION('',(0.,0.,-1.));
#11253=DIRECTION('',(0.,0.,-1.));
#11254=DIRECTION('',(1.,0.,0.));
#11255=DIRECTION('',(0.,0.,-1.));
#11256=DIRECTION('',(-1.,0.,0.));
#11257=DIRECTION('',(0.,0.,1.));
#11258=DIRECTION('',(0.,0.,-1.));
#11259=DIRECTION('',(1.,0.,0.));
#11260=DIRECTION('',(0.,0.,-1.));
#11261=DIRECTION('',(0.,0.,-1.));
#11262=DIRECTION('',(0.,-1.,0.));
#11263=DIRECTION('',(0.,0.,-1.));
#11264=DIRECTION('',(-1.,0.,0.));
#11265=DIRECTION('',(0.,0.,1.));
#11266=DIRECTION('',(0.,0.,-1.));
#11267=DIRECTION('',(1.,0.,0.));
#11268=DIRECTION('',(0.,0.,-1.));
#11269=DIRECTION('',(0.,0.,-1.));
#11270=DIRECTION('',(0.,-1.,0.));
#11271=DIRECTION('',(0.,0.,-1.));
#11272=DIRECTION('',(-1.,0.,0.));
#11273=DIRECTION('',(0.,0.,1.));
#11274=DIRECTION('',(0.,0.,-1.));
#11275=DIRECTION('',(1.,0.,0.));
#11276=DIRECTION('',(0.,0.,-1.));
#11277=DIRECTION('',(0.,0.,-1.));
#11278=DIRECTION('',(0.,-1.,0.));
#11279=DIRECTION('',(0.,0.,-1.));
#11280=DIRECTION('',(-1.,0.,0.));
#11281=DIRECTION('',(0.,0.,1.));
#11282=DIRECTION('',(0.,0.,-1.));
#11283=DIRECTION('',(1.,0.,0.));
#11284=DIRECTION('',(0.,0.,-1.));
#11285=DIRECTION('',(0.,0.,-1.));
#11286=DIRECTION('',(0.,-1.,0.));
#11287=DIRECTION('',(0.,0.,-1.));
#11288=DIRECTION('',(-1.,0.,0.));
#11289=DIRECTION('',(0.,0.,1.));
#11290=DIRECTION('',(0.,0.,-1.));
#11291=DIRECTION('',(1.,0.,0.));
#11292=DIRECTION('',(0.,0.,-1.));
#11293=DIRECTION('',(0.,0.,-1.));
#11294=DIRECTION('',(0.,-1.,0.));
#11295=DIRECTION('',(0.,0.,-1.));
#11296=DIRECTION('',(-1.,0.,0.));
#11297=DIRECTION('',(0.,0.,1.));
#11298=DIRECTION('',(0.,0.,-1.));
#11299=DIRECTION('',(1.,0.,0.));
#11300=DIRECTION('',(0.,0.,-1.));
#11301=DIRECTION('',(0.,0.,-1.));
#11302=DIRECTION('',(0.,-1.,0.));
#11303=DIRECTION('',(0.,0.,-1.));
#11304=DIRECTION('',(1.,0.,0.));
#11305=DIRECTION('',(0.,0.,-1.));
#11306=DIRECTION('',(0.,0.,-1.));
#11307=DIRECTION('',(0.,-1.,0.));
#11308=DIRECTION('',(0.,0.,-1.));
#11309=DIRECTION('',(0.,0.,-1.));
#11310=DIRECTION('',(-1.,0.,0.));
#11311=DIRECTION('',(0.,0.,1.));
#11312=DIRECTION('',(1.,0.,0.));
#11313=DIRECTION('',(0.,0.,-1.));
#11314=DIRECTION('',(0.,0.,-1.));
#11315=DIRECTION('',(0.,-1.,0.));
#11316=DIRECTION('',(0.,0.,-1.));
#11317=DIRECTION('',(0.,0.,-1.));
#11318=DIRECTION('',(-1.,0.,0.));
#11319=DIRECTION('',(0.,0.,1.));
#11320=DIRECTION('',(1.,0.,0.));
#11321=DIRECTION('',(0.,0.,-1.));
#11322=DIRECTION('',(0.,0.,-1.));
#11323=DIRECTION('',(0.,-1.,0.));
#11324=DIRECTION('',(0.,0.,-1.));
#11325=DIRECTION('',(0.,0.,-1.));
#11326=DIRECTION('',(-1.,0.,0.));
#11327=DIRECTION('',(0.,0.,1.));
#11328=DIRECTION('',(1.,0.,0.));
#11329=DIRECTION('',(0.,0.,-1.));
#11330=DIRECTION('',(0.,0.,-1.));
#11331=DIRECTION('',(0.,-1.,0.));
#11332=DIRECTION('',(0.,0.,-1.));
#11333=DIRECTION('',(0.,0.,-1.));
#11334=DIRECTION('',(-1.,0.,0.));
#11335=DIRECTION('',(0.,0.,1.));
#11336=DIRECTION('',(1.,0.,0.));
#11337=DIRECTION('',(0.,0.,-1.));
#11338=DIRECTION('',(0.,0.,-1.));
#11339=DIRECTION('',(0.,-1.,0.));
#11340=DIRECTION('',(0.,0.,-1.));
#11341=DIRECTION('',(0.,0.,-1.));
#11342=DIRECTION('',(-1.,0.,0.));
#11343=DIRECTION('',(0.,0.,1.));
#11344=DIRECTION('',(0.,-1.,0.));
#11345=DIRECTION('',(0.,0.,-1.));
#11346=DIRECTION('',(0.,0.,-1.));
#11347=DIRECTION('',(0.,0.,-1.));
#11348=DIRECTION('',(-1.,0.,0.));
#11349=DIRECTION('',(0.,0.,1.));
#11350=DIRECTION('',(1.,0.,0.));
#11351=DIRECTION('',(0.,0.,-1.));
#11352=DIRECTION('',(0.,1.,-1.33391015315638E-17));
#11353=DIRECTION('',(0.,1.33391015315638E-17,1.));
#11354=DIRECTION('',(0.,0.,1.));
#11355=DIRECTION('',(1.,0.,0.));
#11356=CARTESIAN_POINT('',(0.,0.,0.));
#11357=CARTESIAN_POINT('',(0.,0.29,0.));
#11358=CARTESIAN_POINT('',(0.35,0.29,-0.1));
#11359=CARTESIAN_POINT('',(0.35,0.29,-0.1));
#11360=CARTESIAN_POINT('',(-0.35,0.29,-0.1));
#11361=CARTESIAN_POINT('',(-0.35,0.29,-0.1));
#11362=CARTESIAN_POINT('',(-0.35,0.29,0.1));
#11363=CARTESIAN_POINT('',(-0.35,0.29,0.1));
#11364=CARTESIAN_POINT('',(0.35,0.29,0.1));
#11365=CARTESIAN_POINT('',(0.35,0.29,0.1));
#11366=CARTESIAN_POINT('',(-0.3375,0.29,0.0325));
#11367=CARTESIAN_POINT('',(-0.3375,0.29,0.0125));
#11368=CARTESIAN_POINT('',(-0.3375,0.29,0.0875));
#11369=CARTESIAN_POINT('',(-0.2825,0.29,0.0125));
#11370=CARTESIAN_POINT('',(-0.2625,0.29,0.0125));
#11371=CARTESIAN_POINT('',(-0.2625,0.29,0.0675));
#11372=CARTESIAN_POINT('',(-0.2625,0.29,0.0875));
#11373=CARTESIAN_POINT('',(-0.3175,0.29,0.0875));
#11374=CARTESIAN_POINT('',(-0.2375,0.29,0.0325));
#11375=CARTESIAN_POINT('',(-0.2375,0.29,0.0125));
#11376=CARTESIAN_POINT('',(-0.2375,0.29,0.0875));
#11377=CARTESIAN_POINT('',(-0.1825,0.29,0.0125));
#11378=CARTESIAN_POINT('',(-0.1625,0.29,0.0125));
#11379=CARTESIAN_POINT('',(-0.1625,0.29,0.0675));
#11380=CARTESIAN_POINT('',(-0.1625,0.29,0.0875));
#11381=CARTESIAN_POINT('',(-0.2175,0.29,0.0875));
#11382=CARTESIAN_POINT('',(0.2625,0.29,-0.0675));
#11383=CARTESIAN_POINT('',(0.2625,0.29,-0.0875));
#11384=CARTESIAN_POINT('',(0.2625,0.29,-0.0125));
#11385=CARTESIAN_POINT('',(0.3175,0.29,-0.0875));
#11386=CARTESIAN_POINT('',(0.3375,0.29,-0.0875));
#11387=CARTESIAN_POINT('',(0.3375,0.29,-0.0325));
#11388=CARTESIAN_POINT('',(0.3375,0.29,-0.0125));
#11389=CARTESIAN_POINT('',(0.2825,0.29,-0.0125));
#11390=CARTESIAN_POINT('',(0.1625,0.29,-0.0675));
#11391=CARTESIAN_POINT('',(0.1625,0.29,-0.0875));
#11392=CARTESIAN_POINT('',(0.1625,0.29,-0.0125));
#11393=CARTESIAN_POINT('',(0.2175,0.29,-0.0875));
#11394=CARTESIAN_POINT('',(0.2375,0.29,-0.0875));
#11395=CARTESIAN_POINT('',(0.2375,0.29,-0.0325));
#11396=CARTESIAN_POINT('',(0.2375,0.29,-0.0125));
#11397=CARTESIAN_POINT('',(0.1825,0.29,-0.0125));
#11398=CARTESIAN_POINT('',(0.0625,0.29,-0.0675));
#11399=CARTESIAN_POINT('',(0.0625,0.29,-0.0875));
#11400=CARTESIAN_POINT('',(0.0625,0.29,-0.0125));
#11401=CARTESIAN_POINT('',(0.1175,0.29,-0.0875));
#11402=CARTESIAN_POINT('',(0.1375,0.29,-0.0875));
#11403=CARTESIAN_POINT('',(0.1375,0.29,-0.0325));
#11404=CARTESIAN_POINT('',(0.1375,0.29,-0.0125));
#11405=CARTESIAN_POINT('',(0.0825,0.29,-0.0125));
#11406=CARTESIAN_POINT('',(-0.0375,0.29,-0.0675));
#11407=CARTESIAN_POINT('',(-0.0375,0.29,-0.0875));
#11408=CARTESIAN_POINT('',(-0.0375,0.29,-0.0125));
#11409=CARTESIAN_POINT('',(0.0174999999999999,0.29,-0.0875));
#11410=CARTESIAN_POINT('',(0.0374999999999999,0.29,-0.0875));
#11411=CARTESIAN_POINT('',(0.0374999999999999,0.29,-0.0325));
#11412=CARTESIAN_POINT('',(0.0375,0.29,-0.0125));
#11413=CARTESIAN_POINT('',(-0.0175,0.29,-0.0125));
#11414=CARTESIAN_POINT('',(-0.1375,0.29,0.0325));
#11415=CARTESIAN_POINT('',(-0.1375,0.29,0.0125));
#11416=CARTESIAN_POINT('',(-0.1375,0.29,0.0875));
#11417=CARTESIAN_POINT('',(-0.0825000000000001,0.29,0.0125));
#11418=CARTESIAN_POINT('',(-0.0625000000000001,0.29,0.0125));
#11419=CARTESIAN_POINT('',(-0.0625000000000001,0.29,0.0675));
#11420=CARTESIAN_POINT('',(-0.0625000000000001,0.29,0.0875));
#11421=CARTESIAN_POINT('',(-0.1175,0.29,0.0875));
#11422=CARTESIAN_POINT('',(-0.0375,0.29,0.0325));
#11423=CARTESIAN_POINT('',(-0.0375,0.29,0.0125));
#11424=CARTESIAN_POINT('',(-0.0375,0.29,0.0875));
#11425=CARTESIAN_POINT('',(0.0174999999999999,0.29,0.0125));
#11426=CARTESIAN_POINT('',(0.0374999999999999,0.29,0.0125));
#11427=CARTESIAN_POINT('',(0.0374999999999999,0.29,0.0675));
#11428=CARTESIAN_POINT('',(0.0375,0.29,0.0875));
#11429=CARTESIAN_POINT('',(-0.0175,0.29,0.0875));
#11430=CARTESIAN_POINT('',(0.0625,0.29,0.0325));
#11431=CARTESIAN_POINT('',(0.0625,0.29,0.0125));
#11432=CARTESIAN_POINT('',(0.0625,0.29,0.0875));
#11433=CARTESIAN_POINT('',(0.1175,0.29,0.0125));
#11434=CARTESIAN_POINT('',(0.1375,0.29,0.0125));
#11435=CARTESIAN_POINT('',(0.1375,0.29,0.0675));
#11436=CARTESIAN_POINT('',(0.1375,0.29,0.0875));
#11437=CARTESIAN_POINT('',(0.0825,0.29,0.0875));
#11438=CARTESIAN_POINT('',(0.1625,0.29,0.0325));
#11439=CARTESIAN_POINT('',(0.1625,0.29,0.0125));
#11440=CARTESIAN_POINT('',(0.1625,0.29,0.0875));
#11441=CARTESIAN_POINT('',(0.2175,0.29,0.0125));
#11442=CARTESIAN_POINT('',(0.2375,0.29,0.0125));
#11443=CARTESIAN_POINT('',(0.2375,0.29,0.0675));
#11444=CARTESIAN_POINT('',(0.2375,0.29,0.0875));
#11445=CARTESIAN_POINT('',(0.1825,0.29,0.0875));
#11446=CARTESIAN_POINT('',(-0.1375,0.29,-0.0675));
#11447=CARTESIAN_POINT('',(-0.1375,0.29,-0.0875));
#11448=CARTESIAN_POINT('',(-0.1375,0.29,-0.0125));
#11449=CARTESIAN_POINT('',(-0.0825000000000001,0.29,-0.0875));
#11450=CARTESIAN_POINT('',(-0.0625000000000001,0.29,-0.0875));
#11451=CARTESIAN_POINT('',(-0.0625000000000001,0.29,-0.0325));
#11452=CARTESIAN_POINT('',(-0.0625000000000001,0.29,-0.0125));
#11453=CARTESIAN_POINT('',(-0.1175,0.29,-0.0125));
#11454=CARTESIAN_POINT('',(-0.2375,0.29,-0.0675));
#11455=CARTESIAN_POINT('',(-0.2375,0.29,-0.0875));
#11456=CARTESIAN_POINT('',(-0.2375,0.29,-0.0125));
#11457=CARTESIAN_POINT('',(-0.1825,0.29,-0.0875));
#11458=CARTESIAN_POINT('',(-0.1625,0.29,-0.0875));
#11459=CARTESIAN_POINT('',(-0.1625,0.29,-0.0325));
#11460=CARTESIAN_POINT('',(-0.1625,0.29,-0.0125));
#11461=CARTESIAN_POINT('',(-0.2175,0.29,-0.0125));
#11462=CARTESIAN_POINT('',(-0.3375,0.29,-0.0675));
#11463=CARTESIAN_POINT('',(-0.3375,0.29,-0.0875));
#11464=CARTESIAN_POINT('',(-0.3375,0.29,-0.0125));
#11465=CARTESIAN_POINT('',(-0.2825,0.29,-0.0875));
#11466=CARTESIAN_POINT('',(-0.2625,0.29,-0.0875));
#11467=CARTESIAN_POINT('',(-0.2625,0.29,-0.0325));
#11468=CARTESIAN_POINT('',(-0.2625,0.29,-0.0125));
#11469=CARTESIAN_POINT('',(-0.3175,0.29,-0.0125));
#11470=CARTESIAN_POINT('',(0.2625,0.29,0.0325));
#11471=CARTESIAN_POINT('',(0.2625,0.29,0.0125));
#11472=CARTESIAN_POINT('',(0.2625,0.29,0.0875));
#11473=CARTESIAN_POINT('',(0.3175,0.29,0.0125));
#11474=CARTESIAN_POINT('',(0.3375,0.29,0.0125));
#11475=CARTESIAN_POINT('',(0.3375,0.29,0.0675));
#11476=CARTESIAN_POINT('',(0.3375,0.29,0.0875));
#11477=CARTESIAN_POINT('',(0.2825,0.29,0.0875));
#11478=CARTESIAN_POINT('',(0.35,0.29,-0.1));
#11479=CARTESIAN_POINT('',(0.35,0.,-0.1));
#11480=CARTESIAN_POINT('',(0.35,0.,-0.1));
#11481=CARTESIAN_POINT('',(-0.35,0.,-0.1));
#11482=CARTESIAN_POINT('',(-0.35,0.29,-0.1));
#11483=CARTESIAN_POINT('',(0.35,0.29,-0.1));
#11484=CARTESIAN_POINT('',(-0.35,0.29,-0.1));
#11485=CARTESIAN_POINT('',(-0.35,0.,-0.1));
#11486=CARTESIAN_POINT('',(-0.35,0.,0.1));
#11487=CARTESIAN_POINT('',(-0.35,0.29,0.1));
#11488=CARTESIAN_POINT('',(-0.35,0.29,0.1));
#11489=CARTESIAN_POINT('',(-0.35,0.,0.1));
#11490=CARTESIAN_POINT('',(0.35,0.,0.1));
#11491=CARTESIAN_POINT('',(0.35,0.29,0.1));
#11492=CARTESIAN_POINT('',(0.35,0.29,0.1));
#11493=CARTESIAN_POINT('',(0.35,0.,0.1));
#11494=CARTESIAN_POINT('',(0.,0.,0.));
#11495=CARTESIAN_POINT('',(0.332698255992082,0.,0.));
#11496=CARTESIAN_POINT('',(0.332698255992082,0.,0.082698255992082));
#11497=CARTESIAN_POINT('',(0.332698255992082,0.,0.017301744007918));
#11498=CARTESIAN_POINT('',(0.6,0.,0.017301744007918));
#11499=CARTESIAN_POINT('',(0.267301744007918,0.,0.017301744007918));
#11500=CARTESIAN_POINT('',(0.267301744007918,0.,0.));
#11501=CARTESIAN_POINT('',(0.267301744007918,0.,0.082698255992082));
#11502=CARTESIAN_POINT('',(0.6,0.,0.0826982559920819));
#11503=CARTESIAN_POINT('',(-0.267301744007918,0.,-0.1));
#11504=CARTESIAN_POINT('',(-0.267301744007918,0.,-0.0173017440079181));
#11505=CARTESIAN_POINT('',(-0.267301744007918,0.,-0.082698255992082));
#11506=CARTESIAN_POINT('',(0.,0.,-0.082698255992082));
#11507=CARTESIAN_POINT('',(-0.332698255992082,0.,-0.082698255992082));
#11508=CARTESIAN_POINT('',(-0.332698255992082,0.,-0.1));
#11509=CARTESIAN_POINT('',(-0.332698255992082,0.,-0.0173017440079181));
#11510=CARTESIAN_POINT('',(0.,0.,-0.0173017440079181));
#11511=CARTESIAN_POINT('',(-0.167301744007918,0.,-0.1));
#11512=CARTESIAN_POINT('',(-0.167301744007918,0.,-0.0173017440079181));
#11513=CARTESIAN_POINT('',(-0.167301744007918,0.,-0.082698255992082));
#11514=CARTESIAN_POINT('',(0.1,0.,-0.082698255992082));
#11515=CARTESIAN_POINT('',(-0.232698255992082,0.,-0.082698255992082));
#11516=CARTESIAN_POINT('',(-0.232698255992082,0.,-0.1));
#11517=CARTESIAN_POINT('',(-0.232698255992082,0.,-0.0173017440079181));
#11518=CARTESIAN_POINT('',(0.1,0.,-0.0173017440079181));
#11519=CARTESIAN_POINT('',(-0.0673017440079181,0.,-0.1));
#11520=CARTESIAN_POINT('',(-0.0673017440079181,0.,-0.0173017440079181));
#11521=CARTESIAN_POINT('',(-0.0673017440079181,0.,-0.082698255992082));
#11522=CARTESIAN_POINT('',(0.2,0.,-0.082698255992082));
#11523=CARTESIAN_POINT('',(-0.132698255992082,0.,-0.082698255992082));
#11524=CARTESIAN_POINT('',(-0.132698255992082,0.,-0.1));
#11525=CARTESIAN_POINT('',(-0.132698255992082,0.,-0.0173017440079181));
#11526=CARTESIAN_POINT('',(0.2,0.,-0.0173017440079181));
#11527=CARTESIAN_POINT('',(0.232698255992082,0.,0.));
#11528=CARTESIAN_POINT('',(0.232698255992082,0.,0.082698255992082));
#11529=CARTESIAN_POINT('',(0.232698255992082,0.,0.017301744007918));
#11530=CARTESIAN_POINT('',(0.5,0.,0.017301744007918));
#11531=CARTESIAN_POINT('',(0.167301744007918,0.,0.017301744007918));
#11532=CARTESIAN_POINT('',(0.167301744007918,0.,0.));
#11533=CARTESIAN_POINT('',(0.167301744007918,0.,0.082698255992082));
#11534=CARTESIAN_POINT('',(0.5,0.,0.0826982559920819));
#11535=CARTESIAN_POINT('',(0.132698255992082,0.,0.));
#11536=CARTESIAN_POINT('',(0.132698255992082,0.,0.082698255992082));
#11537=CARTESIAN_POINT('',(0.132698255992082,0.,0.017301744007918));
#11538=CARTESIAN_POINT('',(0.4,0.,0.017301744007918));
#11539=CARTESIAN_POINT('',(0.067301744007918,0.,0.017301744007918));
#11540=CARTESIAN_POINT('',(0.067301744007918,0.,0.));
#11541=CARTESIAN_POINT('',(0.067301744007918,0.,0.082698255992082));
#11542=CARTESIAN_POINT('',(0.4,0.,0.0826982559920819));
#11543=CARTESIAN_POINT('',(0.0326982559920819,0.,0.));
#11544=CARTESIAN_POINT('',(0.0326982559920819,0.,0.082698255992082));
#11545=CARTESIAN_POINT('',(0.0326982559920819,0.,0.017301744007918));
#11546=CARTESIAN_POINT('',(0.3,0.,0.017301744007918));
#11547=CARTESIAN_POINT('',(-0.032698255992082,0.,0.017301744007918));
#11548=CARTESIAN_POINT('',(-0.032698255992082,0.,0.));
#11549=CARTESIAN_POINT('',(-0.032698255992082,0.,0.082698255992082));
#11550=CARTESIAN_POINT('',(0.3,0.,0.0826982559920819));
#11551=CARTESIAN_POINT('',(-0.0673017440079181,0.,0.));
#11552=CARTESIAN_POINT('',(-0.0673017440079181,0.,0.082698255992082));
#11553=CARTESIAN_POINT('',(-0.0673017440079181,0.,0.017301744007918));
#11554=CARTESIAN_POINT('',(0.2,0.,0.017301744007918));
#11555=CARTESIAN_POINT('',(-0.132698255992082,0.,0.017301744007918));
#11556=CARTESIAN_POINT('',(-0.132698255992082,0.,0.));
#11557=CARTESIAN_POINT('',(-0.132698255992082,0.,0.082698255992082));
#11558=CARTESIAN_POINT('',(0.2,0.,0.0826982559920819));
#11559=CARTESIAN_POINT('',(0.0326982559920819,0.,-0.1));
#11560=CARTESIAN_POINT('',(0.0326982559920819,0.,-0.0173017440079181));
#11561=CARTESIAN_POINT('',(0.0326982559920819,0.,-0.082698255992082));
#11562=CARTESIAN_POINT('',(0.3,0.,-0.082698255992082));
#11563=CARTESIAN_POINT('',(-0.032698255992082,0.,-0.082698255992082));
#11564=CARTESIAN_POINT('',(-0.032698255992082,0.,-0.1));
#11565=CARTESIAN_POINT('',(-0.032698255992082,0.,-0.0173017440079181));
#11566=CARTESIAN_POINT('',(0.3,0.,-0.0173017440079181));
#11567=CARTESIAN_POINT('',(0.132698255992082,0.,-0.1));
#11568=CARTESIAN_POINT('',(0.132698255992082,0.,-0.0173017440079181));
#11569=CARTESIAN_POINT('',(0.132698255992082,0.,-0.082698255992082));
#11570=CARTESIAN_POINT('',(0.4,0.,-0.082698255992082));
#11571=CARTESIAN_POINT('',(0.067301744007918,0.,-0.082698255992082));
#11572=CARTESIAN_POINT('',(0.067301744007918,0.,-0.1));
#11573=CARTESIAN_POINT('',(0.067301744007918,0.,-0.0173017440079181));
#11574=CARTESIAN_POINT('',(0.4,0.,-0.0173017440079181));
#11575=CARTESIAN_POINT('',(0.232698255992082,0.,-0.1));
#11576=CARTESIAN_POINT('',(0.232698255992082,0.,-0.0173017440079181));
#11577=CARTESIAN_POINT('',(0.232698255992082,0.,-0.082698255992082));
#11578=CARTESIAN_POINT('',(0.5,0.,-0.082698255992082));
#11579=CARTESIAN_POINT('',(0.167301744007918,0.,-0.082698255992082));
#11580=CARTESIAN_POINT('',(0.167301744007918,0.,-0.1));
#11581=CARTESIAN_POINT('',(0.167301744007918,0.,-0.0173017440079181));
#11582=CARTESIAN_POINT('',(0.5,0.,-0.0173017440079181));
#11583=CARTESIAN_POINT('',(0.332698255992082,0.,-0.1));
#11584=CARTESIAN_POINT('',(0.332698255992082,0.,-0.0173017440079181));
#11585=CARTESIAN_POINT('',(0.332698255992082,0.,-0.082698255992082));
#11586=CARTESIAN_POINT('',(0.6,0.,-0.082698255992082));
#11587=CARTESIAN_POINT('',(0.267301744007918,0.,-0.082698255992082));
#11588=CARTESIAN_POINT('',(0.267301744007918,0.,-0.1));
#11589=CARTESIAN_POINT('',(0.267301744007918,0.,-0.0173017440079181));
#11590=CARTESIAN_POINT('',(0.6,0.,-0.0173017440079181));
#11591=CARTESIAN_POINT('',(-0.167301744007918,0.,0.));
#11592=CARTESIAN_POINT('',(-0.167301744007918,0.,0.082698255992082));
#11593=CARTESIAN_POINT('',(-0.167301744007918,0.,0.017301744007918));
#11594=CARTESIAN_POINT('',(0.1,0.,0.017301744007918));
#11595=CARTESIAN_POINT('',(-0.232698255992082,0.,0.017301744007918));
#11596=CARTESIAN_POINT('',(-0.232698255992082,0.,0.));
#11597=CARTESIAN_POINT('',(-0.232698255992082,0.,0.082698255992082));
#11598=CARTESIAN_POINT('',(0.1,0.,0.0826982559920819));
#11599=CARTESIAN_POINT('',(-0.267301744007918,0.,0.));
#11600=CARTESIAN_POINT('',(-0.267301744007918,0.,0.082698255992082));
#11601=CARTESIAN_POINT('',(-0.267301744007918,0.,0.017301744007918));
#11602=CARTESIAN_POINT('',(0.,0.,0.017301744007918));
#11603=CARTESIAN_POINT('',(-0.332698255992082,0.,0.017301744007918));
#11604=CARTESIAN_POINT('',(-0.332698255992082,0.,0.));
#11605=CARTESIAN_POINT('',(-0.332698255992082,0.,0.082698255992082));
#11606=CARTESIAN_POINT('',(0.,0.,0.0826982559920819));
#11607=CARTESIAN_POINT('',(-0.2825,0.27,0.0325));
#11608=CARTESIAN_POINT('',(-0.2825,0.270995959557022,0.0315040404429784));
#11609=CARTESIAN_POINT('',(-0.281504040442978,0.270995959557022,0.0315040404429784));
#11610=CARTESIAN_POINT('',(-0.318495959557022,0.270995959557022,0.0315040404429784));
#11611=CARTESIAN_POINT('',(-0.2825,0.27,0.0325));
#11612=CARTESIAN_POINT('',(-0.3175,0.27,0.0325));
#11613=CARTESIAN_POINT('',(-0.3175,0.27,0.0325));
#11614=CARTESIAN_POINT('',(-0.318495959557022,0.270995959557022,0.0325));
#11615=CARTESIAN_POINT('',(-0.318495959557022,0.270995959557022,0.0684959595570216));
#11616=CARTESIAN_POINT('',(-0.3175,0.27,0.0675));
#11617=CARTESIAN_POINT('',(-0.3175,0.27,0.0675));
#11618=CARTESIAN_POINT('',(-0.3175,0.270995959557022,0.0684959595570216));
#11619=CARTESIAN_POINT('',(-0.281504040442978,0.270995959557022,0.0684959595570216));
#11620=CARTESIAN_POINT('',(-0.2825,0.27,0.0675));
#11621=CARTESIAN_POINT('',(-0.2825,0.27,0.0675));
#11622=CARTESIAN_POINT('',(-0.281504040442978,0.270995959557022,0.0675));
#11623=CARTESIAN_POINT('',(-0.1825,0.27,0.0325));
#11624=CARTESIAN_POINT('',(-0.1825,0.270995959557022,0.0315040404429784));
#11625=CARTESIAN_POINT('',(-0.181504040442979,0.270995959557022,0.0315040404429784));
#11626=CARTESIAN_POINT('',(-0.218495959557022,0.270995959557022,0.0315040404429784));
#11627=CARTESIAN_POINT('',(-0.1825,0.27,0.0325));
#11628=CARTESIAN_POINT('',(-0.2175,0.27,0.0325));
#11629=CARTESIAN_POINT('',(-0.2175,0.27,0.0325));
#11630=CARTESIAN_POINT('',(-0.218495959557022,0.270995959557022,0.0325));
#11631=CARTESIAN_POINT('',(-0.218495959557022,0.270995959557022,0.0684959595570216));
#11632=CARTESIAN_POINT('',(-0.2175,0.27,0.0675));
#11633=CARTESIAN_POINT('',(-0.2175,0.27,0.0675));
#11634=CARTESIAN_POINT('',(-0.2175,0.270995959557022,0.0684959595570216));
#11635=CARTESIAN_POINT('',(-0.181504040442979,0.270995959557022,0.0684959595570216));
#11636=CARTESIAN_POINT('',(-0.1825,0.27,0.0675));
#11637=CARTESIAN_POINT('',(-0.1825,0.27,0.0675));
#11638=CARTESIAN_POINT('',(-0.181504040442979,0.270995959557022,0.0675));
#11639=CARTESIAN_POINT('',(0.3175,0.27,-0.0675));
#11640=CARTESIAN_POINT('',(0.3175,0.270995959557022,-0.0684959595570216));
#11641=CARTESIAN_POINT('',(0.318495959557022,0.270995959557022,-0.0684959595570216));
#11642=CARTESIAN_POINT('',(0.281504040442978,0.270995959557022,-0.0684959595570216));
#11643=CARTESIAN_POINT('',(0.3175,0.27,-0.0675));
#11644=CARTESIAN_POINT('',(0.2825,0.27,-0.0675));
#11645=CARTESIAN_POINT('',(0.2825,0.27,-0.0675));
#11646=CARTESIAN_POINT('',(0.281504040442978,0.270995959557022,-0.0675));
#11647=CARTESIAN_POINT('',(0.281504040442978,0.270995959557022,-0.0315040404429784));
#11648=CARTESIAN_POINT('',(0.2825,0.27,-0.0325));
#11649=CARTESIAN_POINT('',(0.2825,0.27,-0.0325));
#11650=CARTESIAN_POINT('',(0.2825,0.270995959557022,-0.0315040404429784));
#11651=CARTESIAN_POINT('',(0.318495959557022,0.270995959557022,-0.0315040404429784));
#11652=CARTESIAN_POINT('',(0.3175,0.27,-0.0325));
#11653=CARTESIAN_POINT('',(0.3175,0.27,-0.0325));
#11654=CARTESIAN_POINT('',(0.318495959557022,0.270995959557022,-0.0325));
#11655=CARTESIAN_POINT('',(0.2175,0.27,-0.0675));
#11656=CARTESIAN_POINT('',(0.2175,0.270995959557022,-0.0684959595570216));
#11657=CARTESIAN_POINT('',(0.218495959557021,0.270995959557022,-0.0684959595570216));
#11658=CARTESIAN_POINT('',(0.181504040442978,0.270995959557022,-0.0684959595570216));
#11659=CARTESIAN_POINT('',(0.2175,0.27,-0.0675));
#11660=CARTESIAN_POINT('',(0.1825,0.27,-0.0675));
#11661=CARTESIAN_POINT('',(0.1825,0.27,-0.0675));
#11662=CARTESIAN_POINT('',(0.181504040442978,0.270995959557022,-0.0675));
#11663=CARTESIAN_POINT('',(0.181504040442978,0.270995959557022,-0.0315040404429784));
#11664=CARTESIAN_POINT('',(0.1825,0.27,-0.0325));
#11665=CARTESIAN_POINT('',(0.1825,0.27,-0.0325));
#11666=CARTESIAN_POINT('',(0.1825,0.270995959557022,-0.0315040404429784));
#11667=CARTESIAN_POINT('',(0.218495959557021,0.270995959557022,-0.0315040404429784));
#11668=CARTESIAN_POINT('',(0.2175,0.27,-0.0325));
#11669=CARTESIAN_POINT('',(0.2175,0.27,-0.0325));
#11670=CARTESIAN_POINT('',(0.218495959557021,0.270995959557022,-0.0325));
#11671=CARTESIAN_POINT('',(0.1175,0.27,-0.0675));
#11672=CARTESIAN_POINT('',(0.1175,0.270995959557022,-0.0684959595570216));
#11673=CARTESIAN_POINT('',(0.118495959557022,0.270995959557022,-0.0684959595570216));
#11674=CARTESIAN_POINT('',(0.0815040404429784,0.270995959557022,-0.0684959595570216));
#11675=CARTESIAN_POINT('',(0.1175,0.27,-0.0675));
#11676=CARTESIAN_POINT('',(0.0825,0.27,-0.0675));
#11677=CARTESIAN_POINT('',(0.0825,0.27,-0.0675));
#11678=CARTESIAN_POINT('',(0.0815040404429784,0.270995959557022,-0.0675));
#11679=CARTESIAN_POINT('',(0.0815040404429784,0.270995959557022,-0.0315040404429784));
#11680=CARTESIAN_POINT('',(0.0825,0.27,-0.0325));
#11681=CARTESIAN_POINT('',(0.0825,0.27,-0.0325));
#11682=CARTESIAN_POINT('',(0.0825,0.270995959557022,-0.0315040404429784));
#11683=CARTESIAN_POINT('',(0.118495959557022,0.270995959557022,-0.0315040404429784));
#11684=CARTESIAN_POINT('',(0.1175,0.27,-0.0325));
#11685=CARTESIAN_POINT('',(0.1175,0.27,-0.0325));
#11686=CARTESIAN_POINT('',(0.118495959557022,0.270995959557022,-0.0325));
#11687=CARTESIAN_POINT('',(0.0174999999999999,0.27,-0.0675));
#11688=CARTESIAN_POINT('',(0.0174999999999999,0.270995959557022,-0.0684959595570216));
#11689=CARTESIAN_POINT('',(0.0184959595570215,0.270995959557022,-0.0684959595570216));
#11690=CARTESIAN_POINT('',(-0.0184959595570216,0.270995959557022,-0.0684959595570216));
#11691=CARTESIAN_POINT('',(0.0174999999999999,0.27,-0.0675));
#11692=CARTESIAN_POINT('',(-0.0175,0.27,-0.0675));
#11693=CARTESIAN_POINT('',(-0.0175,0.27,-0.0675));
#11694=CARTESIAN_POINT('',(-0.0184959595570216,0.270995959557022,-0.0675));
#11695=CARTESIAN_POINT('',(-0.0184959595570216,0.270995959557022,-0.0315040404429784));
#11696=CARTESIAN_POINT('',(-0.0175,0.27,-0.0325));
#11697=CARTESIAN_POINT('',(-0.0175,0.27,-0.0325));
#11698=CARTESIAN_POINT('',(-0.0175,0.270995959557022,-0.0315040404429784));
#11699=CARTESIAN_POINT('',(0.0184959595570215,0.270995959557022,-0.0315040404429784));
#11700=CARTESIAN_POINT('',(0.0174999999999999,0.27,-0.0325));
#11701=CARTESIAN_POINT('',(0.0174999999999999,0.27,-0.0325));
#11702=CARTESIAN_POINT('',(0.0184959595570216,0.270995959557022,-0.0325));
#11703=CARTESIAN_POINT('',(-0.0825000000000001,0.27,0.0325));
#11704=CARTESIAN_POINT('',(-0.0825000000000001,0.270995959557022,0.0315040404429784));
#11705=CARTESIAN_POINT('',(-0.0815040404429785,0.270995959557022,0.0315040404429784));
#11706=CARTESIAN_POINT('',(-0.118495959557022,0.270995959557022,0.0315040404429784));
#11707=CARTESIAN_POINT('',(-0.0825000000000001,0.27,0.0325));
#11708=CARTESIAN_POINT('',(-0.1175,0.27,0.0325));
#11709=CARTESIAN_POINT('',(-0.1175,0.27,0.0325));
#11710=CARTESIAN_POINT('',(-0.118495959557022,0.270995959557022,0.0325));
#11711=CARTESIAN_POINT('',(-0.118495959557022,0.270995959557022,0.0684959595570216));
#11712=CARTESIAN_POINT('',(-0.1175,0.27,0.0675));
#11713=CARTESIAN_POINT('',(-0.1175,0.27,0.0675));
#11714=CARTESIAN_POINT('',(-0.1175,0.270995959557022,0.0684959595570216));
#11715=CARTESIAN_POINT('',(-0.0815040404429785,0.270995959557022,0.0684959595570216));
#11716=CARTESIAN_POINT('',(-0.0825000000000001,0.27,0.0675));
#11717=CARTESIAN_POINT('',(-0.0825000000000001,0.27,0.0675));
#11718=CARTESIAN_POINT('',(-0.0815040404429785,0.270995959557022,0.0675));
#11719=CARTESIAN_POINT('',(0.0174999999999999,0.27,0.0325));
#11720=CARTESIAN_POINT('',(0.0174999999999999,0.270995959557022,0.0315040404429784));
#11721=CARTESIAN_POINT('',(0.0184959595570215,0.270995959557022,0.0315040404429784));
#11722=CARTESIAN_POINT('',(-0.0184959595570216,0.270995959557022,0.0315040404429784));
#11723=CARTESIAN_POINT('',(0.0174999999999999,0.27,0.0325));
#11724=CARTESIAN_POINT('',(-0.0175,0.27,0.0325));
#11725=CARTESIAN_POINT('',(-0.0175,0.27,0.0325));
#11726=CARTESIAN_POINT('',(-0.0184959595570216,0.270995959557022,0.0325));
#11727=CARTESIAN_POINT('',(-0.0184959595570216,0.270995959557022,0.0684959595570216));
#11728=CARTESIAN_POINT('',(-0.0175,0.27,0.0675));
#11729=CARTESIAN_POINT('',(-0.0175,0.27,0.0675));
#11730=CARTESIAN_POINT('',(-0.0175,0.270995959557022,0.0684959595570216));
#11731=CARTESIAN_POINT('',(0.0184959595570215,0.270995959557022,0.0684959595570216));
#11732=CARTESIAN_POINT('',(0.0174999999999999,0.27,0.0675));
#11733=CARTESIAN_POINT('',(0.0174999999999999,0.27,0.0675));
#11734=CARTESIAN_POINT('',(0.0184959595570216,0.270995959557022,0.0675));
#11735=CARTESIAN_POINT('',(0.1175,0.27,0.0325));
#11736=CARTESIAN_POINT('',(0.1175,0.270995959557022,0.0315040404429784));
#11737=CARTESIAN_POINT('',(0.118495959557022,0.270995959557022,0.0315040404429784));
#11738=CARTESIAN_POINT('',(0.0815040404429784,0.270995959557022,0.0315040404429784));
#11739=CARTESIAN_POINT('',(0.1175,0.27,0.0325));
#11740=CARTESIAN_POINT('',(0.0825,0.27,0.0325));
#11741=CARTESIAN_POINT('',(0.0825,0.27,0.0325));
#11742=CARTESIAN_POINT('',(0.0815040404429784,0.270995959557022,0.0325));
#11743=CARTESIAN_POINT('',(0.0815040404429784,0.270995959557022,0.0684959595570216));
#11744=CARTESIAN_POINT('',(0.0825,0.27,0.0675));
#11745=CARTESIAN_POINT('',(0.0825,0.27,0.0675));
#11746=CARTESIAN_POINT('',(0.0825,0.270995959557022,0.0684959595570216));
#11747=CARTESIAN_POINT('',(0.118495959557022,0.270995959557022,0.0684959595570216));
#11748=CARTESIAN_POINT('',(0.1175,0.27,0.0675));
#11749=CARTESIAN_POINT('',(0.1175,0.27,0.0675));
#11750=CARTESIAN_POINT('',(0.118495959557022,0.270995959557022,0.0675));
#11751=CARTESIAN_POINT('',(0.2175,0.27,0.0325));
#11752=CARTESIAN_POINT('',(0.2175,0.270995959557022,0.0315040404429784));
#11753=CARTESIAN_POINT('',(0.218495959557021,0.270995959557022,0.0315040404429784));
#11754=CARTESIAN_POINT('',(0.181504040442978,0.270995959557022,0.0315040404429784));
#11755=CARTESIAN_POINT('',(0.2175,0.27,0.0325));
#11756=CARTESIAN_POINT('',(0.1825,0.27,0.0325));
#11757=CARTESIAN_POINT('',(0.1825,0.27,0.0325));
#11758=CARTESIAN_POINT('',(0.181504040442978,0.270995959557022,0.0325));
#11759=CARTESIAN_POINT('',(0.181504040442978,0.270995959557022,0.0684959595570216));
#11760=CARTESIAN_POINT('',(0.1825,0.27,0.0675));
#11761=CARTESIAN_POINT('',(0.1825,0.27,0.0675));
#11762=CARTESIAN_POINT('',(0.1825,0.270995959557022,0.0684959595570216));
#11763=CARTESIAN_POINT('',(0.218495959557021,0.270995959557022,0.0684959595570216));
#11764=CARTESIAN_POINT('',(0.2175,0.27,0.0675));
#11765=CARTESIAN_POINT('',(0.2175,0.27,0.0675));
#11766=CARTESIAN_POINT('',(0.218495959557021,0.270995959557022,0.0675));
#11767=CARTESIAN_POINT('',(-0.0825000000000001,0.27,-0.0675));
#11768=CARTESIAN_POINT('',(-0.0825000000000001,0.270995959557022,-0.0684959595570216));
#11769=CARTESIAN_POINT('',(-0.0815040404429785,0.270995959557022,-0.0684959595570216));
#11770=CARTESIAN_POINT('',(-0.118495959557022,0.270995959557022,-0.0684959595570216));
#11771=CARTESIAN_POINT('',(-0.0825000000000001,0.27,-0.0675));
#11772=CARTESIAN_POINT('',(-0.1175,0.27,-0.0675));
#11773=CARTESIAN_POINT('',(-0.1175,0.27,-0.0675));
#11774=CARTESIAN_POINT('',(-0.118495959557022,0.270995959557022,-0.0675));
#11775=CARTESIAN_POINT('',(-0.118495959557022,0.270995959557022,-0.0315040404429784));
#11776=CARTESIAN_POINT('',(-0.1175,0.27,-0.0325));
#11777=CARTESIAN_POINT('',(-0.1175,0.27,-0.0325));
#11778=CARTESIAN_POINT('',(-0.1175,0.270995959557022,-0.0315040404429784));
#11779=CARTESIAN_POINT('',(-0.0815040404429785,0.270995959557022,-0.0315040404429784));
#11780=CARTESIAN_POINT('',(-0.0825000000000001,0.27,-0.0325));
#11781=CARTESIAN_POINT('',(-0.0825000000000001,0.27,-0.0325));
#11782=CARTESIAN_POINT('',(-0.0815040404429785,0.270995959557022,-0.0325));
#11783=CARTESIAN_POINT('',(-0.1825,0.27,-0.0675));
#11784=CARTESIAN_POINT('',(-0.1825,0.270995959557022,-0.0684959595570216));
#11785=CARTESIAN_POINT('',(-0.181504040442979,0.270995959557022,-0.0684959595570216));
#11786=CARTESIAN_POINT('',(-0.218495959557022,0.270995959557022,-0.0684959595570216));
#11787=CARTESIAN_POINT('',(-0.1825,0.27,-0.0675));
#11788=CARTESIAN_POINT('',(-0.2175,0.27,-0.0675));
#11789=CARTESIAN_POINT('',(-0.2175,0.27,-0.0675));
#11790=CARTESIAN_POINT('',(-0.218495959557022,0.270995959557022,-0.0675));
#11791=CARTESIAN_POINT('',(-0.218495959557022,0.270995959557022,-0.0315040404429784));
#11792=CARTESIAN_POINT('',(-0.2175,0.27,-0.0325));
#11793=CARTESIAN_POINT('',(-0.2175,0.27,-0.0325));
#11794=CARTESIAN_POINT('',(-0.2175,0.270995959557022,-0.0315040404429784));
#11795=CARTESIAN_POINT('',(-0.181504040442979,0.270995959557022,-0.0315040404429784));
#11796=CARTESIAN_POINT('',(-0.1825,0.27,-0.0325));
#11797=CARTESIAN_POINT('',(-0.1825,0.27,-0.0325));
#11798=CARTESIAN_POINT('',(-0.181504040442979,0.270995959557022,-0.0325));
#11799=CARTESIAN_POINT('',(-0.2825,0.27,-0.0675));
#11800=CARTESIAN_POINT('',(-0.2825,0.270995959557022,-0.0684959595570216));
#11801=CARTESIAN_POINT('',(-0.281504040442978,0.270995959557022,-0.0684959595570216));
#11802=CARTESIAN_POINT('',(-0.318495959557022,0.270995959557022,-0.0684959595570216));
#11803=CARTESIAN_POINT('',(-0.2825,0.27,-0.0675));
#11804=CARTESIAN_POINT('',(-0.3175,0.27,-0.0675));
#11805=CARTESIAN_POINT('',(-0.3175,0.27,-0.0675));
#11806=CARTESIAN_POINT('',(-0.318495959557022,0.270995959557022,-0.0675));
#11807=CARTESIAN_POINT('',(-0.318495959557022,0.270995959557022,-0.0315040404429784));
#11808=CARTESIAN_POINT('',(-0.3175,0.27,-0.0325));
#11809=CARTESIAN_POINT('',(-0.3175,0.27,-0.0325));
#11810=CARTESIAN_POINT('',(-0.3175,0.270995959557022,-0.0315040404429784));
#11811=CARTESIAN_POINT('',(-0.281504040442978,0.270995959557022,-0.0315040404429784));
#11812=CARTESIAN_POINT('',(-0.2825,0.27,-0.0325));
#11813=CARTESIAN_POINT('',(-0.2825,0.27,-0.0325));
#11814=CARTESIAN_POINT('',(-0.281504040442978,0.270995959557022,-0.0325));
#11815=CARTESIAN_POINT('',(0.3175,0.27,0.0325));
#11816=CARTESIAN_POINT('',(0.3175,0.270995959557022,0.0315040404429784));
#11817=CARTESIAN_POINT('',(0.318495959557022,0.270995959557022,0.0315040404429784));
#11818=CARTESIAN_POINT('',(0.281504040442978,0.270995959557022,0.0315040404429784));
#11819=CARTESIAN_POINT('',(0.3175,0.27,0.0325));
#11820=CARTESIAN_POINT('',(0.2825,0.27,0.0325));
#11821=CARTESIAN_POINT('',(0.2825,0.27,0.0325));
#11822=CARTESIAN_POINT('',(0.281504040442978,0.270995959557022,0.0325));
#11823=CARTESIAN_POINT('',(0.281504040442978,0.270995959557022,0.0684959595570216));
#11824=CARTESIAN_POINT('',(0.2825,0.27,0.0675));
#11825=CARTESIAN_POINT('',(0.2825,0.27,0.0675));
#11826=CARTESIAN_POINT('',(0.2825,0.270995959557022,0.0684959595570216));
#11827=CARTESIAN_POINT('',(0.318495959557022,0.270995959557022,0.0684959595570216));
#11828=CARTESIAN_POINT('',(0.3175,0.27,0.0675));
#11829=CARTESIAN_POINT('',(0.3175,0.27,0.0675));
#11830=CARTESIAN_POINT('',(0.318495959557022,0.270995959557022,0.0675));
#11831=CARTESIAN_POINT('',(-0.2825,0.29,0.0325));
#11832=CARTESIAN_POINT('',(-0.317404395035943,0.291824251387197,0.032595604964057));
#11833=CARTESIAN_POINT('',(-0.282595604964057,0.291824251387197,0.032595604964057));
#11834=CARTESIAN_POINT('',(-0.3175,0.29,0.0325));
#11835=CARTESIAN_POINT('',(-0.317404395035943,0.291824251387197,0.067404395035943));
#11836=CARTESIAN_POINT('',(-0.3175,0.29,0.0675));
#11837=CARTESIAN_POINT('',(-0.282595604964057,0.291824251387197,0.067404395035943));
#11838=CARTESIAN_POINT('',(-0.2825,0.29,0.0675));
#11839=CARTESIAN_POINT('',(0.3175,0.29,0.0325));
#11840=CARTESIAN_POINT('',(0.282595604964057,0.291824251387197,0.032595604964057));
#11841=CARTESIAN_POINT('',(0.317404395035943,0.291824251387197,0.032595604964057));
#11842=CARTESIAN_POINT('',(0.2825,0.29,0.0325));
#11843=CARTESIAN_POINT('',(0.282595604964057,0.291824251387197,0.067404395035943));
#11844=CARTESIAN_POINT('',(0.2825,0.29,0.0675));
#11845=CARTESIAN_POINT('',(0.317404395035943,0.291824251387197,0.067404395035943));
#11846=CARTESIAN_POINT('',(0.3175,0.29,0.0675));
#11847=CARTESIAN_POINT('',(-0.2825,0.29,-0.0675));
#11848=CARTESIAN_POINT('',(-0.317404395035943,0.291824251387197,-0.067404395035943));
#11849=CARTESIAN_POINT('',(-0.282595604964057,0.291824251387197,-0.067404395035943));
#11850=CARTESIAN_POINT('',(-0.3175,0.29,-0.0675));
#11851=CARTESIAN_POINT('',(-0.317404395035943,0.291824251387197,-0.032595604964057));
#11852=CARTESIAN_POINT('',(-0.3175,0.29,-0.0325));
#11853=CARTESIAN_POINT('',(-0.282595604964057,0.291824251387197,-0.032595604964057));
#11854=CARTESIAN_POINT('',(-0.2825,0.29,-0.0325));
#11855=CARTESIAN_POINT('',(-0.1825,0.29,-0.0675));
#11856=CARTESIAN_POINT('',(-0.217404395035943,0.291824251387197,-0.067404395035943));
#11857=CARTESIAN_POINT('',(-0.182595604964057,0.291824251387197,-0.067404395035943));
#11858=CARTESIAN_POINT('',(-0.2175,0.29,-0.0675));
#11859=CARTESIAN_POINT('',(-0.217404395035943,0.291824251387197,-0.032595604964057));
#11860=CARTESIAN_POINT('',(-0.2175,0.29,-0.0325));
#11861=CARTESIAN_POINT('',(-0.182595604964057,0.291824251387197,-0.032595604964057));
#11862=CARTESIAN_POINT('',(-0.1825,0.29,-0.0325));
#11863=CARTESIAN_POINT('',(-0.0825000000000001,0.29,-0.0675));
#11864=CARTESIAN_POINT('',(-0.117404395035943,0.291824251387197,-0.067404395035943));
#11865=CARTESIAN_POINT('',(-0.0825956049640571,0.291824251387197,-0.067404395035943));
#11866=CARTESIAN_POINT('',(-0.1175,0.29,-0.0675));
#11867=CARTESIAN_POINT('',(-0.117404395035943,0.291824251387197,-0.032595604964057));
#11868=CARTESIAN_POINT('',(-0.1175,0.29,-0.0325));
#11869=CARTESIAN_POINT('',(-0.0825956049640571,0.291824251387197,-0.032595604964057));
#11870=CARTESIAN_POINT('',(-0.0825000000000001,0.29,-0.0325));
#11871=CARTESIAN_POINT('',(0.2175,0.29,0.0325));
#11872=CARTESIAN_POINT('',(0.182595604964057,0.291824251387197,0.032595604964057));
#11873=CARTESIAN_POINT('',(0.217404395035943,0.291824251387197,0.032595604964057));
#11874=CARTESIAN_POINT('',(0.1825,0.29,0.0325));
#11875=CARTESIAN_POINT('',(0.182595604964057,0.291824251387197,0.067404395035943));
#11876=CARTESIAN_POINT('',(0.1825,0.29,0.0675));
#11877=CARTESIAN_POINT('',(0.217404395035943,0.291824251387197,0.067404395035943));
#11878=CARTESIAN_POINT('',(0.2175,0.29,0.0675));
#11879=CARTESIAN_POINT('',(0.1175,0.29,0.0325));
#11880=CARTESIAN_POINT('',(0.082595604964057,0.291824251387197,0.032595604964057));
#11881=CARTESIAN_POINT('',(0.117404395035943,0.291824251387197,0.032595604964057));
#11882=CARTESIAN_POINT('',(0.0825,0.29,0.0325));
#11883=CARTESIAN_POINT('',(0.082595604964057,0.291824251387197,0.067404395035943));
#11884=CARTESIAN_POINT('',(0.0825,0.29,0.0675));
#11885=CARTESIAN_POINT('',(0.117404395035943,0.291824251387197,0.067404395035943));
#11886=CARTESIAN_POINT('',(0.1175,0.29,0.0675));
#11887=CARTESIAN_POINT('',(0.0174999999999999,0.29,0.0325));
#11888=CARTESIAN_POINT('',(-0.017404395035943,0.291824251387197,0.032595604964057));
#11889=CARTESIAN_POINT('',(0.0174043950359429,0.291824251387197,0.032595604964057));
#11890=CARTESIAN_POINT('',(-0.0175,0.29,0.0325));
#11891=CARTESIAN_POINT('',(-0.017404395035943,0.291824251387197,0.067404395035943));
#11892=CARTESIAN_POINT('',(-0.0175,0.29,0.0675));
#11893=CARTESIAN_POINT('',(0.0174043950359429,0.291824251387197,0.067404395035943));
#11894=CARTESIAN_POINT('',(0.0174999999999999,0.29,0.0675));
#11895=CARTESIAN_POINT('',(-0.0825000000000001,0.29,0.0325));
#11896=CARTESIAN_POINT('',(-0.117404395035943,0.291824251387197,0.032595604964057));
#11897=CARTESIAN_POINT('',(-0.0825956049640571,0.291824251387197,0.032595604964057));
#11898=CARTESIAN_POINT('',(-0.1175,0.29,0.0325));
#11899=CARTESIAN_POINT('',(-0.117404395035943,0.291824251387197,0.067404395035943));
#11900=CARTESIAN_POINT('',(-0.1175,0.29,0.0675));
#11901=CARTESIAN_POINT('',(-0.0825956049640571,0.291824251387197,0.067404395035943));
#11902=CARTESIAN_POINT('',(-0.0825000000000001,0.29,0.0675));
#11903=CARTESIAN_POINT('',(0.0174999999999999,0.29,-0.0675));
#11904=CARTESIAN_POINT('',(-0.017404395035943,0.291824251387197,-0.067404395035943));
#11905=CARTESIAN_POINT('',(0.0174043950359429,0.291824251387197,-0.067404395035943));
#11906=CARTESIAN_POINT('',(-0.0175,0.29,-0.0675));
#11907=CARTESIAN_POINT('',(-0.017404395035943,0.291824251387197,-0.032595604964057));
#11908=CARTESIAN_POINT('',(-0.0175,0.29,-0.0325));
#11909=CARTESIAN_POINT('',(0.0174043950359429,0.291824251387197,-0.032595604964057));
#11910=CARTESIAN_POINT('',(0.0174999999999999,0.29,-0.0325));
#11911=CARTESIAN_POINT('',(0.1175,0.29,-0.0675));
#11912=CARTESIAN_POINT('',(0.082595604964057,0.291824251387197,-0.067404395035943));
#11913=CARTESIAN_POINT('',(0.117404395035943,0.291824251387197,-0.067404395035943));
#11914=CARTESIAN_POINT('',(0.0825,0.29,-0.0675));
#11915=CARTESIAN_POINT('',(0.082595604964057,0.291824251387197,-0.032595604964057));
#11916=CARTESIAN_POINT('',(0.0825,0.29,-0.0325));
#11917=CARTESIAN_POINT('',(0.117404395035943,0.291824251387197,-0.032595604964057));
#11918=CARTESIAN_POINT('',(0.1175,0.29,-0.0325));
#11919=CARTESIAN_POINT('',(0.2175,0.29,-0.0675));
#11920=CARTESIAN_POINT('',(0.182595604964057,0.291824251387197,-0.067404395035943));
#11921=CARTESIAN_POINT('',(0.217404395035943,0.291824251387197,-0.067404395035943));
#11922=CARTESIAN_POINT('',(0.1825,0.29,-0.0675));
#11923=CARTESIAN_POINT('',(0.182595604964057,0.291824251387197,-0.032595604964057));
#11924=CARTESIAN_POINT('',(0.1825,0.29,-0.0325));
#11925=CARTESIAN_POINT('',(0.217404395035943,0.291824251387197,-0.032595604964057));
#11926=CARTESIAN_POINT('',(0.2175,0.29,-0.0325));
#11927=CARTESIAN_POINT('',(0.3175,0.29,-0.0675));
#11928=CARTESIAN_POINT('',(0.282595604964057,0.291824251387197,-0.067404395035943));
#11929=CARTESIAN_POINT('',(0.317404395035943,0.291824251387197,-0.067404395035943));
#11930=CARTESIAN_POINT('',(0.2825,0.29,-0.0675));
#11931=CARTESIAN_POINT('',(0.282595604964057,0.291824251387197,-0.032595604964057));
#11932=CARTESIAN_POINT('',(0.2825,0.29,-0.0325));
#11933=CARTESIAN_POINT('',(0.317404395035943,0.291824251387197,-0.032595604964057));
#11934=CARTESIAN_POINT('',(0.3175,0.29,-0.0325));
#11935=CARTESIAN_POINT('',(-0.1825,0.29,0.0325));
#11936=CARTESIAN_POINT('',(-0.217404395035943,0.291824251387197,0.032595604964057));
#11937=CARTESIAN_POINT('',(-0.182595604964057,0.291824251387197,0.032595604964057));
#11938=CARTESIAN_POINT('',(-0.2175,0.29,0.0325));
#11939=CARTESIAN_POINT('',(-0.217404395035943,0.291824251387197,0.067404395035943));
#11940=CARTESIAN_POINT('',(-0.2175,0.29,0.0675));
#11941=CARTESIAN_POINT('',(-0.182595604964057,0.291824251387197,0.067404395035943));
#11942=CARTESIAN_POINT('',(-0.1825,0.29,0.0675));
#11943=CARTESIAN_POINT('',(0.,0.,0.));
#11944=CARTESIAN_POINT('',(0.34,0.00700000000000001,0.08));
#11945=CARTESIAN_POINT('',(0.34,0.015,0.08));
#11946=CARTESIAN_POINT('',(-0.34,0.015,0.08));
#11947=CARTESIAN_POINT('',(0.34,0.015,0.08));
#11948=CARTESIAN_POINT('',(-0.34,0.00700000000000001,0.08));
#11949=CARTESIAN_POINT('',(-0.34,0.0169999999999999,0.08));
#11950=CARTESIAN_POINT('',(0.34,0.0169999999999999,0.08));
#11951=CARTESIAN_POINT('',(0.34,0.0169999999999999,0.08));
#11952=CARTESIAN_POINT('',(0.34,0.00700000000000001,0.08));
#11953=CARTESIAN_POINT('',(0.34,0.017,-0.08));
#11954=CARTESIAN_POINT('',(0.34,0.015,-0.08));
#11955=CARTESIAN_POINT('',(0.34,0.015,-0.08));
#11956=CARTESIAN_POINT('',(-0.34,0.015,-0.08));
#11957=CARTESIAN_POINT('',(0.34,0.017,-0.08));
#11958=CARTESIAN_POINT('',(0.34,0.017,-0.08));
#11959=CARTESIAN_POINT('',(0.34,0.017,-0.08));
#11960=CARTESIAN_POINT('',(-0.34,0.017,-0.08));
#11961=CARTESIAN_POINT('',(-0.34,0.017,-0.08));
#11962=CARTESIAN_POINT('',(0.34,0.012,-0.09));
#11963=CARTESIAN_POINT('',(0.34,0.015,-0.09));
#11964=CARTESIAN_POINT('',(-0.34,0.015,-0.09));
#11965=CARTESIAN_POINT('',(0.34,0.015,-0.09));
#11966=CARTESIAN_POINT('',(-0.34,0.012,-0.09));
#11967=CARTESIAN_POINT('',(-0.34,0.017,-0.09));
#11968=CARTESIAN_POINT('',(0.34,0.017,-0.09));
#11969=CARTESIAN_POINT('',(0.34,0.017,-0.09));
#11970=CARTESIAN_POINT('',(0.34,0.012,-0.09));
#11971=CARTESIAN_POINT('',(0.34,0.017,0.09));
#11972=CARTESIAN_POINT('',(0.34,0.015,0.09));
#11973=CARTESIAN_POINT('',(0.34,0.015,0.09));
#11974=CARTESIAN_POINT('',(-0.34,0.015,0.09));
#11975=CARTESIAN_POINT('',(0.34,0.017,0.09));
#11976=CARTESIAN_POINT('',(0.34,0.017,0.09));
#11977=CARTESIAN_POINT('',(0.34,0.017,0.09));
#11978=CARTESIAN_POINT('',(-0.34,0.017,0.09));
#11979=CARTESIAN_POINT('',(-0.34,0.017,0.09));
#11980=CARTESIAN_POINT('',(0.34,-0.013,0.135));
#11981=CARTESIAN_POINT('',(0.34,0.015,0.135));
#11982=CARTESIAN_POINT('',(0.34,0.0169999999999999,0.08));
#11983=CARTESIAN_POINT('',(0.34,0.015,0.135));
#11984=CARTESIAN_POINT('',(0.34,0.017,-0.09));
#11985=CARTESIAN_POINT('',(0.34,0.017,-0.095));
#11986=CARTESIAN_POINT('',(0.34,0.017,-0.095));
#11987=CARTESIAN_POINT('',(0.34,0.26,-0.095));
#11988=CARTESIAN_POINT('',(0.34,0.26,-0.095));
#11989=CARTESIAN_POINT('',(0.34,0.26,0.095));
#11990=CARTESIAN_POINT('',(0.34,0.26,0.095));
#11991=CARTESIAN_POINT('',(0.34,0.017,0.095));
#11992=CARTESIAN_POINT('',(0.34,0.017,0.095));
#11993=CARTESIAN_POINT('',(-0.34,-0.013,0.135));
#11994=CARTESIAN_POINT('',(-0.34,0.015,0.135));
#11995=CARTESIAN_POINT('',(-0.34,0.017,0.095));
#11996=CARTESIAN_POINT('',(-0.34,0.017,0.095));
#11997=CARTESIAN_POINT('',(-0.34,0.26,0.095));
#11998=CARTESIAN_POINT('',(-0.34,0.26,0.095));
#11999=CARTESIAN_POINT('',(-0.34,0.26,-0.095));
#12000=CARTESIAN_POINT('',(-0.34,0.26,-0.095));
#12001=CARTESIAN_POINT('',(-0.34,0.017,-0.095));
#12002=CARTESIAN_POINT('',(-0.34,0.017,-0.095));
#12003=CARTESIAN_POINT('',(-0.34,0.017,-0.09));
#12004=CARTESIAN_POINT('',(-0.34,0.015,0.135));
#12005=CARTESIAN_POINT('',(-0.34,0.0169999999999999,0.08));
#12006=CARTESIAN_POINT('',(0.34,0.0169999999999999,0.08));
#12007=CARTESIAN_POINT('',(0.327148756588388,0.0169999999999999,0.08));
#12008=CARTESIAN_POINT('',(0.327148756588388,0.0169999999999999,0.077148756588388));
#12009=CARTESIAN_POINT('',(0.327148756588388,0.017,0.022851243411612));
#12010=CARTESIAN_POINT('',(0.34,0.017,0.022851243411612));
#12011=CARTESIAN_POINT('',(0.272851243411612,0.017,0.022851243411612));
#12012=CARTESIAN_POINT('',(0.272851243411612,0.0169999999999999,0.08));
#12013=CARTESIAN_POINT('',(0.272851243411612,0.0169999999999999,0.077148756588388));
#12014=CARTESIAN_POINT('',(0.34,0.0169999999999999,0.077148756588388));
#12015=CARTESIAN_POINT('',(-0.272851243411612,0.0169999999999999,0.08));
#12016=CARTESIAN_POINT('',(-0.272851243411612,0.017,-0.022851243411612));
#12017=CARTESIAN_POINT('',(-0.272851243411612,0.017,-0.077148756588388));
#12018=CARTESIAN_POINT('',(0.34,0.017,-0.077148756588388));
#12019=CARTESIAN_POINT('',(-0.327148756588388,0.017,-0.077148756588388));
#12020=CARTESIAN_POINT('',(-0.327148756588388,0.0169999999999999,0.08));
#12021=CARTESIAN_POINT('',(-0.327148756588388,0.017,-0.022851243411612));
#12022=CARTESIAN_POINT('',(0.34,0.017,-0.022851243411612));
#12023=CARTESIAN_POINT('',(-0.172851243411612,0.0169999999999999,0.08));
#12024=CARTESIAN_POINT('',(-0.172851243411612,0.017,-0.022851243411612));
#12025=CARTESIAN_POINT('',(-0.172851243411612,0.017,-0.077148756588388));
#12026=CARTESIAN_POINT('',(0.34,0.017,-0.077148756588388));
#12027=CARTESIAN_POINT('',(-0.227148756588388,0.017,-0.077148756588388));
#12028=CARTESIAN_POINT('',(-0.227148756588388,0.0169999999999999,0.08));
#12029=CARTESIAN_POINT('',(-0.227148756588388,0.017,-0.022851243411612));
#12030=CARTESIAN_POINT('',(0.34,0.017,-0.022851243411612));
#12031=CARTESIAN_POINT('',(-0.0728512434116121,0.0169999999999999,0.08));
#12032=CARTESIAN_POINT('',(-0.072851243411612,0.017,-0.022851243411612));
#12033=CARTESIAN_POINT('',(-0.072851243411612,0.017,-0.077148756588388));
#12034=CARTESIAN_POINT('',(0.34,0.017,-0.077148756588388));
#12035=CARTESIAN_POINT('',(-0.127148756588388,0.017,-0.077148756588388));
#12036=CARTESIAN_POINT('',(-0.127148756588388,0.0169999999999999,0.08));
#12037=CARTESIAN_POINT('',(-0.127148756588388,0.017,-0.022851243411612));
#12038=CARTESIAN_POINT('',(0.34,0.017,-0.022851243411612));
#12039=CARTESIAN_POINT('',(0.227148756588388,0.0169999999999999,0.08));
#12040=CARTESIAN_POINT('',(0.227148756588388,0.0169999999999999,0.077148756588388));
#12041=CARTESIAN_POINT('',(0.227148756588388,0.017,0.022851243411612));
#12042=CARTESIAN_POINT('',(0.34,0.017,0.022851243411612));
#12043=CARTESIAN_POINT('',(0.172851243411612,0.017,0.022851243411612));
#12044=CARTESIAN_POINT('',(0.172851243411612,0.0169999999999999,0.08));
#12045=CARTESIAN_POINT('',(0.172851243411612,0.0169999999999999,0.077148756588388));
#12046=CARTESIAN_POINT('',(0.34,0.0169999999999999,0.077148756588388));
#12047=CARTESIAN_POINT('',(0.127148756588388,0.0169999999999999,0.08));
#12048=CARTESIAN_POINT('',(0.127148756588388,0.0169999999999999,0.077148756588388));
#12049=CARTESIAN_POINT('',(0.127148756588388,0.017,0.022851243411612));
#12050=CARTESIAN_POINT('',(0.34,0.017,0.022851243411612));
#12051=CARTESIAN_POINT('',(0.0728512434116119,0.017,0.022851243411612));
#12052=CARTESIAN_POINT('',(0.0728512434116119,0.0169999999999999,0.08));
#12053=CARTESIAN_POINT('',(0.072851243411612,0.0169999999999999,0.077148756588388));
#12054=CARTESIAN_POINT('',(0.34,0.0169999999999999,0.077148756588388));
#12055=CARTESIAN_POINT('',(0.027148756588388,0.0169999999999999,0.08));
#12056=CARTESIAN_POINT('',(0.027148756588388,0.0169999999999999,0.077148756588388));
#12057=CARTESIAN_POINT('',(0.027148756588388,0.017,0.022851243411612));
#12058=CARTESIAN_POINT('',(0.34,0.017,0.022851243411612));
#12059=CARTESIAN_POINT('',(-0.0271487565883881,0.017,0.022851243411612));
#12060=CARTESIAN_POINT('',(-0.027148756588388,0.0169999999999999,0.08));
#12061=CARTESIAN_POINT('',(-0.027148756588388,0.0169999999999999,0.077148756588388));
#12062=CARTESIAN_POINT('',(0.34,0.0169999999999999,0.077148756588388));
#12063=CARTESIAN_POINT('',(-0.0728512434116121,0.0169999999999999,0.08));
#12064=CARTESIAN_POINT('',(-0.072851243411612,0.0169999999999999,0.077148756588388));
#12065=CARTESIAN_POINT('',(-0.072851243411612,0.017,0.022851243411612));
#12066=CARTESIAN_POINT('',(0.34,0.017,0.022851243411612));
#12067=CARTESIAN_POINT('',(-0.127148756588388,0.017,0.022851243411612));
#12068=CARTESIAN_POINT('',(-0.127148756588388,0.0169999999999999,0.08));
#12069=CARTESIAN_POINT('',(-0.127148756588388,0.0169999999999999,0.077148756588388));
#12070=CARTESIAN_POINT('',(0.34,0.0169999999999999,0.077148756588388));
#12071=CARTESIAN_POINT('',(0.027148756588388,0.0169999999999999,0.08));
#12072=CARTESIAN_POINT('',(0.027148756588388,0.017,-0.022851243411612));
#12073=CARTESIAN_POINT('',(0.027148756588388,0.017,-0.077148756588388));
#12074=CARTESIAN_POINT('',(0.34,0.017,-0.077148756588388));
#12075=CARTESIAN_POINT('',(-0.0271487565883881,0.017,-0.077148756588388));
#12076=CARTESIAN_POINT('',(-0.027148756588388,0.0169999999999999,0.08));
#12077=CARTESIAN_POINT('',(-0.027148756588388,0.017,-0.022851243411612));
#12078=CARTESIAN_POINT('',(0.34,0.017,-0.022851243411612));
#12079=CARTESIAN_POINT('',(0.127148756588388,0.0169999999999999,0.08));
#12080=CARTESIAN_POINT('',(0.127148756588388,0.017,-0.022851243411612));
#12081=CARTESIAN_POINT('',(0.127148756588388,0.017,-0.077148756588388));
#12082=CARTESIAN_POINT('',(0.34,0.017,-0.077148756588388));
#12083=CARTESIAN_POINT('',(0.0728512434116119,0.017,-0.077148756588388));
#12084=CARTESIAN_POINT('',(0.0728512434116119,0.0169999999999999,0.08));
#12085=CARTESIAN_POINT('',(0.072851243411612,0.017,-0.022851243411612));
#12086=CARTESIAN_POINT('',(0.34,0.017,-0.022851243411612));
#12087=CARTESIAN_POINT('',(0.227148756588388,0.0169999999999999,0.08));
#12088=CARTESIAN_POINT('',(0.227148756588388,0.017,-0.022851243411612));
#12089=CARTESIAN_POINT('',(0.227148756588388,0.017,-0.077148756588388));
#12090=CARTESIAN_POINT('',(0.34,0.017,-0.077148756588388));
#12091=CARTESIAN_POINT('',(0.172851243411612,0.017,-0.077148756588388));
#12092=CARTESIAN_POINT('',(0.172851243411612,0.0169999999999999,0.08));
#12093=CARTESIAN_POINT('',(0.172851243411612,0.017,-0.022851243411612));
#12094=CARTESIAN_POINT('',(0.34,0.017,-0.022851243411612));
#12095=CARTESIAN_POINT('',(0.327148756588388,0.0169999999999999,0.08));
#12096=CARTESIAN_POINT('',(0.327148756588388,0.017,-0.022851243411612));
#12097=CARTESIAN_POINT('',(0.327148756588388,0.017,-0.077148756588388));
#12098=CARTESIAN_POINT('',(0.34,0.017,-0.077148756588388));
#12099=CARTESIAN_POINT('',(0.272851243411612,0.017,-0.077148756588388));
#12100=CARTESIAN_POINT('',(0.272851243411612,0.0169999999999999,0.08));
#12101=CARTESIAN_POINT('',(0.272851243411612,0.017,-0.022851243411612));
#12102=CARTESIAN_POINT('',(0.34,0.017,-0.022851243411612));
#12103=CARTESIAN_POINT('',(-0.172851243411612,0.0169999999999999,0.08));
#12104=CARTESIAN_POINT('',(-0.172851243411612,0.0169999999999999,0.077148756588388));
#12105=CARTESIAN_POINT('',(-0.172851243411612,0.017,0.022851243411612));
#12106=CARTESIAN_POINT('',(0.34,0.017,0.022851243411612));
#12107=CARTESIAN_POINT('',(-0.227148756588388,0.017,0.022851243411612));
#12108=CARTESIAN_POINT('',(-0.227148756588388,0.0169999999999999,0.08));
#12109=CARTESIAN_POINT('',(-0.227148756588388,0.0169999999999999,0.077148756588388));
#12110=CARTESIAN_POINT('',(0.34,0.0169999999999999,0.077148756588388));
#12111=CARTESIAN_POINT('',(-0.272851243411612,0.0169999999999999,0.08));
#12112=CARTESIAN_POINT('',(-0.272851243411612,0.0169999999999999,0.077148756588388));
#12113=CARTESIAN_POINT('',(-0.272851243411612,0.017,0.022851243411612));
#12114=CARTESIAN_POINT('',(0.34,0.017,0.022851243411612));
#12115=CARTESIAN_POINT('',(-0.327148756588388,0.017,0.022851243411612));
#12116=CARTESIAN_POINT('',(-0.327148756588388,0.0169999999999999,0.08));
#12117=CARTESIAN_POINT('',(-0.327148756588388,0.0169999999999999,0.077148756588388));
#12118=CARTESIAN_POINT('',(0.34,0.0169999999999999,0.077148756588388));
#12119=CARTESIAN_POINT('',(0.34,0.017,-0.09));
#12120=CARTESIAN_POINT('',(0.34,0.017,-0.095));
#12121=CARTESIAN_POINT('',(0.34,0.017,-0.095));
#12122=CARTESIAN_POINT('',(0.34,0.26,-0.095));
#12123=CARTESIAN_POINT('',(0.34,0.26,-0.095));
#12124=CARTESIAN_POINT('',(0.279214422352924,0.26,-0.095));
#12125=CARTESIAN_POINT('',(0.279214422352924,0.26,0.0707855776470756));
#12126=CARTESIAN_POINT('',(0.279214422352924,0.26,0.0292144223529244));
#12127=CARTESIAN_POINT('',(0.34,0.26,0.0292144223529244));
#12128=CARTESIAN_POINT('',(0.320785577647076,0.26,0.0292144223529244));
#12129=CARTESIAN_POINT('',(0.320785577647076,0.26,-0.095));
#12130=CARTESIAN_POINT('',(0.320785577647076,0.26,0.0707855776470756));
#12131=CARTESIAN_POINT('',(0.34,0.26,0.0707855776470756));
#12132=CARTESIAN_POINT('',(-0.320785577647076,0.26,-0.095));
#12133=CARTESIAN_POINT('',(-0.320785577647076,0.26,-0.0292144223529244));
#12134=CARTESIAN_POINT('',(-0.320785577647076,0.26,-0.0707855776470756));
#12135=CARTESIAN_POINT('',(0.34,0.26,-0.0707855776470756));
#12136=CARTESIAN_POINT('',(-0.279214422352924,0.26,-0.0707855776470756));
#12137=CARTESIAN_POINT('',(-0.279214422352925,0.26,-0.095));
#12138=CARTESIAN_POINT('',(-0.279214422352924,0.26,-0.0292144223529244));
#12139=CARTESIAN_POINT('',(0.34,0.26,-0.0292144223529244));
#12140=CARTESIAN_POINT('',(-0.220785577647076,0.26,-0.095));
#12141=CARTESIAN_POINT('',(-0.220785577647076,0.26,-0.0292144223529244));
#12142=CARTESIAN_POINT('',(-0.220785577647076,0.26,-0.0707855776470756));
#12143=CARTESIAN_POINT('',(0.34,0.26,-0.0707855776470756));
#12144=CARTESIAN_POINT('',(-0.179214422352924,0.26,-0.0707855776470756));
#12145=CARTESIAN_POINT('',(-0.179214422352924,0.26,-0.095));
#12146=CARTESIAN_POINT('',(-0.179214422352924,0.26,-0.0292144223529244));
#12147=CARTESIAN_POINT('',(0.34,0.26,-0.0292144223529244));
#12148=CARTESIAN_POINT('',(-0.120785577647076,0.26,-0.095));
#12149=CARTESIAN_POINT('',(-0.120785577647076,0.26,-0.0292144223529244));
#12150=CARTESIAN_POINT('',(-0.120785577647076,0.26,-0.0707855776470756));
#12151=CARTESIAN_POINT('',(0.34,0.26,-0.0707855776470756));
#12152=CARTESIAN_POINT('',(-0.0792144223529244,0.26,-0.0707855776470756));
#12153=CARTESIAN_POINT('',(-0.0792144223529244,0.26,-0.095));
#12154=CARTESIAN_POINT('',(-0.0792144223529244,0.26,-0.0292144223529244));
#12155=CARTESIAN_POINT('',(0.34,0.26,-0.0292144223529244));
#12156=CARTESIAN_POINT('',(0.179214422352924,0.26,-0.095));
#12157=CARTESIAN_POINT('',(0.179214422352924,0.26,0.0707855776470756));
#12158=CARTESIAN_POINT('',(0.179214422352924,0.26,0.0292144223529244));
#12159=CARTESIAN_POINT('',(0.34,0.26,0.0292144223529244));
#12160=CARTESIAN_POINT('',(0.220785577647075,0.26,0.0292144223529244));
#12161=CARTESIAN_POINT('',(0.220785577647075,0.26,-0.095));
#12162=CARTESIAN_POINT('',(0.220785577647075,0.26,0.0707855776470756));
#12163=CARTESIAN_POINT('',(0.34,0.26,0.0707855776470756));
#12164=CARTESIAN_POINT('',(0.0792144223529243,0.26,-0.095));
#12165=CARTESIAN_POINT('',(0.0792144223529244,0.26,0.0707855776470756));
#12166=CARTESIAN_POINT('',(0.0792144223529243,0.26,0.0292144223529244));
#12167=CARTESIAN_POINT('',(0.34,0.26,0.0292144223529244));
#12168=CARTESIAN_POINT('',(0.120785577647076,0.26,0.0292144223529244));
#12169=CARTESIAN_POINT('',(0.120785577647076,0.26,-0.095));
#12170=CARTESIAN_POINT('',(0.120785577647076,0.26,0.0707855776470756));
#12171=CARTESIAN_POINT('',(0.34,0.26,0.0707855776470756));
#12172=CARTESIAN_POINT('',(-0.0207855776470756,0.26,-0.095));
#12173=CARTESIAN_POINT('',(-0.0207855776470756,0.26,0.0707855776470756));
#12174=CARTESIAN_POINT('',(-0.0207855776470757,0.26,0.0292144223529244));
#12175=CARTESIAN_POINT('',(0.34,0.26,0.0292144223529244));
#12176=CARTESIAN_POINT('',(0.0207855776470756,0.26,0.0292144223529244));
#12177=CARTESIAN_POINT('',(0.0207855776470756,0.26,-0.095));
#12178=CARTESIAN_POINT('',(0.0207855776470756,0.26,0.0707855776470756));
#12179=CARTESIAN_POINT('',(0.34,0.26,0.0707855776470756));
#12180=CARTESIAN_POINT('',(-0.120785577647076,0.26,-0.095));
#12181=CARTESIAN_POINT('',(-0.120785577647076,0.26,0.0707855776470756));
#12182=CARTESIAN_POINT('',(-0.120785577647076,0.26,0.0292144223529244));
#12183=CARTESIAN_POINT('',(0.34,0.26,0.0292144223529244));
#12184=CARTESIAN_POINT('',(-0.0792144223529244,0.26,0.0292144223529244));
#12185=CARTESIAN_POINT('',(-0.0792144223529244,0.26,-0.095));
#12186=CARTESIAN_POINT('',(-0.0792144223529244,0.26,0.0707855776470756));
#12187=CARTESIAN_POINT('',(0.34,0.26,0.0707855776470756));
#12188=CARTESIAN_POINT('',(-0.0207855776470756,0.26,-0.095));
#12189=CARTESIAN_POINT('',(-0.0207855776470756,0.26,-0.0292144223529244));
#12190=CARTESIAN_POINT('',(-0.0207855776470757,0.26,-0.0707855776470756));
#12191=CARTESIAN_POINT('',(0.34,0.26,-0.0707855776470756));
#12192=CARTESIAN_POINT('',(0.0207855776470756,0.26,-0.0707855776470756));
#12193=CARTESIAN_POINT('',(0.0207855776470756,0.26,-0.095));
#12194=CARTESIAN_POINT('',(0.0207855776470756,0.26,-0.0292144223529244));
#12195=CARTESIAN_POINT('',(0.34,0.26,-0.0292144223529244));
#12196=CARTESIAN_POINT('',(0.0792144223529243,0.26,-0.095));
#12197=CARTESIAN_POINT('',(0.0792144223529244,0.26,-0.0292144223529244));
#12198=CARTESIAN_POINT('',(0.0792144223529243,0.26,-0.0707855776470756));
#12199=CARTESIAN_POINT('',(0.34,0.26,-0.0707855776470756));
#12200=CARTESIAN_POINT('',(0.120785577647076,0.26,-0.0707855776470756));
#12201=CARTESIAN_POINT('',(0.120785577647076,0.26,-0.095));
#12202=CARTESIAN_POINT('',(0.120785577647076,0.26,-0.0292144223529244));
#12203=CARTESIAN_POINT('',(0.34,0.26,-0.0292144223529244));
#12204=CARTESIAN_POINT('',(0.179214422352924,0.26,-0.095));
#12205=CARTESIAN_POINT('',(0.179214422352924,0.26,-0.0292144223529244));
#12206=CARTESIAN_POINT('',(0.179214422352924,0.26,-0.0707855776470756));
#12207=CARTESIAN_POINT('',(0.34,0.26,-0.0707855776470756));
#12208=CARTESIAN_POINT('',(0.220785577647075,0.26,-0.0707855776470756));
#12209=CARTESIAN_POINT('',(0.220785577647075,0.26,-0.095));
#12210=CARTESIAN_POINT('',(0.220785577647075,0.26,-0.0292144223529244));
#12211=CARTESIAN_POINT('',(0.34,0.26,-0.0292144223529244));
#12212=CARTESIAN_POINT('',(0.279214422352924,0.26,-0.095));
#12213=CARTESIAN_POINT('',(0.279214422352924,0.26,-0.0292144223529244));
#12214=CARTESIAN_POINT('',(0.279214422352924,0.26,-0.0707855776470756));
#12215=CARTESIAN_POINT('',(0.34,0.26,-0.0707855776470756));
#12216=CARTESIAN_POINT('',(0.320785577647076,0.26,-0.0707855776470756));
#12217=CARTESIAN_POINT('',(0.320785577647076,0.26,-0.095));
#12218=CARTESIAN_POINT('',(0.320785577647076,0.26,-0.0292144223529244));
#12219=CARTESIAN_POINT('',(0.34,0.26,-0.0292144223529244));
#12220=CARTESIAN_POINT('',(-0.220785577647076,0.26,-0.095));
#12221=CARTESIAN_POINT('',(-0.220785577647076,0.26,0.0707855776470756));
#12222=CARTESIAN_POINT('',(-0.220785577647076,0.26,0.0292144223529244));
#12223=CARTESIAN_POINT('',(0.34,0.26,0.0292144223529244));
#12224=CARTESIAN_POINT('',(-0.179214422352924,0.26,0.0292144223529244));
#12225=CARTESIAN_POINT('',(-0.179214422352924,0.26,-0.095));
#12226=CARTESIAN_POINT('',(-0.179214422352924,0.26,0.0707855776470756));
#12227=CARTESIAN_POINT('',(0.34,0.26,0.0707855776470756));
#12228=CARTESIAN_POINT('',(-0.320785577647076,0.26,-0.095));
#12229=CARTESIAN_POINT('',(-0.320785577647076,0.26,0.0707855776470756));
#12230=CARTESIAN_POINT('',(-0.320785577647076,0.26,0.0292144223529244));
#12231=CARTESIAN_POINT('',(0.34,0.26,0.0292144223529244));
#12232=CARTESIAN_POINT('',(-0.279214422352924,0.26,0.0292144223529244));
#12233=CARTESIAN_POINT('',(-0.279214422352925,0.26,-0.095));
#12234=CARTESIAN_POINT('',(-0.279214422352924,0.26,0.0707855776470756));
#12235=CARTESIAN_POINT('',(0.34,0.26,0.0707855776470756));
#12236=CARTESIAN_POINT('',(0.34,0.26,0.095));
#12237=CARTESIAN_POINT('',(0.34,0.26,0.095));
#12238=CARTESIAN_POINT('',(0.34,0.017,0.095));
#12239=CARTESIAN_POINT('',(0.34,0.017,0.095));
#12240=CARTESIAN_POINT('',(0.39,0.015,0.3));
#12241=CARTESIAN_POINT('',(0.29,0.015,0.3));
#12242=CARTESIAN_POINT('',(-0.28,0.29,0.03));
#12243=CARTESIAN_POINT('',(-0.28002739053602,0.291046002369912,0.0300273905360197));
#12244=CARTESIAN_POINT('',(-0.31997260946398,0.291046002369912,0.0300273905360197));
#12245=CARTESIAN_POINT('',(-0.32,0.29,0.03));
#12246=CARTESIAN_POINT('',(-0.31997260946398,0.291046002369912,0.0699726094639803));
#12247=CARTESIAN_POINT('',(-0.32,0.29,0.07));
#12248=CARTESIAN_POINT('',(-0.28002739053602,0.291046002369912,0.0699726094639803));
#12249=CARTESIAN_POINT('',(-0.28,0.29,0.07));
#12250=CARTESIAN_POINT('',(-0.18,0.29,0.03));
#12251=CARTESIAN_POINT('',(-0.18002739053602,0.291046002369912,0.0300273905360197));
#12252=CARTESIAN_POINT('',(-0.21997260946398,0.291046002369912,0.0300273905360197));
#12253=CARTESIAN_POINT('',(-0.22,0.29,0.03));
#12254=CARTESIAN_POINT('',(-0.21997260946398,0.291046002369912,0.0699726094639803));
#12255=CARTESIAN_POINT('',(-0.22,0.29,0.07));
#12256=CARTESIAN_POINT('',(-0.18002739053602,0.291046002369912,0.0699726094639803));
#12257=CARTESIAN_POINT('',(-0.18,0.29,0.07));
#12258=CARTESIAN_POINT('',(0.32,0.29,-0.07));
#12259=CARTESIAN_POINT('',(0.31997260946398,0.291046002369912,-0.0699726094639803));
#12260=CARTESIAN_POINT('',(0.28002739053602,0.291046002369912,-0.0699726094639803));
#12261=CARTESIAN_POINT('',(0.28,0.29,-0.07));
#12262=CARTESIAN_POINT('',(0.28002739053602,0.291046002369912,-0.0300273905360197));
#12263=CARTESIAN_POINT('',(0.28,0.29,-0.03));
#12264=CARTESIAN_POINT('',(0.31997260946398,0.291046002369912,-0.0300273905360197));
#12265=CARTESIAN_POINT('',(0.32,0.29,-0.03));
#12266=CARTESIAN_POINT('',(0.22,0.29,-0.07));
#12267=CARTESIAN_POINT('',(0.21997260946398,0.291046002369912,-0.0699726094639803));
#12268=CARTESIAN_POINT('',(0.18002739053602,0.291046002369912,-0.0699726094639803));
#12269=CARTESIAN_POINT('',(0.18,0.29,-0.07));
#12270=CARTESIAN_POINT('',(0.18002739053602,0.291046002369912,-0.0300273905360197));
#12271=CARTESIAN_POINT('',(0.18,0.29,-0.03));
#12272=CARTESIAN_POINT('',(0.21997260946398,0.291046002369912,-0.0300273905360197));
#12273=CARTESIAN_POINT('',(0.22,0.29,-0.03));
#12274=CARTESIAN_POINT('',(0.12,0.29,-0.07));
#12275=CARTESIAN_POINT('',(0.11997260946398,0.291046002369912,-0.0699726094639803));
#12276=CARTESIAN_POINT('',(0.0800273905360196,0.291046002369912,-0.0699726094639803));
#12277=CARTESIAN_POINT('',(0.08,0.29,-0.07));
#12278=CARTESIAN_POINT('',(0.0800273905360197,0.291046002369912,-0.0300273905360197));
#12279=CARTESIAN_POINT('',(0.08,0.29,-0.03));
#12280=CARTESIAN_POINT('',(0.11997260946398,0.291046002369912,-0.0300273905360197));
#12281=CARTESIAN_POINT('',(0.12,0.29,-0.03));
#12282=CARTESIAN_POINT('',(0.02,0.29,-0.07));
#12283=CARTESIAN_POINT('',(0.0199726094639803,0.291046002369912,-0.0699726094639803));
#12284=CARTESIAN_POINT('',(-0.0199726094639804,0.291046002369912,-0.0699726094639803));
#12285=CARTESIAN_POINT('',(-0.02,0.29,-0.07));
#12286=CARTESIAN_POINT('',(-0.0199726094639803,0.291046002369912,-0.0300273905360197));
#12287=CARTESIAN_POINT('',(-0.02,0.29,-0.03));
#12288=CARTESIAN_POINT('',(0.0199726094639803,0.291046002369912,-0.0300273905360197));
#12289=CARTESIAN_POINT('',(0.02,0.29,-0.03));
#12290=CARTESIAN_POINT('',(-0.0800000000000001,0.29,0.03));
#12291=CARTESIAN_POINT('',(-0.0800273905360198,0.291046002369912,0.0300273905360197));
#12292=CARTESIAN_POINT('',(-0.11997260946398,0.291046002369912,0.0300273905360197));
#12293=CARTESIAN_POINT('',(-0.12,0.29,0.03));
#12294=CARTESIAN_POINT('',(-0.11997260946398,0.291046002369912,0.0699726094639803));
#12295=CARTESIAN_POINT('',(-0.12,0.29,0.07));
#12296=CARTESIAN_POINT('',(-0.0800273905360198,0.291046002369912,0.0699726094639803));
#12297=CARTESIAN_POINT('',(-0.0800000000000001,0.29,0.07));
#12298=CARTESIAN_POINT('',(0.02,0.29,0.03));
#12299=CARTESIAN_POINT('',(0.0199726094639803,0.291046002369912,0.0300273905360197));
#12300=CARTESIAN_POINT('',(-0.0199726094639804,0.291046002369912,0.0300273905360197));
#12301=CARTESIAN_POINT('',(-0.02,0.29,0.03));
#12302=CARTESIAN_POINT('',(-0.0199726094639803,0.291046002369912,0.0699726094639803));
#12303=CARTESIAN_POINT('',(-0.02,0.29,0.07));
#12304=CARTESIAN_POINT('',(0.0199726094639803,0.291046002369912,0.0699726094639803));
#12305=CARTESIAN_POINT('',(0.02,0.29,0.07));
#12306=CARTESIAN_POINT('',(0.12,0.29,0.03));
#12307=CARTESIAN_POINT('',(0.11997260946398,0.291046002369912,0.0300273905360197));
#12308=CARTESIAN_POINT('',(0.0800273905360196,0.291046002369912,0.0300273905360197));
#12309=CARTESIAN_POINT('',(0.08,0.29,0.03));
#12310=CARTESIAN_POINT('',(0.0800273905360197,0.291046002369912,0.0699726094639803));
#12311=CARTESIAN_POINT('',(0.08,0.29,0.07));
#12312=CARTESIAN_POINT('',(0.11997260946398,0.291046002369912,0.0699726094639803));
#12313=CARTESIAN_POINT('',(0.12,0.29,0.07));
#12314=CARTESIAN_POINT('',(0.22,0.29,0.03));
#12315=CARTESIAN_POINT('',(0.21997260946398,0.291046002369912,0.0300273905360197));
#12316=CARTESIAN_POINT('',(0.18002739053602,0.291046002369912,0.0300273905360197));
#12317=CARTESIAN_POINT('',(0.18,0.29,0.03));
#12318=CARTESIAN_POINT('',(0.18002739053602,0.291046002369912,0.0699726094639803));
#12319=CARTESIAN_POINT('',(0.18,0.29,0.07));
#12320=CARTESIAN_POINT('',(0.21997260946398,0.291046002369912,0.0699726094639803));
#12321=CARTESIAN_POINT('',(0.22,0.29,0.07));
#12322=CARTESIAN_POINT('',(-0.0800000000000001,0.29,-0.07));
#12323=CARTESIAN_POINT('',(-0.0800273905360198,0.291046002369912,-0.0699726094639803));
#12324=CARTESIAN_POINT('',(-0.11997260946398,0.291046002369912,-0.0699726094639803));
#12325=CARTESIAN_POINT('',(-0.12,0.29,-0.07));
#12326=CARTESIAN_POINT('',(-0.11997260946398,0.291046002369912,-0.0300273905360197));
#12327=CARTESIAN_POINT('',(-0.12,0.29,-0.03));
#12328=CARTESIAN_POINT('',(-0.0800273905360198,0.291046002369912,-0.0300273905360197));
#12329=CARTESIAN_POINT('',(-0.0800000000000001,0.29,-0.03));
#12330=CARTESIAN_POINT('',(-0.18,0.29,-0.07));
#12331=CARTESIAN_POINT('',(-0.18002739053602,0.291046002369912,-0.0699726094639803));
#12332=CARTESIAN_POINT('',(-0.21997260946398,0.291046002369912,-0.0699726094639803));
#12333=CARTESIAN_POINT('',(-0.22,0.29,-0.07));
#12334=CARTESIAN_POINT('',(-0.21997260946398,0.291046002369912,-0.0300273905360197));
#12335=CARTESIAN_POINT('',(-0.22,0.29,-0.03));
#12336=CARTESIAN_POINT('',(-0.18002739053602,0.291046002369912,-0.0300273905360197));
#12337=CARTESIAN_POINT('',(-0.18,0.29,-0.03));
#12338=CARTESIAN_POINT('',(-0.28,0.29,-0.07));
#12339=CARTESIAN_POINT('',(-0.28002739053602,0.291046002369912,-0.0699726094639803));
#12340=CARTESIAN_POINT('',(-0.31997260946398,0.291046002369912,-0.0699726094639803));
#12341=CARTESIAN_POINT('',(-0.32,0.29,-0.07));
#12342=CARTESIAN_POINT('',(-0.31997260946398,0.291046002369912,-0.0300273905360197));
#12343=CARTESIAN_POINT('',(-0.32,0.29,-0.03));
#12344=CARTESIAN_POINT('',(-0.28002739053602,0.291046002369912,-0.0300273905360197));
#12345=CARTESIAN_POINT('',(-0.28,0.29,-0.03));
#12346=CARTESIAN_POINT('',(0.32,0.29,0.03));
#12347=CARTESIAN_POINT('',(0.31997260946398,0.291046002369912,0.0300273905360197));
#12348=CARTESIAN_POINT('',(0.28002739053602,0.291046002369912,0.0300273905360197));
#12349=CARTESIAN_POINT('',(0.28,0.29,0.03));
#12350=CARTESIAN_POINT('',(0.28002739053602,0.291046002369912,0.0699726094639803));
#12351=CARTESIAN_POINT('',(0.28,0.29,0.07));
#12352=CARTESIAN_POINT('',(0.31997260946398,0.291046002369912,0.0699726094639803));
#12353=CARTESIAN_POINT('',(0.32,0.29,0.07));
#12354=CARTESIAN_POINT('',(0.,0.,0.));
#12355=CARTESIAN_POINT('',(0.34,-0.013,0.135));
#12356=CARTESIAN_POINT('',(0.34,0.017,-0.095));
#12357=CARTESIAN_POINT('',(0.34,0.017,-0.095));
#12358=CARTESIAN_POINT('',(0.34,0.025,-0.095));
#12359=CARTESIAN_POINT('',(0.34,0.025,0.135));
#12360=CARTESIAN_POINT('',(0.34,0.025,0.095));
#12361=CARTESIAN_POINT('',(0.34,0.26,0.095));
#12362=CARTESIAN_POINT('',(0.34,0.017,0.095));
#12363=CARTESIAN_POINT('',(0.34,0.017,0.095));
#12364=CARTESIAN_POINT('',(0.34,0.017,0.09));
#12365=CARTESIAN_POINT('',(0.34,0.017,0.09));
#12366=CARTESIAN_POINT('',(0.34,0.015,0.09));
#12367=CARTESIAN_POINT('',(0.34,0.015,0.135));
#12368=CARTESIAN_POINT('',(0.34,0.015,0.08));
#12369=CARTESIAN_POINT('',(0.34,0.00700000000000001,0.08));
#12370=CARTESIAN_POINT('',(0.34,0.0169999999999999,0.08));
#12371=CARTESIAN_POINT('',(0.34,0.0169999999999999,0.08));
#12372=CARTESIAN_POINT('',(0.34,0.017,-0.08));
#12373=CARTESIAN_POINT('',(0.34,0.017,-0.08));
#12374=CARTESIAN_POINT('',(0.34,0.015,-0.08));
#12375=CARTESIAN_POINT('',(0.34,0.015,0.135));
#12376=CARTESIAN_POINT('',(0.34,0.015,-0.09));
#12377=CARTESIAN_POINT('',(0.34,0.012,-0.09));
#12378=CARTESIAN_POINT('',(0.34,0.017,-0.09));
#12379=CARTESIAN_POINT('',(0.34,0.017,-0.09));
#12380=CARTESIAN_POINT('',(-0.34,-0.013,0.135));
#12381=CARTESIAN_POINT('',(-0.34,0.025,0.135));
#12382=CARTESIAN_POINT('',(-0.34,0.025,-0.095));
#12383=CARTESIAN_POINT('',(-0.34,0.025,0.095));
#12384=CARTESIAN_POINT('',(-0.34,0.017,-0.095));
#12385=CARTESIAN_POINT('',(-0.34,0.017,-0.095));
#12386=CARTESIAN_POINT('',(-0.34,0.017,-0.09));
#12387=CARTESIAN_POINT('',(-0.34,0.017,-0.09));
#12388=CARTESIAN_POINT('',(-0.34,0.012,-0.09));
#12389=CARTESIAN_POINT('',(-0.34,0.015,-0.09));
#12390=CARTESIAN_POINT('',(-0.34,0.015,0.135));
#12391=CARTESIAN_POINT('',(-0.34,0.015,-0.08));
#12392=CARTESIAN_POINT('',(-0.34,0.017,-0.08));
#12393=CARTESIAN_POINT('',(-0.34,0.017,-0.08));
#12394=CARTESIAN_POINT('',(-0.34,0.0169999999999999,0.08));
#12395=CARTESIAN_POINT('',(-0.34,0.0169999999999999,0.08));
#12396=CARTESIAN_POINT('',(-0.34,0.00700000000000001,0.08));
#12397=CARTESIAN_POINT('',(-0.34,0.015,0.08));
#12398=CARTESIAN_POINT('',(-0.34,0.015,0.135));
#12399=CARTESIAN_POINT('',(-0.34,0.015,0.09));
#12400=CARTESIAN_POINT('',(-0.34,0.017,0.09));
#12401=CARTESIAN_POINT('',(-0.34,0.017,0.09));
#12402=CARTESIAN_POINT('',(-0.34,0.017,0.095));
#12403=CARTESIAN_POINT('',(-0.34,0.017,0.095));
#12404=CARTESIAN_POINT('',(-0.34,0.26,0.095));
#12405=CARTESIAN_POINT('',(0.34,0.017,-0.095));
#12406=CARTESIAN_POINT('',(0.34,0.025,-0.095));
#12407=CARTESIAN_POINT('',(0.34,0.017,-0.095));
#12408=CARTESIAN_POINT('',(0.34,0.26,0.095));
#12409=CARTESIAN_POINT('',(0.34,0.025,0.095));
#12410=CARTESIAN_POINT('',(0.34,0.017,0.095));
#12411=CARTESIAN_POINT('',(-0.28,0.29,0.03));
#12412=CARTESIAN_POINT('',(-0.28,0.025,0.0230607307841655));
#12413=CARTESIAN_POINT('',(-0.326939269215835,0.025,0.0230607307841655));
#12414=CARTESIAN_POINT('',(-0.273060730784166,0.025,0.0230607307841655));
#12415=CARTESIAN_POINT('',(-0.31997260946398,0.291046002369912,0.0300273905360197));
#12416=CARTESIAN_POINT('',(-0.327148756588388,0.017,0.022851243411612));
#12417=CARTESIAN_POINT('',(0.34,0.017,0.022851243411612));
#12418=CARTESIAN_POINT('',(-0.272851243411612,0.017,0.022851243411612));
#12419=CARTESIAN_POINT('',(-0.28002739053602,0.291046002369912,0.0300273905360197));
#12420=CARTESIAN_POINT('',(-0.32,0.29,0.03));
#12421=CARTESIAN_POINT('',(-0.326939269215835,0.025,0.03));
#12422=CARTESIAN_POINT('',(-0.326939269215835,0.025,0.0769392692158345));
#12423=CARTESIAN_POINT('',(-0.31997260946398,0.291046002369912,0.0699726094639803));
#12424=CARTESIAN_POINT('',(-0.327148756588388,0.0169999999999999,0.077148756588388));
#12425=CARTESIAN_POINT('',(-0.327148756588388,0.0169999999999999,0.08));
#12426=CARTESIAN_POINT('',(-0.32,0.29,0.07));
#12427=CARTESIAN_POINT('',(-0.32,0.025,0.0769392692158345));
#12428=CARTESIAN_POINT('',(-0.273060730784166,0.025,0.0769392692158345));
#12429=CARTESIAN_POINT('',(-0.28002739053602,0.291046002369912,0.0699726094639803));
#12430=CARTESIAN_POINT('',(-0.272851243411612,0.0169999999999999,0.077148756588388));
#12431=CARTESIAN_POINT('',(0.34,0.0169999999999999,0.077148756588388));
#12432=CARTESIAN_POINT('',(-0.28,0.29,0.07));
#12433=CARTESIAN_POINT('',(-0.273060730784166,0.025,0.07));
#12434=CARTESIAN_POINT('',(-0.272851243411612,0.0169999999999999,0.08));
#12435=CARTESIAN_POINT('',(-0.18,0.29,0.03));
#12436=CARTESIAN_POINT('',(-0.18,0.025,0.0230607307841655));
#12437=CARTESIAN_POINT('',(-0.226939269215835,0.025,0.0230607307841655));
#12438=CARTESIAN_POINT('',(-0.173060730784166,0.025,0.0230607307841655));
#12439=CARTESIAN_POINT('',(-0.21997260946398,0.291046002369912,0.0300273905360197));
#12440=CARTESIAN_POINT('',(-0.227148756588388,0.017,0.022851243411612));
#12441=CARTESIAN_POINT('',(0.34,0.017,0.022851243411612));
#12442=CARTESIAN_POINT('',(-0.172851243411612,0.017,0.022851243411612));
#12443=CARTESIAN_POINT('',(-0.18002739053602,0.291046002369912,0.0300273905360197));
#12444=CARTESIAN_POINT('',(-0.22,0.29,0.03));
#12445=CARTESIAN_POINT('',(-0.226939269215835,0.025,0.03));
#12446=CARTESIAN_POINT('',(-0.226939269215835,0.025,0.0769392692158345));
#12447=CARTESIAN_POINT('',(-0.21997260946398,0.291046002369912,0.0699726094639803));
#12448=CARTESIAN_POINT('',(-0.227148756588388,0.0169999999999999,0.077148756588388));
#12449=CARTESIAN_POINT('',(-0.227148756588388,0.0169999999999999,0.08));
#12450=CARTESIAN_POINT('',(-0.22,0.29,0.07));
#12451=CARTESIAN_POINT('',(-0.22,0.025,0.0769392692158345));
#12452=CARTESIAN_POINT('',(-0.173060730784166,0.025,0.0769392692158345));
#12453=CARTESIAN_POINT('',(-0.18002739053602,0.291046002369912,0.0699726094639803));
#12454=CARTESIAN_POINT('',(-0.172851243411612,0.0169999999999999,0.077148756588388));
#12455=CARTESIAN_POINT('',(0.34,0.0169999999999999,0.077148756588388));
#12456=CARTESIAN_POINT('',(-0.18,0.29,0.07));
#12457=CARTESIAN_POINT('',(-0.173060730784166,0.025,0.07));
#12458=CARTESIAN_POINT('',(-0.172851243411612,0.0169999999999999,0.08));
#12459=CARTESIAN_POINT('',(0.32,0.29,-0.07));
#12460=CARTESIAN_POINT('',(0.32,0.025,-0.0769392692158345));
#12461=CARTESIAN_POINT('',(0.273060730784165,0.025,-0.0769392692158345));
#12462=CARTESIAN_POINT('',(0.326939269215834,0.025,-0.0769392692158345));
#12463=CARTESIAN_POINT('',(0.28002739053602,0.291046002369912,-0.0699726094639803));
#12464=CARTESIAN_POINT('',(0.272851243411612,0.017,-0.077148756588388));
#12465=CARTESIAN_POINT('',(0.34,0.017,-0.077148756588388));
#12466=CARTESIAN_POINT('',(0.327148756588388,0.017,-0.077148756588388));
#12467=CARTESIAN_POINT('',(0.31997260946398,0.291046002369912,-0.0699726094639803));
#12468=CARTESIAN_POINT('',(0.28,0.29,-0.07));
#12469=CARTESIAN_POINT('',(0.273060730784165,0.025,-0.07));
#12470=CARTESIAN_POINT('',(0.273060730784166,0.025,-0.0230607307841655));
#12471=CARTESIAN_POINT('',(0.28002739053602,0.291046002369912,-0.0300273905360197));
#12472=CARTESIAN_POINT('',(0.272851243411612,0.017,-0.022851243411612));
#12473=CARTESIAN_POINT('',(0.272851243411612,0.0169999999999999,0.08));
#12474=CARTESIAN_POINT('',(0.28,0.29,-0.03));
#12475=CARTESIAN_POINT('',(0.28,0.025,-0.0230607307841655));
#12476=CARTESIAN_POINT('',(0.326939269215834,0.025,-0.0230607307841655));
#12477=CARTESIAN_POINT('',(0.31997260946398,0.291046002369912,-0.0300273905360197));
#12478=CARTESIAN_POINT('',(0.327148756588388,0.017,-0.022851243411612));
#12479=CARTESIAN_POINT('',(0.34,0.017,-0.022851243411612));
#12480=CARTESIAN_POINT('',(0.32,0.29,-0.03));
#12481=CARTESIAN_POINT('',(0.326939269215834,0.025,-0.03));
#12482=CARTESIAN_POINT('',(0.327148756588388,0.0169999999999999,0.08));
#12483=CARTESIAN_POINT('',(0.22,0.29,-0.07));
#12484=CARTESIAN_POINT('',(0.22,0.025,-0.0769392692158345));
#12485=CARTESIAN_POINT('',(0.173060730784165,0.025,-0.0769392692158345));
#12486=CARTESIAN_POINT('',(0.226939269215834,0.025,-0.0769392692158345));
#12487=CARTESIAN_POINT('',(0.18002739053602,0.291046002369912,-0.0699726094639803));
#12488=CARTESIAN_POINT('',(0.172851243411612,0.017,-0.077148756588388));
#12489=CARTESIAN_POINT('',(0.34,0.017,-0.077148756588388));
#12490=CARTESIAN_POINT('',(0.227148756588388,0.017,-0.077148756588388));
#12491=CARTESIAN_POINT('',(0.21997260946398,0.291046002369912,-0.0699726094639803));
#12492=CARTESIAN_POINT('',(0.18,0.29,-0.07));
#12493=CARTESIAN_POINT('',(0.173060730784165,0.025,-0.07));
#12494=CARTESIAN_POINT('',(0.173060730784165,0.025,-0.0230607307841655));
#12495=CARTESIAN_POINT('',(0.18002739053602,0.291046002369912,-0.0300273905360197));
#12496=CARTESIAN_POINT('',(0.172851243411612,0.017,-0.022851243411612));
#12497=CARTESIAN_POINT('',(0.172851243411612,0.0169999999999999,0.08));
#12498=CARTESIAN_POINT('',(0.18,0.29,-0.03));
#12499=CARTESIAN_POINT('',(0.18,0.025,-0.0230607307841655));
#12500=CARTESIAN_POINT('',(0.226939269215834,0.025,-0.0230607307841655));
#12501=CARTESIAN_POINT('',(0.21997260946398,0.291046002369912,-0.0300273905360197));
#12502=CARTESIAN_POINT('',(0.227148756588388,0.017,-0.022851243411612));
#12503=CARTESIAN_POINT('',(0.34,0.017,-0.022851243411612));
#12504=CARTESIAN_POINT('',(0.22,0.29,-0.03));
#12505=CARTESIAN_POINT('',(0.226939269215834,0.025,-0.03));
#12506=CARTESIAN_POINT('',(0.227148756588388,0.0169999999999999,0.08));
#12507=CARTESIAN_POINT('',(0.12,0.29,-0.07));
#12508=CARTESIAN_POINT('',(0.12,0.025,-0.0769392692158345));
#12509=CARTESIAN_POINT('',(0.0730607307841654,0.025,-0.0769392692158345));
#12510=CARTESIAN_POINT('',(0.126939269215834,0.025,-0.0769392692158345));
#12511=CARTESIAN_POINT('',(0.0800273905360196,0.291046002369912,-0.0699726094639803));
#12512=CARTESIAN_POINT('',(0.0728512434116119,0.017,-0.077148756588388));
#12513=CARTESIAN_POINT('',(0.34,0.017,-0.077148756588388));
#12514=CARTESIAN_POINT('',(0.127148756588388,0.017,-0.077148756588388));
#12515=CARTESIAN_POINT('',(0.11997260946398,0.291046002369912,-0.0699726094639803));
#12516=CARTESIAN_POINT('',(0.08,0.29,-0.07));
#12517=CARTESIAN_POINT('',(0.0730607307841654,0.025,-0.07));
#12518=CARTESIAN_POINT('',(0.0730607307841655,0.025,-0.0230607307841655));
#12519=CARTESIAN_POINT('',(0.0800273905360197,0.291046002369912,-0.0300273905360197));
#12520=CARTESIAN_POINT('',(0.072851243411612,0.017,-0.022851243411612));
#12521=CARTESIAN_POINT('',(0.0728512434116119,0.0169999999999999,0.08));
#12522=CARTESIAN_POINT('',(0.08,0.29,-0.03));
#12523=CARTESIAN_POINT('',(0.08,0.025,-0.0230607307841655));
#12524=CARTESIAN_POINT('',(0.126939269215834,0.025,-0.0230607307841655));
#12525=CARTESIAN_POINT('',(0.11997260946398,0.291046002369912,-0.0300273905360197));
#12526=CARTESIAN_POINT('',(0.127148756588388,0.017,-0.022851243411612));
#12527=CARTESIAN_POINT('',(0.34,0.017,-0.022851243411612));
#12528=CARTESIAN_POINT('',(0.12,0.29,-0.03));
#12529=CARTESIAN_POINT('',(0.126939269215834,0.025,-0.03));
#12530=CARTESIAN_POINT('',(0.127148756588388,0.0169999999999999,0.08));
#12531=CARTESIAN_POINT('',(0.02,0.29,-0.07));
#12532=CARTESIAN_POINT('',(0.02,0.025,-0.0769392692158345));
#12533=CARTESIAN_POINT('',(-0.0269392692158346,0.025,-0.0769392692158345));
#12534=CARTESIAN_POINT('',(0.0269392692158345,0.025,-0.0769392692158345));
#12535=CARTESIAN_POINT('',(-0.0199726094639804,0.291046002369912,-0.0699726094639803));
#12536=CARTESIAN_POINT('',(-0.0271487565883881,0.017,-0.077148756588388));
#12537=CARTESIAN_POINT('',(0.34,0.017,-0.077148756588388));
#12538=CARTESIAN_POINT('',(0.027148756588388,0.017,-0.077148756588388));
#12539=CARTESIAN_POINT('',(0.0199726094639803,0.291046002369912,-0.0699726094639803));
#12540=CARTESIAN_POINT('',(-0.02,0.29,-0.07));
#12541=CARTESIAN_POINT('',(-0.0269392692158346,0.025,-0.07));
#12542=CARTESIAN_POINT('',(-0.0269392692158345,0.025,-0.0230607307841655));
#12543=CARTESIAN_POINT('',(-0.0199726094639803,0.291046002369912,-0.0300273905360197));
#12544=CARTESIAN_POINT('',(-0.027148756588388,0.017,-0.022851243411612));
#12545=CARTESIAN_POINT('',(-0.027148756588388,0.0169999999999999,0.08));
#12546=CARTESIAN_POINT('',(-0.02,0.29,-0.03));
#12547=CARTESIAN_POINT('',(-0.02,0.025,-0.0230607307841655));
#12548=CARTESIAN_POINT('',(0.0269392692158345,0.025,-0.0230607307841655));
#12549=CARTESIAN_POINT('',(0.0199726094639803,0.291046002369912,-0.0300273905360197));
#12550=CARTESIAN_POINT('',(0.027148756588388,0.017,-0.022851243411612));
#12551=CARTESIAN_POINT('',(0.34,0.017,-0.022851243411612));
#12552=CARTESIAN_POINT('',(0.02,0.29,-0.03));
#12553=CARTESIAN_POINT('',(0.0269392692158345,0.025,-0.03));
#12554=CARTESIAN_POINT('',(0.027148756588388,0.0169999999999999,0.08));
#12555=CARTESIAN_POINT('',(-0.0800000000000001,0.29,0.03));
#12556=CARTESIAN_POINT('',(-0.0800000000000001,0.025,0.0230607307841655));
#12557=CARTESIAN_POINT('',(-0.126939269215835,0.025,0.0230607307841655));
#12558=CARTESIAN_POINT('',(-0.0730607307841655,0.025,0.0230607307841655));
#12559=CARTESIAN_POINT('',(-0.11997260946398,0.291046002369912,0.0300273905360197));
#12560=CARTESIAN_POINT('',(-0.127148756588388,0.017,0.022851243411612));
#12561=CARTESIAN_POINT('',(0.34,0.017,0.022851243411612));
#12562=CARTESIAN_POINT('',(-0.072851243411612,0.017,0.022851243411612));
#12563=CARTESIAN_POINT('',(-0.0800273905360198,0.291046002369912,0.0300273905360197));
#12564=CARTESIAN_POINT('',(-0.12,0.29,0.03));
#12565=CARTESIAN_POINT('',(-0.126939269215835,0.025,0.03));
#12566=CARTESIAN_POINT('',(-0.126939269215835,0.025,0.0769392692158345));
#12567=CARTESIAN_POINT('',(-0.11997260946398,0.291046002369912,0.0699726094639803));
#12568=CARTESIAN_POINT('',(-0.127148756588388,0.0169999999999999,0.077148756588388));
#12569=CARTESIAN_POINT('',(-0.127148756588388,0.0169999999999999,0.08));
#12570=CARTESIAN_POINT('',(-0.12,0.29,0.07));
#12571=CARTESIAN_POINT('',(-0.12,0.025,0.0769392692158345));
#12572=CARTESIAN_POINT('',(-0.0730607307841655,0.025,0.0769392692158345));
#12573=CARTESIAN_POINT('',(-0.0800273905360198,0.291046002369912,0.0699726094639803));
#12574=CARTESIAN_POINT('',(-0.072851243411612,0.0169999999999999,0.077148756588388));
#12575=CARTESIAN_POINT('',(0.34,0.0169999999999999,0.077148756588388));
#12576=CARTESIAN_POINT('',(-0.0800000000000001,0.29,0.07));
#12577=CARTESIAN_POINT('',(-0.0730607307841655,0.025,0.07));
#12578=CARTESIAN_POINT('',(-0.0728512434116121,0.0169999999999999,0.08));
#12579=CARTESIAN_POINT('',(0.02,0.29,0.03));
#12580=CARTESIAN_POINT('',(0.02,0.025,0.0230607307841655));
#12581=CARTESIAN_POINT('',(-0.0269392692158346,0.025,0.0230607307841655));
#12582=CARTESIAN_POINT('',(0.0269392692158345,0.025,0.0230607307841655));
#12583=CARTESIAN_POINT('',(-0.0199726094639804,0.291046002369912,0.0300273905360197));
#12584=CARTESIAN_POINT('',(-0.0271487565883881,0.017,0.022851243411612));
#12585=CARTESIAN_POINT('',(0.34,0.017,0.022851243411612));
#12586=CARTESIAN_POINT('',(0.027148756588388,0.017,0.022851243411612));
#12587=CARTESIAN_POINT('',(0.0199726094639803,0.291046002369912,0.0300273905360197));
#12588=CARTESIAN_POINT('',(-0.02,0.29,0.03));
#12589=CARTESIAN_POINT('',(-0.0269392692158346,0.025,0.03));
#12590=CARTESIAN_POINT('',(-0.0269392692158345,0.025,0.0769392692158345));
#12591=CARTESIAN_POINT('',(-0.0199726094639803,0.291046002369912,0.0699726094639803));
#12592=CARTESIAN_POINT('',(-0.027148756588388,0.0169999999999999,0.077148756588388));
#12593=CARTESIAN_POINT('',(-0.027148756588388,0.0169999999999999,0.08));
#12594=CARTESIAN_POINT('',(-0.02,0.29,0.07));
#12595=CARTESIAN_POINT('',(-0.02,0.025,0.0769392692158345));
#12596=CARTESIAN_POINT('',(0.0269392692158345,0.025,0.0769392692158345));
#12597=CARTESIAN_POINT('',(0.0199726094639803,0.291046002369912,0.0699726094639803));
#12598=CARTESIAN_POINT('',(0.027148756588388,0.0169999999999999,0.077148756588388));
#12599=CARTESIAN_POINT('',(0.34,0.0169999999999999,0.077148756588388));
#12600=CARTESIAN_POINT('',(0.02,0.29,0.07));
#12601=CARTESIAN_POINT('',(0.0269392692158345,0.025,0.07));
#12602=CARTESIAN_POINT('',(0.027148756588388,0.0169999999999999,0.08));
#12603=CARTESIAN_POINT('',(0.12,0.29,0.03));
#12604=CARTESIAN_POINT('',(0.12,0.025,0.0230607307841655));
#12605=CARTESIAN_POINT('',(0.0730607307841654,0.025,0.0230607307841655));
#12606=CARTESIAN_POINT('',(0.126939269215834,0.025,0.0230607307841655));
#12607=CARTESIAN_POINT('',(0.0800273905360196,0.291046002369912,0.0300273905360197));
#12608=CARTESIAN_POINT('',(0.0728512434116119,0.017,0.022851243411612));
#12609=CARTESIAN_POINT('',(0.34,0.017,0.022851243411612));
#12610=CARTESIAN_POINT('',(0.127148756588388,0.017,0.022851243411612));
#12611=CARTESIAN_POINT('',(0.11997260946398,0.291046002369912,0.0300273905360197));
#12612=CARTESIAN_POINT('',(0.08,0.29,0.03));
#12613=CARTESIAN_POINT('',(0.0730607307841654,0.025,0.03));
#12614=CARTESIAN_POINT('',(0.0730607307841655,0.025,0.0769392692158345));
#12615=CARTESIAN_POINT('',(0.0800273905360197,0.291046002369912,0.0699726094639803));
#12616=CARTESIAN_POINT('',(0.072851243411612,0.0169999999999999,0.077148756588388));
#12617=CARTESIAN_POINT('',(0.0728512434116119,0.0169999999999999,0.08));
#12618=CARTESIAN_POINT('',(0.08,0.29,0.07));
#12619=CARTESIAN_POINT('',(0.08,0.025,0.0769392692158345));
#12620=CARTESIAN_POINT('',(0.126939269215834,0.025,0.0769392692158345));
#12621=CARTESIAN_POINT('',(0.11997260946398,0.291046002369912,0.0699726094639803));
#12622=CARTESIAN_POINT('',(0.127148756588388,0.0169999999999999,0.077148756588388));
#12623=CARTESIAN_POINT('',(0.34,0.0169999999999999,0.077148756588388));
#12624=CARTESIAN_POINT('',(0.12,0.29,0.07));
#12625=CARTESIAN_POINT('',(0.126939269215834,0.025,0.07));
#12626=CARTESIAN_POINT('',(0.127148756588388,0.0169999999999999,0.08));
#12627=CARTESIAN_POINT('',(0.22,0.29,0.03));
#12628=CARTESIAN_POINT('',(0.22,0.025,0.0230607307841655));
#12629=CARTESIAN_POINT('',(0.173060730784165,0.025,0.0230607307841655));
#12630=CARTESIAN_POINT('',(0.226939269215834,0.025,0.0230607307841655));
#12631=CARTESIAN_POINT('',(0.18002739053602,0.291046002369912,0.0300273905360197));
#12632=CARTESIAN_POINT('',(0.172851243411612,0.017,0.022851243411612));
#12633=CARTESIAN_POINT('',(0.34,0.017,0.022851243411612));
#12634=CARTESIAN_POINT('',(0.227148756588388,0.017,0.022851243411612));
#12635=CARTESIAN_POINT('',(0.21997260946398,0.291046002369912,0.0300273905360197));
#12636=CARTESIAN_POINT('',(0.18,0.29,0.03));
#12637=CARTESIAN_POINT('',(0.173060730784165,0.025,0.03));
#12638=CARTESIAN_POINT('',(0.173060730784165,0.025,0.0769392692158345));
#12639=CARTESIAN_POINT('',(0.18002739053602,0.291046002369912,0.0699726094639803));
#12640=CARTESIAN_POINT('',(0.172851243411612,0.0169999999999999,0.077148756588388));
#12641=CARTESIAN_POINT('',(0.172851243411612,0.0169999999999999,0.08));
#12642=CARTESIAN_POINT('',(0.18,0.29,0.07));
#12643=CARTESIAN_POINT('',(0.18,0.025,0.0769392692158345));
#12644=CARTESIAN_POINT('',(0.226939269215834,0.025,0.0769392692158345));
#12645=CARTESIAN_POINT('',(0.21997260946398,0.291046002369912,0.0699726094639803));
#12646=CARTESIAN_POINT('',(0.227148756588388,0.0169999999999999,0.077148756588388));
#12647=CARTESIAN_POINT('',(0.34,0.0169999999999999,0.077148756588388));
#12648=CARTESIAN_POINT('',(0.22,0.29,0.07));
#12649=CARTESIAN_POINT('',(0.226939269215834,0.025,0.07));
#12650=CARTESIAN_POINT('',(0.227148756588388,0.0169999999999999,0.08));
#12651=CARTESIAN_POINT('',(-0.0800000000000001,0.29,-0.07));
#12652=CARTESIAN_POINT('',(-0.0800000000000001,0.025,-0.0769392692158345));
#12653=CARTESIAN_POINT('',(-0.126939269215835,0.025,-0.0769392692158345));
#12654=CARTESIAN_POINT('',(-0.0730607307841655,0.025,-0.0769392692158345));
#12655=CARTESIAN_POINT('',(-0.11997260946398,0.291046002369912,-0.0699726094639803));
#12656=CARTESIAN_POINT('',(-0.127148756588388,0.017,-0.077148756588388));
#12657=CARTESIAN_POINT('',(0.34,0.017,-0.077148756588388));
#12658=CARTESIAN_POINT('',(-0.072851243411612,0.017,-0.077148756588388));
#12659=CARTESIAN_POINT('',(-0.0800273905360198,0.291046002369912,-0.0699726094639803));
#12660=CARTESIAN_POINT('',(-0.12,0.29,-0.07));
#12661=CARTESIAN_POINT('',(-0.126939269215835,0.025,-0.07));
#12662=CARTESIAN_POINT('',(-0.126939269215835,0.025,-0.0230607307841655));
#12663=CARTESIAN_POINT('',(-0.11997260946398,0.291046002369912,-0.0300273905360197));
#12664=CARTESIAN_POINT('',(-0.127148756588388,0.017,-0.022851243411612));
#12665=CARTESIAN_POINT('',(-0.127148756588388,0.0169999999999999,0.08));
#12666=CARTESIAN_POINT('',(-0.12,0.29,-0.03));
#12667=CARTESIAN_POINT('',(-0.12,0.025,-0.0230607307841655));
#12668=CARTESIAN_POINT('',(-0.0730607307841655,0.025,-0.0230607307841655));
#12669=CARTESIAN_POINT('',(-0.0800273905360198,0.291046002369912,-0.0300273905360197));
#12670=CARTESIAN_POINT('',(-0.072851243411612,0.017,-0.022851243411612));
#12671=CARTESIAN_POINT('',(0.34,0.017,-0.022851243411612));
#12672=CARTESIAN_POINT('',(-0.0800000000000001,0.29,-0.03));
#12673=CARTESIAN_POINT('',(-0.0730607307841655,0.025,-0.03));
#12674=CARTESIAN_POINT('',(-0.0728512434116121,0.0169999999999999,0.08));
#12675=CARTESIAN_POINT('',(-0.18,0.29,-0.07));
#12676=CARTESIAN_POINT('',(-0.18,0.025,-0.0769392692158345));
#12677=CARTESIAN_POINT('',(-0.226939269215835,0.025,-0.0769392692158345));
#12678=CARTESIAN_POINT('',(-0.173060730784166,0.025,-0.0769392692158345));
#12679=CARTESIAN_POINT('',(-0.21997260946398,0.291046002369912,-0.0699726094639803));
#12680=CARTESIAN_POINT('',(-0.227148756588388,0.017,-0.077148756588388));
#12681=CARTESIAN_POINT('',(0.34,0.017,-0.077148756588388));
#12682=CARTESIAN_POINT('',(-0.172851243411612,0.017,-0.077148756588388));
#12683=CARTESIAN_POINT('',(-0.18002739053602,0.291046002369912,-0.0699726094639803));
#12684=CARTESIAN_POINT('',(-0.22,0.29,-0.07));
#12685=CARTESIAN_POINT('',(-0.226939269215835,0.025,-0.07));
#12686=CARTESIAN_POINT('',(-0.226939269215835,0.025,-0.0230607307841655));
#12687=CARTESIAN_POINT('',(-0.21997260946398,0.291046002369912,-0.0300273905360197));
#12688=CARTESIAN_POINT('',(-0.227148756588388,0.017,-0.022851243411612));
#12689=CARTESIAN_POINT('',(-0.227148756588388,0.0169999999999999,0.08));
#12690=CARTESIAN_POINT('',(-0.22,0.29,-0.03));
#12691=CARTESIAN_POINT('',(-0.22,0.025,-0.0230607307841655));
#12692=CARTESIAN_POINT('',(-0.173060730784166,0.025,-0.0230607307841655));
#12693=CARTESIAN_POINT('',(-0.18002739053602,0.291046002369912,-0.0300273905360197));
#12694=CARTESIAN_POINT('',(-0.172851243411612,0.017,-0.022851243411612));
#12695=CARTESIAN_POINT('',(0.34,0.017,-0.022851243411612));
#12696=CARTESIAN_POINT('',(-0.18,0.29,-0.03));
#12697=CARTESIAN_POINT('',(-0.173060730784166,0.025,-0.03));
#12698=CARTESIAN_POINT('',(-0.172851243411612,0.0169999999999999,0.08));
#12699=CARTESIAN_POINT('',(-0.28,0.29,-0.07));
#12700=CARTESIAN_POINT('',(-0.28,0.025,-0.0769392692158345));
#12701=CARTESIAN_POINT('',(-0.326939269215835,0.025,-0.0769392692158345));
#12702=CARTESIAN_POINT('',(-0.273060730784166,0.025,-0.0769392692158345));
#12703=CARTESIAN_POINT('',(-0.31997260946398,0.291046002369912,-0.0699726094639803));
#12704=CARTESIAN_POINT('',(-0.327148756588388,0.017,-0.077148756588388));
#12705=CARTESIAN_POINT('',(0.34,0.017,-0.077148756588388));
#12706=CARTESIAN_POINT('',(-0.272851243411612,0.017,-0.077148756588388));
#12707=CARTESIAN_POINT('',(-0.28002739053602,0.291046002369912,-0.0699726094639803));
#12708=CARTESIAN_POINT('',(-0.32,0.29,-0.07));
#12709=CARTESIAN_POINT('',(-0.326939269215835,0.025,-0.07));
#12710=CARTESIAN_POINT('',(-0.326939269215835,0.025,-0.0230607307841655));
#12711=CARTESIAN_POINT('',(-0.31997260946398,0.291046002369912,-0.0300273905360197));
#12712=CARTESIAN_POINT('',(-0.327148756588388,0.017,-0.022851243411612));
#12713=CARTESIAN_POINT('',(-0.327148756588388,0.0169999999999999,0.08));
#12714=CARTESIAN_POINT('',(-0.32,0.29,-0.03));
#12715=CARTESIAN_POINT('',(-0.32,0.025,-0.0230607307841655));
#12716=CARTESIAN_POINT('',(-0.273060730784166,0.025,-0.0230607307841655));
#12717=CARTESIAN_POINT('',(-0.28002739053602,0.291046002369912,-0.0300273905360197));
#12718=CARTESIAN_POINT('',(-0.272851243411612,0.017,-0.022851243411612));
#12719=CARTESIAN_POINT('',(0.34,0.017,-0.022851243411612));
#12720=CARTESIAN_POINT('',(-0.28,0.29,-0.03));
#12721=CARTESIAN_POINT('',(-0.273060730784166,0.025,-0.03));
#12722=CARTESIAN_POINT('',(-0.272851243411612,0.0169999999999999,0.08));
#12723=CARTESIAN_POINT('',(0.32,0.29,0.03));
#12724=CARTESIAN_POINT('',(0.32,0.025,0.0230607307841655));
#12725=CARTESIAN_POINT('',(0.273060730784165,0.025,0.0230607307841655));
#12726=CARTESIAN_POINT('',(0.326939269215834,0.025,0.0230607307841655));
#12727=CARTESIAN_POINT('',(0.28002739053602,0.291046002369912,0.0300273905360197));
#12728=CARTESIAN_POINT('',(0.272851243411612,0.017,0.022851243411612));
#12729=CARTESIAN_POINT('',(0.34,0.017,0.022851243411612));
#12730=CARTESIAN_POINT('',(0.327148756588388,0.017,0.022851243411612));
#12731=CARTESIAN_POINT('',(0.31997260946398,0.291046002369912,0.0300273905360197));
#12732=CARTESIAN_POINT('',(0.28,0.29,0.03));
#12733=CARTESIAN_POINT('',(0.273060730784165,0.025,0.03));
#12734=CARTESIAN_POINT('',(0.273060730784166,0.025,0.0769392692158345));
#12735=CARTESIAN_POINT('',(0.28002739053602,0.291046002369912,0.0699726094639803));
#12736=CARTESIAN_POINT('',(0.272851243411612,0.0169999999999999,0.077148756588388));
#12737=CARTESIAN_POINT('',(0.272851243411612,0.0169999999999999,0.08));
#12738=CARTESIAN_POINT('',(0.28,0.29,0.07));
#12739=CARTESIAN_POINT('',(0.28,0.025,0.0769392692158345));
#12740=CARTESIAN_POINT('',(0.326939269215834,0.025,0.0769392692158345));
#12741=CARTESIAN_POINT('',(0.31997260946398,0.291046002369912,0.0699726094639803));
#12742=CARTESIAN_POINT('',(0.327148756588388,0.0169999999999999,0.077148756588388));
#12743=CARTESIAN_POINT('',(0.34,0.0169999999999999,0.077148756588388));
#12744=CARTESIAN_POINT('',(0.32,0.29,0.07));
#12745=CARTESIAN_POINT('',(0.326939269215834,0.025,0.07));
#12746=CARTESIAN_POINT('',(0.327148756588388,0.0169999999999999,0.08));
#12747=CARTESIAN_POINT('',(0.34,-0.011,0.155));
#12748=CARTESIAN_POINT('',(0.31,-0.011,0.155));
#12749=CARTESIAN_POINT('',(0.31,-0.011,0.155));
#12750=CARTESIAN_POINT('',(0.31,-0.131,0.155));
#12751=CARTESIAN_POINT('',(0.34,-0.011,0.155));
#12752=CARTESIAN_POINT('',(0.29,-0.011,0.155));
#12753=CARTESIAN_POINT('',(0.29,-0.011,0.155));
#12754=CARTESIAN_POINT('',(0.29,-0.131,0.155));
#12755=CARTESIAN_POINT('',(0.34,-0.131,0.155));
#12756=CARTESIAN_POINT('',(0.34,-0.011,0.155));
#12757=CARTESIAN_POINT('',(0.21,-0.011,0.155));
#12758=CARTESIAN_POINT('',(0.21,-0.011,0.155));
#12759=CARTESIAN_POINT('',(0.21,-0.131,0.155));
#12760=CARTESIAN_POINT('',(0.34,-0.011,0.155));
#12761=CARTESIAN_POINT('',(0.19,-0.011,0.155));
#12762=CARTESIAN_POINT('',(0.19,-0.011,0.155));
#12763=CARTESIAN_POINT('',(0.19,-0.131,0.155));
#12764=CARTESIAN_POINT('',(0.34,-0.131,0.155));
#12765=CARTESIAN_POINT('',(0.34,-0.011,0.155));
#12766=CARTESIAN_POINT('',(0.11,-0.011,0.155));
#12767=CARTESIAN_POINT('',(0.11,-0.011,0.155));
#12768=CARTESIAN_POINT('',(0.11,-0.131,0.155));
#12769=CARTESIAN_POINT('',(0.34,-0.011,0.155));
#12770=CARTESIAN_POINT('',(0.09,-0.011,0.155));
#12771=CARTESIAN_POINT('',(0.09,-0.011,0.155));
#12772=CARTESIAN_POINT('',(0.09,-0.131,0.155));
#12773=CARTESIAN_POINT('',(0.34,-0.131,0.155));
#12774=CARTESIAN_POINT('',(0.34,-0.011,0.155));
#12775=CARTESIAN_POINT('',(0.00999999999999996,-0.011,0.155));
#12776=CARTESIAN_POINT('',(0.00999999999999996,-0.011,0.155));
#12777=CARTESIAN_POINT('',(0.00999999999999998,-0.131,0.155));
#12778=CARTESIAN_POINT('',(0.34,-0.011,0.155));
#12779=CARTESIAN_POINT('',(-0.00999999999999996,-0.011,0.155));
#12780=CARTESIAN_POINT('',(-0.00999999999999996,-0.011,0.155));
#12781=CARTESIAN_POINT('',(-0.00999999999999998,-0.131,0.155));
#12782=CARTESIAN_POINT('',(0.34,-0.131,0.155));
#12783=CARTESIAN_POINT('',(0.34,-0.011,0.155));
#12784=CARTESIAN_POINT('',(-0.0900000000000001,-0.011,0.155));
#12785=CARTESIAN_POINT('',(-0.0900000000000001,-0.011,0.155));
#12786=CARTESIAN_POINT('',(-0.09,-0.131,0.155));
#12787=CARTESIAN_POINT('',(0.34,-0.011,0.155));
#12788=CARTESIAN_POINT('',(-0.11,-0.011,0.155));
#12789=CARTESIAN_POINT('',(-0.11,-0.011,0.155));
#12790=CARTESIAN_POINT('',(-0.11,-0.131,0.155));
#12791=CARTESIAN_POINT('',(0.34,-0.131,0.155));
#12792=CARTESIAN_POINT('',(0.34,-0.011,0.155));
#12793=CARTESIAN_POINT('',(-0.19,-0.011,0.155));
#12794=CARTESIAN_POINT('',(-0.19,-0.011,0.155));
#12795=CARTESIAN_POINT('',(-0.19,-0.131,0.155));
#12796=CARTESIAN_POINT('',(0.34,-0.011,0.155));
#12797=CARTESIAN_POINT('',(-0.21,-0.011,0.155));
#12798=CARTESIAN_POINT('',(-0.21,-0.011,0.155));
#12799=CARTESIAN_POINT('',(-0.21,-0.131,0.155));
#12800=CARTESIAN_POINT('',(0.34,-0.131,0.155));
#12801=CARTESIAN_POINT('',(0.34,-0.011,0.155));
#12802=CARTESIAN_POINT('',(-0.29,-0.011,0.155));
#12803=CARTESIAN_POINT('',(-0.29,-0.011,0.155));
#12804=CARTESIAN_POINT('',(-0.29,-0.131,0.155));
#12805=CARTESIAN_POINT('',(0.34,-0.011,0.155));
#12806=CARTESIAN_POINT('',(-0.31,-0.011,0.155));
#12807=CARTESIAN_POINT('',(-0.31,-0.011,0.155));
#12808=CARTESIAN_POINT('',(-0.31,-0.131,0.155));
#12809=CARTESIAN_POINT('',(0.34,-0.131,0.155));
#12810=CARTESIAN_POINT('',(0.34,-0.131,0.155));
#12811=CARTESIAN_POINT('',(0.31,-0.131,0.3));
#12812=CARTESIAN_POINT('',(0.31,-0.131,0.145));
#12813=CARTESIAN_POINT('',(0.29,-0.131,0.3));
#12814=CARTESIAN_POINT('',(0.29,-0.131,0.145));
#12815=CARTESIAN_POINT('',(0.34,-0.131,0.145));
#12816=CARTESIAN_POINT('',(0.34,-0.131,0.155));
#12817=CARTESIAN_POINT('',(0.21,-0.131,0.3));
#12818=CARTESIAN_POINT('',(0.21,-0.131,0.145));
#12819=CARTESIAN_POINT('',(0.19,-0.131,0.3));
#12820=CARTESIAN_POINT('',(0.19,-0.131,0.145));
#12821=CARTESIAN_POINT('',(0.34,-0.131,0.145));
#12822=CARTESIAN_POINT('',(0.34,-0.131,0.155));
#12823=CARTESIAN_POINT('',(0.11,-0.131,0.3));
#12824=CARTESIAN_POINT('',(0.11,-0.131,0.145));
#12825=CARTESIAN_POINT('',(0.09,-0.131,0.3));
#12826=CARTESIAN_POINT('',(0.09,-0.131,0.145));
#12827=CARTESIAN_POINT('',(0.34,-0.131,0.145));
#12828=CARTESIAN_POINT('',(0.34,-0.131,0.155));
#12829=CARTESIAN_POINT('',(0.00999999999999998,-0.131,0.3));
#12830=CARTESIAN_POINT('',(0.00999999999999998,-0.131,0.145));
#12831=CARTESIAN_POINT('',(-0.00999999999999998,-0.131,0.3));
#12832=CARTESIAN_POINT('',(-0.00999999999999998,-0.131,0.145));
#12833=CARTESIAN_POINT('',(0.34,-0.131,0.145));
#12834=CARTESIAN_POINT('',(0.34,-0.131,0.155));
#12835=CARTESIAN_POINT('',(-0.09,-0.131,0.3));
#12836=CARTESIAN_POINT('',(-0.09,-0.131,0.145));
#12837=CARTESIAN_POINT('',(-0.11,-0.131,0.3));
#12838=CARTESIAN_POINT('',(-0.11,-0.131,0.145));
#12839=CARTESIAN_POINT('',(0.34,-0.131,0.145));
#12840=CARTESIAN_POINT('',(0.34,-0.131,0.155));
#12841=CARTESIAN_POINT('',(-0.19,-0.131,0.3));
#12842=CARTESIAN_POINT('',(-0.19,-0.131,0.145));
#12843=CARTESIAN_POINT('',(-0.21,-0.131,0.3));
#12844=CARTESIAN_POINT('',(-0.21,-0.131,0.145));
#12845=CARTESIAN_POINT('',(0.34,-0.131,0.145));
#12846=CARTESIAN_POINT('',(0.34,-0.131,0.155));
#12847=CARTESIAN_POINT('',(-0.29,-0.131,0.3));
#12848=CARTESIAN_POINT('',(-0.29,-0.131,0.145));
#12849=CARTESIAN_POINT('',(-0.31,-0.131,0.3));
#12850=CARTESIAN_POINT('',(-0.31,-0.131,0.145));
#12851=CARTESIAN_POINT('',(0.34,-0.131,0.145));
#12852=CARTESIAN_POINT('',(0.34,-0.131,0.145));
#12853=CARTESIAN_POINT('',(0.31,-0.131,0.145));
#12854=CARTESIAN_POINT('',(0.31,-0.013,0.145));
#12855=CARTESIAN_POINT('',(0.29,-0.131,0.145));
#12856=CARTESIAN_POINT('',(0.29,-0.013,0.145));
#12857=CARTESIAN_POINT('',(0.34,-0.013,0.145));
#12858=CARTESIAN_POINT('',(0.34,-0.131,0.145));
#12859=CARTESIAN_POINT('',(0.21,-0.131,0.145));
#12860=CARTESIAN_POINT('',(0.21,-0.013,0.145));
#12861=CARTESIAN_POINT('',(0.19,-0.131,0.145));
#12862=CARTESIAN_POINT('',(0.19,-0.013,0.145));
#12863=CARTESIAN_POINT('',(0.34,-0.013,0.145));
#12864=CARTESIAN_POINT('',(0.34,-0.131,0.145));
#12865=CARTESIAN_POINT('',(0.11,-0.131,0.145));
#12866=CARTESIAN_POINT('',(0.11,-0.013,0.145));
#12867=CARTESIAN_POINT('',(0.09,-0.131,0.145));
#12868=CARTESIAN_POINT('',(0.09,-0.013,0.145));
#12869=CARTESIAN_POINT('',(0.34,-0.013,0.145));
#12870=CARTESIAN_POINT('',(0.34,-0.131,0.145));
#12871=CARTESIAN_POINT('',(0.00999999999999996,-0.131,0.145));
#12872=CARTESIAN_POINT('',(0.00999999999999996,-0.013,0.145));
#12873=CARTESIAN_POINT('',(-0.00999999999999996,-0.131,0.145));
#12874=CARTESIAN_POINT('',(-0.00999999999999996,-0.013,0.145));
#12875=CARTESIAN_POINT('',(0.34,-0.013,0.145));
#12876=CARTESIAN_POINT('',(0.34,-0.131,0.145));
#12877=CARTESIAN_POINT('',(-0.0900000000000001,-0.131,0.145));
#12878=CARTESIAN_POINT('',(-0.0900000000000001,-0.013,0.145));
#12879=CARTESIAN_POINT('',(-0.11,-0.131,0.145));
#12880=CARTESIAN_POINT('',(-0.11,-0.013,0.145));
#12881=CARTESIAN_POINT('',(0.34,-0.013,0.145));
#12882=CARTESIAN_POINT('',(0.34,-0.131,0.145));
#12883=CARTESIAN_POINT('',(-0.19,-0.131,0.145));
#12884=CARTESIAN_POINT('',(-0.19,-0.013,0.145));
#12885=CARTESIAN_POINT('',(-0.21,-0.131,0.145));
#12886=CARTESIAN_POINT('',(-0.21,-0.013,0.145));
#12887=CARTESIAN_POINT('',(0.34,-0.013,0.145));
#12888=CARTESIAN_POINT('',(0.34,-0.131,0.145));
#12889=CARTESIAN_POINT('',(-0.29,-0.131,0.145));
#12890=CARTESIAN_POINT('',(-0.29,-0.013,0.145));
#12891=CARTESIAN_POINT('',(-0.31,-0.131,0.145));
#12892=CARTESIAN_POINT('',(-0.31,-0.013,0.145));
#12893=CARTESIAN_POINT('',(0.34,-0.013,0.145));
#12894=CARTESIAN_POINT('',(0.34,-0.013,0.135));
#12895=CARTESIAN_POINT('',(0.34,-0.00300000000000001,0.135));
#12896=CARTESIAN_POINT('',(0.31,-0.003,0.135));
#12897=CARTESIAN_POINT('',(0.29,-0.003,0.135));
#12898=CARTESIAN_POINT('',(0.31,-0.013,0.135));
#12899=CARTESIAN_POINT('',(0.29,-0.013,0.135));
#12900=CARTESIAN_POINT('',(0.34,-0.013,0.135));
#12901=CARTESIAN_POINT('',(0.34,-0.00300000000000001,0.135));
#12902=CARTESIAN_POINT('',(0.21,-0.003,0.135));
#12903=CARTESIAN_POINT('',(0.19,-0.003,0.135));
#12904=CARTESIAN_POINT('',(0.21,-0.013,0.135));
#12905=CARTESIAN_POINT('',(0.19,-0.013,0.135));
#12906=CARTESIAN_POINT('',(0.34,-0.013,0.135));
#12907=CARTESIAN_POINT('',(0.34,-0.00300000000000001,0.135));
#12908=CARTESIAN_POINT('',(0.11,-0.003,0.135));
#12909=CARTESIAN_POINT('',(0.09,-0.003,0.135));
#12910=CARTESIAN_POINT('',(0.11,-0.013,0.135));
#12911=CARTESIAN_POINT('',(0.09,-0.013,0.135));
#12912=CARTESIAN_POINT('',(0.34,-0.013,0.135));
#12913=CARTESIAN_POINT('',(0.34,-0.00300000000000001,0.135));
#12914=CARTESIAN_POINT('',(0.00999999999999996,-0.003,0.135));
#12915=CARTESIAN_POINT('',(-0.00999999999999996,-0.003,0.135));
#12916=CARTESIAN_POINT('',(0.00999999999999996,-0.013,0.135));
#12917=CARTESIAN_POINT('',(-0.00999999999999996,-0.013,0.135));
#12918=CARTESIAN_POINT('',(0.34,-0.013,0.135));
#12919=CARTESIAN_POINT('',(0.34,-0.00300000000000001,0.135));
#12920=CARTESIAN_POINT('',(-0.0900000000000001,-0.003,0.135));
#12921=CARTESIAN_POINT('',(-0.11,-0.003,0.135));
#12922=CARTESIAN_POINT('',(-0.0900000000000001,-0.013,0.135));
#12923=CARTESIAN_POINT('',(-0.11,-0.013,0.135));
#12924=CARTESIAN_POINT('',(0.34,-0.013,0.135));
#12925=CARTESIAN_POINT('',(0.34,-0.00300000000000001,0.135));
#12926=CARTESIAN_POINT('',(-0.19,-0.003,0.135));
#12927=CARTESIAN_POINT('',(-0.21,-0.003,0.135));
#12928=CARTESIAN_POINT('',(-0.19,-0.013,0.135));
#12929=CARTESIAN_POINT('',(-0.21,-0.013,0.135));
#12930=CARTESIAN_POINT('',(0.34,-0.013,0.135));
#12931=CARTESIAN_POINT('',(0.34,-0.00300000000000001,0.135));
#12932=CARTESIAN_POINT('',(-0.29,-0.003,0.135));
#12933=CARTESIAN_POINT('',(-0.31,-0.003,0.135));
#12934=CARTESIAN_POINT('',(-0.29,-0.013,0.135));
#12935=CARTESIAN_POINT('',(-0.31,-0.013,0.135));
#12936=CARTESIAN_POINT('',(0.34,-0.003,0.135));
#12937=CARTESIAN_POINT('',(0.31,-0.003,0.135));
#12938=CARTESIAN_POINT('',(0.31,-0.003,0.09));
#12939=CARTESIAN_POINT('',(0.29,-0.003,0.135));
#12940=CARTESIAN_POINT('',(0.29,-0.003,0.09));
#12941=CARTESIAN_POINT('',(0.34,-0.003,0.09));
#12942=CARTESIAN_POINT('',(0.34,-0.003,0.135));
#12943=CARTESIAN_POINT('',(0.21,-0.003,0.135));
#12944=CARTESIAN_POINT('',(0.21,-0.003,0.09));
#12945=CARTESIAN_POINT('',(0.19,-0.003,0.135));
#12946=CARTESIAN_POINT('',(0.19,-0.003,0.09));
#12947=CARTESIAN_POINT('',(0.34,-0.003,0.09));
#12948=CARTESIAN_POINT('',(0.34,-0.003,0.135));
#12949=CARTESIAN_POINT('',(0.11,-0.003,0.135));
#12950=CARTESIAN_POINT('',(0.11,-0.003,0.09));
#12951=CARTESIAN_POINT('',(0.09,-0.003,0.135));
#12952=CARTESIAN_POINT('',(0.09,-0.003,0.09));
#12953=CARTESIAN_POINT('',(0.34,-0.003,0.09));
#12954=CARTESIAN_POINT('',(0.34,-0.003,0.135));
#12955=CARTESIAN_POINT('',(0.00999999999999996,-0.003,0.135));
#12956=CARTESIAN_POINT('',(0.00999999999999996,-0.003,0.09));
#12957=CARTESIAN_POINT('',(-0.00999999999999996,-0.003,0.135));
#12958=CARTESIAN_POINT('',(-0.00999999999999996,-0.003,0.09));
#12959=CARTESIAN_POINT('',(0.34,-0.003,0.09));
#12960=CARTESIAN_POINT('',(0.34,-0.003,0.135));
#12961=CARTESIAN_POINT('',(-0.0900000000000001,-0.003,0.135));
#12962=CARTESIAN_POINT('',(-0.0900000000000001,-0.003,0.09));
#12963=CARTESIAN_POINT('',(-0.11,-0.003,0.135));
#12964=CARTESIAN_POINT('',(-0.11,-0.003,0.09));
#12965=CARTESIAN_POINT('',(0.34,-0.003,0.09));
#12966=CARTESIAN_POINT('',(0.34,-0.003,0.135));
#12967=CARTESIAN_POINT('',(-0.19,-0.003,0.135));
#12968=CARTESIAN_POINT('',(-0.19,-0.003,0.09));
#12969=CARTESIAN_POINT('',(-0.21,-0.003,0.135));
#12970=CARTESIAN_POINT('',(-0.21,-0.003,0.09));
#12971=CARTESIAN_POINT('',(0.34,-0.003,0.09));
#12972=CARTESIAN_POINT('',(0.34,-0.003,0.135));
#12973=CARTESIAN_POINT('',(-0.29,-0.003,0.135));
#12974=CARTESIAN_POINT('',(-0.29,-0.003,0.09));
#12975=CARTESIAN_POINT('',(-0.31,-0.003,0.135));
#12976=CARTESIAN_POINT('',(-0.31,-0.003,0.09));
#12977=CARTESIAN_POINT('',(0.34,-0.003,0.09));
#12978=CARTESIAN_POINT('',(0.34,0.00699999999999998,0.09));
#12979=CARTESIAN_POINT('',(0.31,0.00699999999999998,0.09));
#12980=CARTESIAN_POINT('',(0.31,0.00700000000000002,0.08));
#12981=CARTESIAN_POINT('',(0.29,0.00699999999999998,0.09));
#12982=CARTESIAN_POINT('',(0.29,0.00700000000000002,0.08));
#12983=CARTESIAN_POINT('',(0.34,0.00700000000000002,0.08));
#12984=CARTESIAN_POINT('',(0.34,0.00699999999999998,0.09));
#12985=CARTESIAN_POINT('',(0.21,0.00699999999999998,0.09));
#12986=CARTESIAN_POINT('',(0.21,0.00700000000000002,0.08));
#12987=CARTESIAN_POINT('',(0.19,0.00699999999999998,0.09));
#12988=CARTESIAN_POINT('',(0.19,0.00700000000000002,0.08));
#12989=CARTESIAN_POINT('',(0.34,0.00700000000000002,0.08));
#12990=CARTESIAN_POINT('',(0.34,0.00699999999999998,0.09));
#12991=CARTESIAN_POINT('',(0.11,0.00699999999999998,0.09));
#12992=CARTESIAN_POINT('',(0.11,0.00700000000000002,0.08));
#12993=CARTESIAN_POINT('',(0.09,0.00699999999999998,0.09));
#12994=CARTESIAN_POINT('',(0.09,0.00700000000000002,0.08));
#12995=CARTESIAN_POINT('',(0.34,0.00700000000000002,0.08));
#12996=CARTESIAN_POINT('',(0.34,0.00699999999999998,0.09));
#12997=CARTESIAN_POINT('',(0.00999999999999996,0.00699999999999998,0.09));
#12998=CARTESIAN_POINT('',(0.00999999999999996,0.00700000000000002,0.08));
#12999=CARTESIAN_POINT('',(-0.00999999999999996,0.00699999999999998,0.09));
#13000=CARTESIAN_POINT('',(-0.00999999999999996,0.00700000000000002,0.08));
#13001=CARTESIAN_POINT('',(0.34,0.00700000000000002,0.08));
#13002=CARTESIAN_POINT('',(0.34,0.00699999999999998,0.09));
#13003=CARTESIAN_POINT('',(-0.0900000000000001,0.00699999999999998,0.09));
#13004=CARTESIAN_POINT('',(-0.0900000000000001,0.00700000000000002,0.08));
#13005=CARTESIAN_POINT('',(-0.11,0.00699999999999998,0.09));
#13006=CARTESIAN_POINT('',(-0.11,0.00700000000000002,0.08));
#13007=CARTESIAN_POINT('',(0.34,0.00700000000000002,0.08));
#13008=CARTESIAN_POINT('',(0.34,0.00699999999999998,0.09));
#13009=CARTESIAN_POINT('',(-0.19,0.00699999999999998,0.09));
#13010=CARTESIAN_POINT('',(-0.19,0.00700000000000002,0.08));
#13011=CARTESIAN_POINT('',(-0.21,0.00699999999999998,0.09));
#13012=CARTESIAN_POINT('',(-0.21,0.00700000000000002,0.08));
#13013=CARTESIAN_POINT('',(0.34,0.00700000000000002,0.08));
#13014=CARTESIAN_POINT('',(0.34,0.00699999999999998,0.09));
#13015=CARTESIAN_POINT('',(-0.29,0.00699999999999998,0.09));
#13016=CARTESIAN_POINT('',(-0.29,0.00700000000000002,0.08));
#13017=CARTESIAN_POINT('',(-0.31,0.00699999999999998,0.09));
#13018=CARTESIAN_POINT('',(-0.31,0.00700000000000002,0.08));
#13019=CARTESIAN_POINT('',(0.34,0.00700000000000002,0.08));
#13020=CARTESIAN_POINT('',(0.34,0.00700000000000001,0.08));
#13021=CARTESIAN_POINT('',(0.34,0.015,0.08));
#13022=CARTESIAN_POINT('',(0.31,0.015,0.0800000000000001));
#13023=CARTESIAN_POINT('',(0.31,0.00700000000000001,0.08));
#13024=CARTESIAN_POINT('',(0.29,0.00700000000000001,0.08));
#13025=CARTESIAN_POINT('',(0.29,0.015,0.0800000000000001));
#13026=CARTESIAN_POINT('',(0.34,0.015,0.08));
#13027=CARTESIAN_POINT('',(0.21,0.015,0.0800000000000001));
#13028=CARTESIAN_POINT('',(0.21,0.00700000000000001,0.08));
#13029=CARTESIAN_POINT('',(0.19,0.00700000000000001,0.08));
#13030=CARTESIAN_POINT('',(0.19,0.015,0.0800000000000001));
#13031=CARTESIAN_POINT('',(0.34,0.015,0.08));
#13032=CARTESIAN_POINT('',(0.11,0.015,0.0800000000000001));
#13033=CARTESIAN_POINT('',(0.11,0.00700000000000001,0.08));
#13034=CARTESIAN_POINT('',(0.09,0.00700000000000001,0.08));
#13035=CARTESIAN_POINT('',(0.09,0.015,0.0800000000000001));
#13036=CARTESIAN_POINT('',(0.34,0.015,0.08));
#13037=CARTESIAN_POINT('',(0.00999999999999998,0.015,0.0800000000000001));
#13038=CARTESIAN_POINT('',(0.00999999999999996,0.00700000000000001,0.08));
#13039=CARTESIAN_POINT('',(-0.00999999999999996,0.00700000000000001,0.08));
#13040=CARTESIAN_POINT('',(-0.00999999999999998,0.015,0.0800000000000001));
#13041=CARTESIAN_POINT('',(0.34,0.015,0.08));
#13042=CARTESIAN_POINT('',(-0.09,0.015,0.0800000000000001));
#13043=CARTESIAN_POINT('',(-0.0900000000000001,0.00700000000000001,0.08));
#13044=CARTESIAN_POINT('',(-0.11,0.00700000000000001,0.08));
#13045=CARTESIAN_POINT('',(-0.11,0.015,0.0800000000000001));
#13046=CARTESIAN_POINT('',(0.34,0.015,0.08));
#13047=CARTESIAN_POINT('',(-0.19,0.015,0.0800000000000001));
#13048=CARTESIAN_POINT('',(-0.19,0.00700000000000001,0.08));
#13049=CARTESIAN_POINT('',(-0.21,0.00700000000000001,0.08));
#13050=CARTESIAN_POINT('',(-0.21,0.015,0.0800000000000001));
#13051=CARTESIAN_POINT('',(0.34,0.015,0.08));
#13052=CARTESIAN_POINT('',(-0.29,0.015,0.0800000000000001));
#13053=CARTESIAN_POINT('',(-0.29,0.00700000000000001,0.08));
#13054=CARTESIAN_POINT('',(-0.31,0.00700000000000001,0.08));
#13055=CARTESIAN_POINT('',(-0.31,0.015,0.0800000000000001));
#13056=CARTESIAN_POINT('',(0.34,0.015,0.08));
#13057=CARTESIAN_POINT('',(0.34,0.0169999999999999,0.08));
#13058=CARTESIAN_POINT('',(0.34,0.017,-0.08));
#13059=CARTESIAN_POINT('',(0.34,0.015,-0.08));
#13060=CARTESIAN_POINT('',(0.31,0.015,-0.0799999999999999));
#13061=CARTESIAN_POINT('',(0.34,0.017,-0.08));
#13062=CARTESIAN_POINT('',(0.34,0.015,-0.08));
#13063=CARTESIAN_POINT('',(-0.31,0.015,-0.0799999999999999));
#13064=CARTESIAN_POINT('',(-0.31,0.017,-0.08));
#13065=CARTESIAN_POINT('',(-0.31,0.007,-0.08));
#13066=CARTESIAN_POINT('',(0.34,0.007,-0.08));
#13067=CARTESIAN_POINT('',(-0.29,0.007,-0.08));
#13068=CARTESIAN_POINT('',(-0.29,0.017,-0.08));
#13069=CARTESIAN_POINT('',(-0.29,0.015,-0.0799999999999999));
#13070=CARTESIAN_POINT('',(0.34,0.015,-0.08));
#13071=CARTESIAN_POINT('',(-0.21,0.015,-0.0799999999999999));
#13072=CARTESIAN_POINT('',(-0.21,0.017,-0.08));
#13073=CARTESIAN_POINT('',(-0.21,0.007,-0.08));
#13074=CARTESIAN_POINT('',(0.34,0.007,-0.08));
#13075=CARTESIAN_POINT('',(-0.19,0.007,-0.08));
#13076=CARTESIAN_POINT('',(-0.19,0.017,-0.08));
#13077=CARTESIAN_POINT('',(-0.19,0.015,-0.0799999999999999));
#13078=CARTESIAN_POINT('',(0.34,0.015,-0.08));
#13079=CARTESIAN_POINT('',(-0.11,0.015,-0.0799999999999999));
#13080=CARTESIAN_POINT('',(-0.11,0.017,-0.08));
#13081=CARTESIAN_POINT('',(-0.11,0.007,-0.08));
#13082=CARTESIAN_POINT('',(0.34,0.007,-0.08));
#13083=CARTESIAN_POINT('',(-0.0900000000000001,0.007,-0.08));
#13084=CARTESIAN_POINT('',(-0.0900000000000001,0.017,-0.08));
#13085=CARTESIAN_POINT('',(-0.09,0.015,-0.0799999999999999));
#13086=CARTESIAN_POINT('',(0.34,0.015,-0.08));
#13087=CARTESIAN_POINT('',(-0.00999999999999998,0.015,-0.0799999999999999));
#13088=CARTESIAN_POINT('',(-0.00999999999999996,0.017,-0.08));
#13089=CARTESIAN_POINT('',(-0.00999999999999996,0.007,-0.08));
#13090=CARTESIAN_POINT('',(0.34,0.007,-0.08));
#13091=CARTESIAN_POINT('',(0.00999999999999996,0.007,-0.08));
#13092=CARTESIAN_POINT('',(0.00999999999999996,0.017,-0.08));
#13093=CARTESIAN_POINT('',(0.00999999999999998,0.015,-0.0799999999999999));
#13094=CARTESIAN_POINT('',(0.34,0.015,-0.08));
#13095=CARTESIAN_POINT('',(0.09,0.015,-0.0799999999999999));
#13096=CARTESIAN_POINT('',(0.09,0.017,-0.08));
#13097=CARTESIAN_POINT('',(0.09,0.007,-0.08));
#13098=CARTESIAN_POINT('',(0.34,0.007,-0.08));
#13099=CARTESIAN_POINT('',(0.11,0.007,-0.08));
#13100=CARTESIAN_POINT('',(0.11,0.017,-0.08));
#13101=CARTESIAN_POINT('',(0.11,0.015,-0.0799999999999999));
#13102=CARTESIAN_POINT('',(0.34,0.015,-0.08));
#13103=CARTESIAN_POINT('',(0.19,0.015,-0.0799999999999999));
#13104=CARTESIAN_POINT('',(0.19,0.017,-0.08));
#13105=CARTESIAN_POINT('',(0.19,0.007,-0.08));
#13106=CARTESIAN_POINT('',(0.34,0.007,-0.08));
#13107=CARTESIAN_POINT('',(0.21,0.007,-0.08));
#13108=CARTESIAN_POINT('',(0.21,0.017,-0.08));
#13109=CARTESIAN_POINT('',(0.21,0.015,-0.0799999999999999));
#13110=CARTESIAN_POINT('',(0.34,0.015,-0.08));
#13111=CARTESIAN_POINT('',(0.29,0.015,-0.0799999999999999));
#13112=CARTESIAN_POINT('',(0.29,0.017,-0.08));
#13113=CARTESIAN_POINT('',(0.29,0.007,-0.08));
#13114=CARTESIAN_POINT('',(0.34,0.007,-0.08));
#13115=CARTESIAN_POINT('',(0.31,0.007,-0.08));
#13116=CARTESIAN_POINT('',(0.31,0.017,-0.08));
#13117=CARTESIAN_POINT('',(0.34,0.007,-0.09));
#13118=CARTESIAN_POINT('',(0.31,0.007,-0.09));
#13119=CARTESIAN_POINT('',(0.31,-0.003,-0.09));
#13120=CARTESIAN_POINT('',(0.29,0.007,-0.09));
#13121=CARTESIAN_POINT('',(0.29,-0.003,-0.09));
#13122=CARTESIAN_POINT('',(0.34,-0.003,-0.09));
#13123=CARTESIAN_POINT('',(0.34,0.007,-0.09));
#13124=CARTESIAN_POINT('',(0.21,0.007,-0.09));
#13125=CARTESIAN_POINT('',(0.21,-0.003,-0.09));
#13126=CARTESIAN_POINT('',(0.19,0.007,-0.09));
#13127=CARTESIAN_POINT('',(0.19,-0.003,-0.09));
#13128=CARTESIAN_POINT('',(0.34,-0.003,-0.09));
#13129=CARTESIAN_POINT('',(0.34,0.007,-0.09));
#13130=CARTESIAN_POINT('',(0.11,0.007,-0.09));
#13131=CARTESIAN_POINT('',(0.11,-0.003,-0.09));
#13132=CARTESIAN_POINT('',(0.09,0.007,-0.09));
#13133=CARTESIAN_POINT('',(0.09,-0.003,-0.09));
#13134=CARTESIAN_POINT('',(0.34,-0.003,-0.09));
#13135=CARTESIAN_POINT('',(0.34,0.007,-0.09));
#13136=CARTESIAN_POINT('',(0.00999999999999996,0.007,-0.09));
#13137=CARTESIAN_POINT('',(0.00999999999999996,-0.003,-0.09));
#13138=CARTESIAN_POINT('',(-0.00999999999999996,0.007,-0.09));
#13139=CARTESIAN_POINT('',(-0.00999999999999996,-0.003,-0.09));
#13140=CARTESIAN_POINT('',(0.34,-0.003,-0.09));
#13141=CARTESIAN_POINT('',(0.34,0.007,-0.09));
#13142=CARTESIAN_POINT('',(-0.0900000000000001,0.007,-0.09));
#13143=CARTESIAN_POINT('',(-0.0900000000000001,-0.003,-0.09));
#13144=CARTESIAN_POINT('',(-0.11,0.007,-0.09));
#13145=CARTESIAN_POINT('',(-0.11,-0.003,-0.09));
#13146=CARTESIAN_POINT('',(0.34,-0.003,-0.09));
#13147=CARTESIAN_POINT('',(0.34,0.007,-0.09));
#13148=CARTESIAN_POINT('',(-0.19,0.007,-0.09));
#13149=CARTESIAN_POINT('',(-0.19,-0.003,-0.09));
#13150=CARTESIAN_POINT('',(-0.21,0.007,-0.09));
#13151=CARTESIAN_POINT('',(-0.21,-0.003,-0.09));
#13152=CARTESIAN_POINT('',(0.34,-0.003,-0.09));
#13153=CARTESIAN_POINT('',(0.34,0.007,-0.09));
#13154=CARTESIAN_POINT('',(-0.29,0.007,-0.09));
#13155=CARTESIAN_POINT('',(-0.29,-0.003,-0.09));
#13156=CARTESIAN_POINT('',(-0.31,0.007,-0.09));
#13157=CARTESIAN_POINT('',(-0.31,-0.003,-0.09));
#13158=CARTESIAN_POINT('',(0.34,-0.003,-0.09));
#13159=CARTESIAN_POINT('',(0.34,-0.003,-0.09));
#13160=CARTESIAN_POINT('',(0.31,-0.003,-0.09));
#13161=CARTESIAN_POINT('',(0.31,-0.003,-0.135));
#13162=CARTESIAN_POINT('',(0.29,-0.003,-0.09));
#13163=CARTESIAN_POINT('',(0.29,-0.003,-0.135));
#13164=CARTESIAN_POINT('',(0.34,-0.003,-0.135));
#13165=CARTESIAN_POINT('',(0.34,-0.003,-0.09));
#13166=CARTESIAN_POINT('',(0.21,-0.003,-0.09));
#13167=CARTESIAN_POINT('',(0.21,-0.003,-0.135));
#13168=CARTESIAN_POINT('',(0.19,-0.003,-0.09));
#13169=CARTESIAN_POINT('',(0.19,-0.003,-0.135));
#13170=CARTESIAN_POINT('',(0.34,-0.003,-0.135));
#13171=CARTESIAN_POINT('',(0.34,-0.003,-0.09));
#13172=CARTESIAN_POINT('',(0.11,-0.003,-0.09));
#13173=CARTESIAN_POINT('',(0.11,-0.003,-0.135));
#13174=CARTESIAN_POINT('',(0.09,-0.003,-0.09));
#13175=CARTESIAN_POINT('',(0.09,-0.003,-0.135));
#13176=CARTESIAN_POINT('',(0.34,-0.003,-0.135));
#13177=CARTESIAN_POINT('',(0.34,-0.003,-0.09));
#13178=CARTESIAN_POINT('',(0.00999999999999996,-0.003,-0.09));
#13179=CARTESIAN_POINT('',(0.00999999999999996,-0.003,-0.135));
#13180=CARTESIAN_POINT('',(-0.00999999999999996,-0.003,-0.09));
#13181=CARTESIAN_POINT('',(-0.00999999999999996,-0.003,-0.135));
#13182=CARTESIAN_POINT('',(0.34,-0.003,-0.135));
#13183=CARTESIAN_POINT('',(0.34,-0.003,-0.09));
#13184=CARTESIAN_POINT('',(-0.0900000000000001,-0.003,-0.09));
#13185=CARTESIAN_POINT('',(-0.0900000000000001,-0.003,-0.135));
#13186=CARTESIAN_POINT('',(-0.11,-0.003,-0.09));
#13187=CARTESIAN_POINT('',(-0.11,-0.003,-0.135));
#13188=CARTESIAN_POINT('',(0.34,-0.003,-0.135));
#13189=CARTESIAN_POINT('',(0.34,-0.003,-0.09));
#13190=CARTESIAN_POINT('',(-0.19,-0.003,-0.09));
#13191=CARTESIAN_POINT('',(-0.19,-0.003,-0.135));
#13192=CARTESIAN_POINT('',(-0.21,-0.003,-0.09));
#13193=CARTESIAN_POINT('',(-0.21,-0.003,-0.135));
#13194=CARTESIAN_POINT('',(0.34,-0.003,-0.135));
#13195=CARTESIAN_POINT('',(0.34,-0.003,-0.09));
#13196=CARTESIAN_POINT('',(-0.29,-0.003,-0.09));
#13197=CARTESIAN_POINT('',(-0.29,-0.003,-0.135));
#13198=CARTESIAN_POINT('',(-0.31,-0.003,-0.09));
#13199=CARTESIAN_POINT('',(-0.31,-0.003,-0.135));
#13200=CARTESIAN_POINT('',(0.34,-0.003,-0.135));
#13201=CARTESIAN_POINT('',(0.34,-0.013,-0.135));
#13202=CARTESIAN_POINT('',(0.34,-0.013,-0.145));
#13203=CARTESIAN_POINT('',(0.31,-0.013,-0.145));
#13204=CARTESIAN_POINT('',(0.29,-0.013,-0.145));
#13205=CARTESIAN_POINT('',(0.31,-0.013,-0.135));
#13206=CARTESIAN_POINT('',(0.29,-0.013,-0.135));
#13207=CARTESIAN_POINT('',(0.34,-0.013,-0.135));
#13208=CARTESIAN_POINT('',(0.34,-0.013,-0.145));
#13209=CARTESIAN_POINT('',(0.21,-0.013,-0.145));
#13210=CARTESIAN_POINT('',(0.19,-0.013,-0.145));
#13211=CARTESIAN_POINT('',(0.21,-0.013,-0.135));
#13212=CARTESIAN_POINT('',(0.19,-0.013,-0.135));
#13213=CARTESIAN_POINT('',(0.34,-0.013,-0.135));
#13214=CARTESIAN_POINT('',(0.34,-0.013,-0.145));
#13215=CARTESIAN_POINT('',(0.11,-0.013,-0.145));
#13216=CARTESIAN_POINT('',(0.09,-0.013,-0.145));
#13217=CARTESIAN_POINT('',(0.11,-0.013,-0.135));
#13218=CARTESIAN_POINT('',(0.09,-0.013,-0.135));
#13219=CARTESIAN_POINT('',(0.34,-0.013,-0.135));
#13220=CARTESIAN_POINT('',(0.34,-0.013,-0.145));
#13221=CARTESIAN_POINT('',(0.00999999999999996,-0.013,-0.145));
#13222=CARTESIAN_POINT('',(-0.00999999999999996,-0.013,-0.145));
#13223=CARTESIAN_POINT('',(0.00999999999999996,-0.013,-0.135));
#13224=CARTESIAN_POINT('',(-0.00999999999999996,-0.013,-0.135));
#13225=CARTESIAN_POINT('',(0.34,-0.013,-0.135));
#13226=CARTESIAN_POINT('',(0.34,-0.013,-0.145));
#13227=CARTESIAN_POINT('',(-0.0900000000000001,-0.013,-0.145));
#13228=CARTESIAN_POINT('',(-0.11,-0.013,-0.145));
#13229=CARTESIAN_POINT('',(-0.0900000000000001,-0.013,-0.135));
#13230=CARTESIAN_POINT('',(-0.11,-0.013,-0.135));
#13231=CARTESIAN_POINT('',(0.34,-0.013,-0.135));
#13232=CARTESIAN_POINT('',(0.34,-0.013,-0.145));
#13233=CARTESIAN_POINT('',(-0.19,-0.013,-0.145));
#13234=CARTESIAN_POINT('',(-0.21,-0.013,-0.145));
#13235=CARTESIAN_POINT('',(-0.19,-0.013,-0.135));
#13236=CARTESIAN_POINT('',(-0.21,-0.013,-0.135));
#13237=CARTESIAN_POINT('',(0.34,-0.013,-0.135));
#13238=CARTESIAN_POINT('',(0.34,-0.013,-0.145));
#13239=CARTESIAN_POINT('',(-0.29,-0.013,-0.145));
#13240=CARTESIAN_POINT('',(-0.31,-0.013,-0.145));
#13241=CARTESIAN_POINT('',(-0.29,-0.013,-0.135));
#13242=CARTESIAN_POINT('',(-0.31,-0.013,-0.135));
#13243=CARTESIAN_POINT('',(0.34,-0.013,-0.145));
#13244=CARTESIAN_POINT('',(0.31,-0.013,-0.145));
#13245=CARTESIAN_POINT('',(0.31,-0.131,-0.145));
#13246=CARTESIAN_POINT('',(0.29,-0.013,-0.145));
#13247=CARTESIAN_POINT('',(0.29,-0.131,-0.145));
#13248=CARTESIAN_POINT('',(0.34,-0.131,-0.145));
#13249=CARTESIAN_POINT('',(0.34,-0.013,-0.145));
#13250=CARTESIAN_POINT('',(0.21,-0.013,-0.145));
#13251=CARTESIAN_POINT('',(0.21,-0.131,-0.145));
#13252=CARTESIAN_POINT('',(0.19,-0.013,-0.145));
#13253=CARTESIAN_POINT('',(0.19,-0.131,-0.145));
#13254=CARTESIAN_POINT('',(0.34,-0.131,-0.145));
#13255=CARTESIAN_POINT('',(0.34,-0.013,-0.145));
#13256=CARTESIAN_POINT('',(0.11,-0.013,-0.145));
#13257=CARTESIAN_POINT('',(0.11,-0.131,-0.145));
#13258=CARTESIAN_POINT('',(0.09,-0.013,-0.145));
#13259=CARTESIAN_POINT('',(0.09,-0.131,-0.145));
#13260=CARTESIAN_POINT('',(0.34,-0.131,-0.145));
#13261=CARTESIAN_POINT('',(0.34,-0.013,-0.145));
#13262=CARTESIAN_POINT('',(0.00999999999999996,-0.013,-0.145));
#13263=CARTESIAN_POINT('',(0.00999999999999998,-0.131,-0.145));
#13264=CARTESIAN_POINT('',(-0.00999999999999996,-0.013,-0.145));
#13265=CARTESIAN_POINT('',(-0.00999999999999998,-0.131,-0.145));
#13266=CARTESIAN_POINT('',(0.34,-0.131,-0.145));
#13267=CARTESIAN_POINT('',(0.34,-0.013,-0.145));
#13268=CARTESIAN_POINT('',(-0.0900000000000001,-0.013,-0.145));
#13269=CARTESIAN_POINT('',(-0.09,-0.131,-0.145));
#13270=CARTESIAN_POINT('',(-0.11,-0.013,-0.145));
#13271=CARTESIAN_POINT('',(-0.11,-0.131,-0.145));
#13272=CARTESIAN_POINT('',(0.34,-0.131,-0.145));
#13273=CARTESIAN_POINT('',(0.34,-0.013,-0.145));
#13274=CARTESIAN_POINT('',(-0.19,-0.013,-0.145));
#13275=CARTESIAN_POINT('',(-0.19,-0.131,-0.145));
#13276=CARTESIAN_POINT('',(-0.21,-0.013,-0.145));
#13277=CARTESIAN_POINT('',(-0.21,-0.131,-0.145));
#13278=CARTESIAN_POINT('',(0.34,-0.131,-0.145));
#13279=CARTESIAN_POINT('',(0.34,-0.013,-0.145));
#13280=CARTESIAN_POINT('',(-0.29,-0.013,-0.145));
#13281=CARTESIAN_POINT('',(-0.29,-0.131,-0.145));
#13282=CARTESIAN_POINT('',(-0.31,-0.013,-0.145));
#13283=CARTESIAN_POINT('',(-0.31,-0.131,-0.145));
#13284=CARTESIAN_POINT('',(0.34,-0.131,-0.145));
#13285=CARTESIAN_POINT('',(0.34,-0.131,-0.145));
#13286=CARTESIAN_POINT('',(0.31,-0.131,0.3));
#13287=CARTESIAN_POINT('',(0.31,-0.131,-0.155));
#13288=CARTESIAN_POINT('',(0.29,-0.131,0.3));
#13289=CARTESIAN_POINT('',(0.29,-0.131,-0.155));
#13290=CARTESIAN_POINT('',(0.34,-0.131,-0.155));
#13291=CARTESIAN_POINT('',(0.34,-0.131,-0.145));
#13292=CARTESIAN_POINT('',(0.21,-0.131,0.3));
#13293=CARTESIAN_POINT('',(0.21,-0.131,-0.155));
#13294=CARTESIAN_POINT('',(0.19,-0.131,0.3));
#13295=CARTESIAN_POINT('',(0.19,-0.131,-0.155));
#13296=CARTESIAN_POINT('',(0.34,-0.131,-0.155));
#13297=CARTESIAN_POINT('',(0.34,-0.131,-0.145));
#13298=CARTESIAN_POINT('',(0.11,-0.131,0.3));
#13299=CARTESIAN_POINT('',(0.11,-0.131,-0.155));
#13300=CARTESIAN_POINT('',(0.09,-0.131,0.3));
#13301=CARTESIAN_POINT('',(0.09,-0.131,-0.155));
#13302=CARTESIAN_POINT('',(0.34,-0.131,-0.155));
#13303=CARTESIAN_POINT('',(0.34,-0.131,-0.145));
#13304=CARTESIAN_POINT('',(0.00999999999999998,-0.131,0.3));
#13305=CARTESIAN_POINT('',(0.00999999999999998,-0.131,-0.155));
#13306=CARTESIAN_POINT('',(-0.00999999999999998,-0.131,0.3));
#13307=CARTESIAN_POINT('',(-0.00999999999999998,-0.131,-0.155));
#13308=CARTESIAN_POINT('',(0.34,-0.131,-0.155));
#13309=CARTESIAN_POINT('',(0.34,-0.131,-0.145));
#13310=CARTESIAN_POINT('',(-0.09,-0.131,0.3));
#13311=CARTESIAN_POINT('',(-0.09,-0.131,-0.155));
#13312=CARTESIAN_POINT('',(-0.11,-0.131,0.3));
#13313=CARTESIAN_POINT('',(-0.11,-0.131,-0.155));
#13314=CARTESIAN_POINT('',(0.34,-0.131,-0.155));
#13315=CARTESIAN_POINT('',(0.34,-0.131,-0.145));
#13316=CARTESIAN_POINT('',(-0.19,-0.131,0.3));
#13317=CARTESIAN_POINT('',(-0.19,-0.131,-0.155));
#13318=CARTESIAN_POINT('',(-0.21,-0.131,0.3));
#13319=CARTESIAN_POINT('',(-0.21,-0.131,-0.155));
#13320=CARTESIAN_POINT('',(0.34,-0.131,-0.155));
#13321=CARTESIAN_POINT('',(0.34,-0.131,-0.145));
#13322=CARTESIAN_POINT('',(-0.29,-0.131,0.3));
#13323=CARTESIAN_POINT('',(-0.29,-0.131,-0.155));
#13324=CARTESIAN_POINT('',(-0.31,-0.131,0.3));
#13325=CARTESIAN_POINT('',(-0.31,-0.131,-0.155));
#13326=CARTESIAN_POINT('',(0.34,-0.131,-0.155));
#13327=CARTESIAN_POINT('',(0.34,-0.131,-0.155));
#13328=CARTESIAN_POINT('',(0.31,-0.131,-0.155));
#13329=CARTESIAN_POINT('',(0.31,-0.0110000000000001,-0.155));
#13330=CARTESIAN_POINT('',(0.29,-0.131,-0.155));
#13331=CARTESIAN_POINT('',(0.29,-0.011,-0.155));
#13332=CARTESIAN_POINT('',(0.34,-0.011,-0.155));
#13333=CARTESIAN_POINT('',(0.34,-0.131,-0.155));
#13334=CARTESIAN_POINT('',(0.21,-0.131,-0.155));
#13335=CARTESIAN_POINT('',(0.21,-0.0110000000000001,-0.155));
#13336=CARTESIAN_POINT('',(0.19,-0.131,-0.155));
#13337=CARTESIAN_POINT('',(0.19,-0.011,-0.155));
#13338=CARTESIAN_POINT('',(0.34,-0.011,-0.155));
#13339=CARTESIAN_POINT('',(0.34,-0.131,-0.155));
#13340=CARTESIAN_POINT('',(0.11,-0.131,-0.155));
#13341=CARTESIAN_POINT('',(0.11,-0.0110000000000001,-0.155));
#13342=CARTESIAN_POINT('',(0.09,-0.131,-0.155));
#13343=CARTESIAN_POINT('',(0.09,-0.011,-0.155));
#13344=CARTESIAN_POINT('',(0.34,-0.011,-0.155));
#13345=CARTESIAN_POINT('',(0.34,-0.131,-0.155));
#13346=CARTESIAN_POINT('',(0.00999999999999996,-0.131,-0.155));
#13347=CARTESIAN_POINT('',(0.00999999999999996,-0.0110000000000001,-0.155));
#13348=CARTESIAN_POINT('',(-0.00999999999999996,-0.131,-0.155));
#13349=CARTESIAN_POINT('',(-0.00999999999999996,-0.011,-0.155));
#13350=CARTESIAN_POINT('',(0.34,-0.011,-0.155));
#13351=CARTESIAN_POINT('',(0.34,-0.131,-0.155));
#13352=CARTESIAN_POINT('',(-0.0900000000000001,-0.131,-0.155));
#13353=CARTESIAN_POINT('',(-0.0900000000000001,-0.0110000000000001,-0.155));
#13354=CARTESIAN_POINT('',(-0.11,-0.131,-0.155));
#13355=CARTESIAN_POINT('',(-0.11,-0.011,-0.155));
#13356=CARTESIAN_POINT('',(0.34,-0.011,-0.155));
#13357=CARTESIAN_POINT('',(0.34,-0.131,-0.155));
#13358=CARTESIAN_POINT('',(-0.19,-0.131,-0.155));
#13359=CARTESIAN_POINT('',(-0.19,-0.0110000000000001,-0.155));
#13360=CARTESIAN_POINT('',(-0.21,-0.131,-0.155));
#13361=CARTESIAN_POINT('',(-0.21,-0.011,-0.155));
#13362=CARTESIAN_POINT('',(0.34,-0.011,-0.155));
#13363=CARTESIAN_POINT('',(0.34,-0.131,-0.155));
#13364=CARTESIAN_POINT('',(-0.29,-0.131,-0.155));
#13365=CARTESIAN_POINT('',(-0.29,-0.0110000000000001,-0.155));
#13366=CARTESIAN_POINT('',(-0.31,-0.131,-0.155));
#13367=CARTESIAN_POINT('',(-0.31,-0.011,-0.155));
#13368=CARTESIAN_POINT('',(0.34,-0.011,-0.155));
#13369=CARTESIAN_POINT('',(0.34,-0.0110000000000001,-0.137));
#13370=CARTESIAN_POINT('',(0.31,-0.0110000000000001,-0.137));
#13371=CARTESIAN_POINT('',(0.31,0.007,-0.137));
#13372=CARTESIAN_POINT('',(0.29,-0.0110000000000001,-0.137));
#13373=CARTESIAN_POINT('',(0.29,0.007,-0.137));
#13374=CARTESIAN_POINT('',(0.34,0.007,-0.137));
#13375=CARTESIAN_POINT('',(0.34,-0.0110000000000001,-0.137));
#13376=CARTESIAN_POINT('',(0.21,-0.0110000000000001,-0.137));
#13377=CARTESIAN_POINT('',(0.21,0.007,-0.137));
#13378=CARTESIAN_POINT('',(0.19,-0.0110000000000001,-0.137));
#13379=CARTESIAN_POINT('',(0.19,0.007,-0.137));
#13380=CARTESIAN_POINT('',(0.34,0.007,-0.137));
#13381=CARTESIAN_POINT('',(0.34,-0.0110000000000001,-0.137));
#13382=CARTESIAN_POINT('',(0.11,-0.0110000000000001,-0.137));
#13383=CARTESIAN_POINT('',(0.11,0.007,-0.137));
#13384=CARTESIAN_POINT('',(0.09,-0.0110000000000001,-0.137));
#13385=CARTESIAN_POINT('',(0.09,0.007,-0.137));
#13386=CARTESIAN_POINT('',(0.34,0.007,-0.137));
#13387=CARTESIAN_POINT('',(0.34,-0.0110000000000001,-0.137));
#13388=CARTESIAN_POINT('',(0.00999999999999996,-0.0110000000000001,-0.137));
#13389=CARTESIAN_POINT('',(0.00999999999999996,0.007,-0.137));
#13390=CARTESIAN_POINT('',(-0.00999999999999996,-0.0110000000000001,-0.137));
#13391=CARTESIAN_POINT('',(-0.00999999999999996,0.007,-0.137));
#13392=CARTESIAN_POINT('',(0.34,0.007,-0.137));
#13393=CARTESIAN_POINT('',(0.34,-0.0110000000000001,-0.137));
#13394=CARTESIAN_POINT('',(-0.0900000000000001,-0.0110000000000001,-0.137));
#13395=CARTESIAN_POINT('',(-0.0900000000000001,0.007,-0.137));
#13396=CARTESIAN_POINT('',(-0.11,-0.0110000000000001,-0.137));
#13397=CARTESIAN_POINT('',(-0.11,0.007,-0.137));
#13398=CARTESIAN_POINT('',(0.34,0.007,-0.137));
#13399=CARTESIAN_POINT('',(0.34,-0.0110000000000001,-0.137));
#13400=CARTESIAN_POINT('',(-0.19,-0.0110000000000001,-0.137));
#13401=CARTESIAN_POINT('',(-0.19,0.007,-0.137));
#13402=CARTESIAN_POINT('',(-0.21,-0.0110000000000001,-0.137));
#13403=CARTESIAN_POINT('',(-0.21,0.007,-0.137));
#13404=CARTESIAN_POINT('',(0.34,0.007,-0.137));
#13405=CARTESIAN_POINT('',(0.34,-0.0110000000000001,-0.137));
#13406=CARTESIAN_POINT('',(-0.29,-0.0110000000000001,-0.137));
#13407=CARTESIAN_POINT('',(-0.29,0.007,-0.137));
#13408=CARTESIAN_POINT('',(-0.31,-0.0110000000000001,-0.137));
#13409=CARTESIAN_POINT('',(-0.31,0.007,-0.137));
#13410=CARTESIAN_POINT('',(0.34,0.007,-0.137));
#13411=CARTESIAN_POINT('',(0.34,0.007,-0.137));
#13412=CARTESIAN_POINT('',(0.31,0.007,-0.137));
#13413=CARTESIAN_POINT('',(0.31,0.007,-0.095));
#13414=CARTESIAN_POINT('',(0.29,0.007,-0.137));
#13415=CARTESIAN_POINT('',(0.29,0.007,-0.095));
#13416=CARTESIAN_POINT('',(0.34,0.007,-0.095));
#13417=CARTESIAN_POINT('',(0.34,0.007,-0.137));
#13418=CARTESIAN_POINT('',(0.21,0.007,-0.137));
#13419=CARTESIAN_POINT('',(0.21,0.007,-0.095));
#13420=CARTESIAN_POINT('',(0.19,0.007,-0.137));
#13421=CARTESIAN_POINT('',(0.19,0.007,-0.095));
#13422=CARTESIAN_POINT('',(0.34,0.007,-0.095));
#13423=CARTESIAN_POINT('',(0.34,0.007,-0.137));
#13424=CARTESIAN_POINT('',(0.11,0.007,-0.137));
#13425=CARTESIAN_POINT('',(0.11,0.007,-0.095));
#13426=CARTESIAN_POINT('',(0.09,0.007,-0.137));
#13427=CARTESIAN_POINT('',(0.09,0.007,-0.095));
#13428=CARTESIAN_POINT('',(0.34,0.007,-0.095));
#13429=CARTESIAN_POINT('',(0.34,0.007,-0.137));
#13430=CARTESIAN_POINT('',(0.00999999999999996,0.007,-0.137));
#13431=CARTESIAN_POINT('',(0.00999999999999996,0.007,-0.095));
#13432=CARTESIAN_POINT('',(-0.00999999999999996,0.007,-0.137));
#13433=CARTESIAN_POINT('',(-0.00999999999999996,0.007,-0.095));
#13434=CARTESIAN_POINT('',(0.34,0.007,-0.095));
#13435=CARTESIAN_POINT('',(0.34,0.007,-0.137));
#13436=CARTESIAN_POINT('',(-0.0900000000000001,0.007,-0.137));
#13437=CARTESIAN_POINT('',(-0.0900000000000001,0.007,-0.095));
#13438=CARTESIAN_POINT('',(-0.11,0.007,-0.137));
#13439=CARTESIAN_POINT('',(-0.11,0.007,-0.095));
#13440=CARTESIAN_POINT('',(0.34,0.007,-0.095));
#13441=CARTESIAN_POINT('',(0.34,0.007,-0.137));
#13442=CARTESIAN_POINT('',(-0.19,0.007,-0.137));
#13443=CARTESIAN_POINT('',(-0.19,0.007,-0.095));
#13444=CARTESIAN_POINT('',(-0.21,0.007,-0.137));
#13445=CARTESIAN_POINT('',(-0.21,0.007,-0.095));
#13446=CARTESIAN_POINT('',(0.34,0.007,-0.095));
#13447=CARTESIAN_POINT('',(0.34,0.007,-0.137));
#13448=CARTESIAN_POINT('',(-0.29,0.007,-0.137));
#13449=CARTESIAN_POINT('',(-0.29,0.007,-0.095));
#13450=CARTESIAN_POINT('',(-0.31,0.007,-0.137));
#13451=CARTESIAN_POINT('',(-0.31,0.007,-0.095));
#13452=CARTESIAN_POINT('',(0.34,0.007,-0.095));
#13453=CARTESIAN_POINT('',(0.34,0.012,-0.095));
#13454=CARTESIAN_POINT('',(0.34,0.012,-0.09));
#13455=CARTESIAN_POINT('',(0.31,0.012,-0.09));
#13456=CARTESIAN_POINT('',(0.29,0.012,-0.09));
#13457=CARTESIAN_POINT('',(0.31,0.012,-0.095));
#13458=CARTESIAN_POINT('',(0.29,0.012,-0.095));
#13459=CARTESIAN_POINT('',(0.34,0.012,-0.095));
#13460=CARTESIAN_POINT('',(0.34,0.012,-0.09));
#13461=CARTESIAN_POINT('',(0.21,0.012,-0.09));
#13462=CARTESIAN_POINT('',(0.19,0.012,-0.09));
#13463=CARTESIAN_POINT('',(0.21,0.012,-0.095));
#13464=CARTESIAN_POINT('',(0.19,0.012,-0.095));
#13465=CARTESIAN_POINT('',(0.34,0.012,-0.095));
#13466=CARTESIAN_POINT('',(0.34,0.012,-0.09));
#13467=CARTESIAN_POINT('',(0.11,0.012,-0.09));
#13468=CARTESIAN_POINT('',(0.09,0.012,-0.09));
#13469=CARTESIAN_POINT('',(0.11,0.012,-0.095));
#13470=CARTESIAN_POINT('',(0.09,0.012,-0.095));
#13471=CARTESIAN_POINT('',(0.34,0.012,-0.095));
#13472=CARTESIAN_POINT('',(0.34,0.012,-0.09));
#13473=CARTESIAN_POINT('',(0.00999999999999996,0.012,-0.09));
#13474=CARTESIAN_POINT('',(-0.00999999999999996,0.012,-0.09));
#13475=CARTESIAN_POINT('',(0.00999999999999996,0.012,-0.095));
#13476=CARTESIAN_POINT('',(-0.00999999999999996,0.012,-0.095));
#13477=CARTESIAN_POINT('',(0.34,0.012,-0.095));
#13478=CARTESIAN_POINT('',(0.34,0.012,-0.09));
#13479=CARTESIAN_POINT('',(-0.0900000000000001,0.012,-0.09));
#13480=CARTESIAN_POINT('',(-0.11,0.012,-0.09));
#13481=CARTESIAN_POINT('',(-0.0900000000000001,0.012,-0.095));
#13482=CARTESIAN_POINT('',(-0.11,0.012,-0.095));
#13483=CARTESIAN_POINT('',(0.34,0.012,-0.095));
#13484=CARTESIAN_POINT('',(0.34,0.012,-0.09));
#13485=CARTESIAN_POINT('',(-0.19,0.012,-0.09));
#13486=CARTESIAN_POINT('',(-0.21,0.012,-0.09));
#13487=CARTESIAN_POINT('',(-0.19,0.012,-0.095));
#13488=CARTESIAN_POINT('',(-0.21,0.012,-0.095));
#13489=CARTESIAN_POINT('',(0.34,0.012,-0.095));
#13490=CARTESIAN_POINT('',(0.34,0.012,-0.09));
#13491=CARTESIAN_POINT('',(-0.29,0.012,-0.09));
#13492=CARTESIAN_POINT('',(-0.31,0.012,-0.09));
#13493=CARTESIAN_POINT('',(-0.29,0.012,-0.095));
#13494=CARTESIAN_POINT('',(-0.31,0.012,-0.095));
#13495=CARTESIAN_POINT('',(0.34,0.012,-0.09));
#13496=CARTESIAN_POINT('',(0.34,0.015,-0.09));
#13497=CARTESIAN_POINT('',(0.31,0.015,-0.0899999999999998));
#13498=CARTESIAN_POINT('',(0.31,0.012,-0.09));
#13499=CARTESIAN_POINT('',(0.29,0.012,-0.09));
#13500=CARTESIAN_POINT('',(0.29,0.015,-0.0899999999999998));
#13501=CARTESIAN_POINT('',(0.34,0.015,-0.09));
#13502=CARTESIAN_POINT('',(0.21,0.015,-0.0899999999999998));
#13503=CARTESIAN_POINT('',(0.21,0.012,-0.09));
#13504=CARTESIAN_POINT('',(0.19,0.012,-0.09));
#13505=CARTESIAN_POINT('',(0.19,0.015,-0.0899999999999998));
#13506=CARTESIAN_POINT('',(0.34,0.015,-0.09));
#13507=CARTESIAN_POINT('',(0.11,0.015,-0.0899999999999998));
#13508=CARTESIAN_POINT('',(0.11,0.012,-0.09));
#13509=CARTESIAN_POINT('',(0.09,0.012,-0.09));
#13510=CARTESIAN_POINT('',(0.09,0.015,-0.0899999999999998));
#13511=CARTESIAN_POINT('',(0.34,0.015,-0.09));
#13512=CARTESIAN_POINT('',(0.00999999999999998,0.015,-0.0899999999999998));
#13513=CARTESIAN_POINT('',(0.00999999999999996,0.012,-0.09));
#13514=CARTESIAN_POINT('',(-0.00999999999999996,0.012,-0.09));
#13515=CARTESIAN_POINT('',(-0.00999999999999998,0.015,-0.0899999999999998));
#13516=CARTESIAN_POINT('',(0.34,0.015,-0.09));
#13517=CARTESIAN_POINT('',(-0.09,0.015,-0.0899999999999998));
#13518=CARTESIAN_POINT('',(-0.0900000000000001,0.012,-0.09));
#13519=CARTESIAN_POINT('',(-0.11,0.012,-0.09));
#13520=CARTESIAN_POINT('',(-0.11,0.015,-0.0899999999999998));
#13521=CARTESIAN_POINT('',(0.34,0.015,-0.09));
#13522=CARTESIAN_POINT('',(-0.19,0.015,-0.0899999999999998));
#13523=CARTESIAN_POINT('',(-0.19,0.012,-0.09));
#13524=CARTESIAN_POINT('',(-0.21,0.012,-0.09));
#13525=CARTESIAN_POINT('',(-0.21,0.015,-0.0899999999999998));
#13526=CARTESIAN_POINT('',(0.34,0.015,-0.09));
#13527=CARTESIAN_POINT('',(-0.29,0.015,-0.0899999999999998));
#13528=CARTESIAN_POINT('',(-0.29,0.012,-0.09));
#13529=CARTESIAN_POINT('',(-0.31,0.012,-0.09));
#13530=CARTESIAN_POINT('',(-0.31,0.015,-0.0899999999999998));
#13531=CARTESIAN_POINT('',(0.34,0.015,-0.09));
#13532=CARTESIAN_POINT('',(0.34,0.017,-0.09));
#13533=CARTESIAN_POINT('',(0.34,0.017,0.09));
#13534=CARTESIAN_POINT('',(0.34,0.015,0.09));
#13535=CARTESIAN_POINT('',(0.31,0.015,0.0900000000000001));
#13536=CARTESIAN_POINT('',(0.34,0.017,0.09));
#13537=CARTESIAN_POINT('',(0.34,0.015,0.09));
#13538=CARTESIAN_POINT('',(-0.31,0.015,0.0900000000000001));
#13539=CARTESIAN_POINT('',(-0.31,0.017,0.09));
#13540=CARTESIAN_POINT('',(-0.31,0.012,0.09));
#13541=CARTESIAN_POINT('',(0.34,0.012,0.09));
#13542=CARTESIAN_POINT('',(-0.29,0.012,0.09));
#13543=CARTESIAN_POINT('',(-0.29,0.017,0.09));
#13544=CARTESIAN_POINT('',(-0.29,0.015,0.0900000000000001));
#13545=CARTESIAN_POINT('',(0.34,0.015,0.09));
#13546=CARTESIAN_POINT('',(-0.21,0.015,0.0900000000000001));
#13547=CARTESIAN_POINT('',(-0.21,0.017,0.09));
#13548=CARTESIAN_POINT('',(-0.21,0.012,0.09));
#13549=CARTESIAN_POINT('',(0.34,0.012,0.09));
#13550=CARTESIAN_POINT('',(-0.19,0.012,0.09));
#13551=CARTESIAN_POINT('',(-0.19,0.017,0.09));
#13552=CARTESIAN_POINT('',(-0.19,0.015,0.0900000000000001));
#13553=CARTESIAN_POINT('',(0.34,0.015,0.09));
#13554=CARTESIAN_POINT('',(-0.11,0.015,0.0900000000000001));
#13555=CARTESIAN_POINT('',(-0.11,0.017,0.09));
#13556=CARTESIAN_POINT('',(-0.11,0.012,0.09));
#13557=CARTESIAN_POINT('',(0.34,0.012,0.09));
#13558=CARTESIAN_POINT('',(-0.0900000000000001,0.012,0.09));
#13559=CARTESIAN_POINT('',(-0.0900000000000001,0.017,0.09));
#13560=CARTESIAN_POINT('',(-0.09,0.015,0.0900000000000001));
#13561=CARTESIAN_POINT('',(0.34,0.015,0.09));
#13562=CARTESIAN_POINT('',(-0.00999999999999998,0.015,0.0900000000000001));
#13563=CARTESIAN_POINT('',(-0.00999999999999996,0.017,0.09));
#13564=CARTESIAN_POINT('',(-0.00999999999999996,0.012,0.09));
#13565=CARTESIAN_POINT('',(0.34,0.012,0.09));
#13566=CARTESIAN_POINT('',(0.00999999999999996,0.012,0.09));
#13567=CARTESIAN_POINT('',(0.00999999999999996,0.017,0.09));
#13568=CARTESIAN_POINT('',(0.00999999999999998,0.015,0.0900000000000001));
#13569=CARTESIAN_POINT('',(0.34,0.015,0.09));
#13570=CARTESIAN_POINT('',(0.09,0.015,0.0900000000000001));
#13571=CARTESIAN_POINT('',(0.09,0.017,0.09));
#13572=CARTESIAN_POINT('',(0.09,0.012,0.09));
#13573=CARTESIAN_POINT('',(0.34,0.012,0.09));
#13574=CARTESIAN_POINT('',(0.11,0.012,0.09));
#13575=CARTESIAN_POINT('',(0.11,0.017,0.09));
#13576=CARTESIAN_POINT('',(0.11,0.015,0.0900000000000001));
#13577=CARTESIAN_POINT('',(0.34,0.015,0.09));
#13578=CARTESIAN_POINT('',(0.19,0.015,0.0900000000000001));
#13579=CARTESIAN_POINT('',(0.19,0.017,0.09));
#13580=CARTESIAN_POINT('',(0.19,0.012,0.09));
#13581=CARTESIAN_POINT('',(0.34,0.012,0.09));
#13582=CARTESIAN_POINT('',(0.21,0.012,0.09));
#13583=CARTESIAN_POINT('',(0.21,0.017,0.09));
#13584=CARTESIAN_POINT('',(0.21,0.015,0.0900000000000001));
#13585=CARTESIAN_POINT('',(0.34,0.015,0.09));
#13586=CARTESIAN_POINT('',(0.29,0.015,0.0900000000000001));
#13587=CARTESIAN_POINT('',(0.29,0.017,0.09));
#13588=CARTESIAN_POINT('',(0.29,0.012,0.09));
#13589=CARTESIAN_POINT('',(0.34,0.012,0.09));
#13590=CARTESIAN_POINT('',(0.31,0.012,0.09));
#13591=CARTESIAN_POINT('',(0.31,0.017,0.09));
#13592=CARTESIAN_POINT('',(0.34,0.012,0.095));
#13593=CARTESIAN_POINT('',(0.34,0.007,0.095));
#13594=CARTESIAN_POINT('',(0.31,0.00700000000000001,0.095));
#13595=CARTESIAN_POINT('',(0.29,0.00700000000000001,0.095));
#13596=CARTESIAN_POINT('',(0.31,0.012,0.095));
#13597=CARTESIAN_POINT('',(0.29,0.012,0.095));
#13598=CARTESIAN_POINT('',(0.34,0.012,0.095));
#13599=CARTESIAN_POINT('',(0.34,0.007,0.095));
#13600=CARTESIAN_POINT('',(0.21,0.00700000000000001,0.095));
#13601=CARTESIAN_POINT('',(0.19,0.00700000000000001,0.095));
#13602=CARTESIAN_POINT('',(0.21,0.012,0.095));
#13603=CARTESIAN_POINT('',(0.19,0.012,0.095));
#13604=CARTESIAN_POINT('',(0.34,0.012,0.095));
#13605=CARTESIAN_POINT('',(0.34,0.007,0.095));
#13606=CARTESIAN_POINT('',(0.11,0.00700000000000001,0.095));
#13607=CARTESIAN_POINT('',(0.09,0.00700000000000001,0.095));
#13608=CARTESIAN_POINT('',(0.11,0.012,0.095));
#13609=CARTESIAN_POINT('',(0.09,0.012,0.095));
#13610=CARTESIAN_POINT('',(0.34,0.012,0.095));
#13611=CARTESIAN_POINT('',(0.34,0.007,0.095));
#13612=CARTESIAN_POINT('',(0.00999999999999996,0.00700000000000001,0.095));
#13613=CARTESIAN_POINT('',(-0.00999999999999996,0.00700000000000001,0.095));
#13614=CARTESIAN_POINT('',(0.00999999999999996,0.012,0.095));
#13615=CARTESIAN_POINT('',(-0.00999999999999996,0.012,0.095));
#13616=CARTESIAN_POINT('',(0.34,0.012,0.095));
#13617=CARTESIAN_POINT('',(0.34,0.007,0.095));
#13618=CARTESIAN_POINT('',(-0.0900000000000001,0.00700000000000001,0.095));
#13619=CARTESIAN_POINT('',(-0.11,0.00700000000000001,0.095));
#13620=CARTESIAN_POINT('',(-0.0900000000000001,0.012,0.095));
#13621=CARTESIAN_POINT('',(-0.11,0.012,0.095));
#13622=CARTESIAN_POINT('',(0.34,0.012,0.095));
#13623=CARTESIAN_POINT('',(0.34,0.007,0.095));
#13624=CARTESIAN_POINT('',(-0.19,0.00700000000000001,0.095));
#13625=CARTESIAN_POINT('',(-0.21,0.00700000000000001,0.095));
#13626=CARTESIAN_POINT('',(-0.19,0.012,0.095));
#13627=CARTESIAN_POINT('',(-0.21,0.012,0.095));
#13628=CARTESIAN_POINT('',(0.34,0.012,0.095));
#13629=CARTESIAN_POINT('',(0.34,0.007,0.095));
#13630=CARTESIAN_POINT('',(-0.29,0.00700000000000001,0.095));
#13631=CARTESIAN_POINT('',(-0.31,0.00700000000000001,0.095));
#13632=CARTESIAN_POINT('',(-0.29,0.012,0.095));
#13633=CARTESIAN_POINT('',(-0.31,0.012,0.095));
#13634=CARTESIAN_POINT('',(0.34,0.00700000000000001,0.095));
#13635=CARTESIAN_POINT('',(0.31,0.00700000000000001,0.095));
#13636=CARTESIAN_POINT('',(0.31,0.00700000000000002,0.137));
#13637=CARTESIAN_POINT('',(0.29,0.00700000000000001,0.095));
#13638=CARTESIAN_POINT('',(0.29,0.00700000000000002,0.137));
#13639=CARTESIAN_POINT('',(0.34,0.00700000000000001,0.137));
#13640=CARTESIAN_POINT('',(0.34,0.00700000000000001,0.095));
#13641=CARTESIAN_POINT('',(0.21,0.00700000000000001,0.095));
#13642=CARTESIAN_POINT('',(0.21,0.00700000000000001,0.137));
#13643=CARTESIAN_POINT('',(0.19,0.00700000000000001,0.095));
#13644=CARTESIAN_POINT('',(0.19,0.00700000000000002,0.137));
#13645=CARTESIAN_POINT('',(0.34,0.00700000000000001,0.137));
#13646=CARTESIAN_POINT('',(0.34,0.00700000000000001,0.095));
#13647=CARTESIAN_POINT('',(0.11,0.00700000000000001,0.095));
#13648=CARTESIAN_POINT('',(0.11,0.00700000000000001,0.137));
#13649=CARTESIAN_POINT('',(0.09,0.00700000000000001,0.095));
#13650=CARTESIAN_POINT('',(0.09,0.00700000000000002,0.137));
#13651=CARTESIAN_POINT('',(0.34,0.00700000000000001,0.137));
#13652=CARTESIAN_POINT('',(0.34,0.00700000000000001,0.095));
#13653=CARTESIAN_POINT('',(0.00999999999999996,0.00700000000000001,0.095));
#13654=CARTESIAN_POINT('',(0.00999999999999996,0.00700000000000001,0.137));
#13655=CARTESIAN_POINT('',(-0.00999999999999996,0.00700000000000001,0.095));
#13656=CARTESIAN_POINT('',(-0.00999999999999996,0.00700000000000002,0.137));
#13657=CARTESIAN_POINT('',(0.34,0.00700000000000001,0.137));
#13658=CARTESIAN_POINT('',(0.34,0.00700000000000001,0.095));
#13659=CARTESIAN_POINT('',(-0.0900000000000001,0.00700000000000001,0.095));
#13660=CARTESIAN_POINT('',(-0.0900000000000001,0.00700000000000001,0.137));
#13661=CARTESIAN_POINT('',(-0.11,0.00700000000000001,0.095));
#13662=CARTESIAN_POINT('',(-0.11,0.00700000000000002,0.137));
#13663=CARTESIAN_POINT('',(0.34,0.00700000000000001,0.137));
#13664=CARTESIAN_POINT('',(0.34,0.00700000000000001,0.095));
#13665=CARTESIAN_POINT('',(-0.19,0.00700000000000001,0.095));
#13666=CARTESIAN_POINT('',(-0.19,0.00700000000000001,0.137));
#13667=CARTESIAN_POINT('',(-0.21,0.00700000000000001,0.095));
#13668=CARTESIAN_POINT('',(-0.21,0.00700000000000002,0.137));
#13669=CARTESIAN_POINT('',(0.34,0.00700000000000001,0.137));
#13670=CARTESIAN_POINT('',(0.34,0.00700000000000001,0.095));
#13671=CARTESIAN_POINT('',(-0.29,0.00700000000000001,0.095));
#13672=CARTESIAN_POINT('',(-0.29,0.00700000000000001,0.137));
#13673=CARTESIAN_POINT('',(-0.31,0.00700000000000001,0.095));
#13674=CARTESIAN_POINT('',(-0.31,0.00700000000000002,0.137));
#13675=CARTESIAN_POINT('',(0.34,0.00700000000000001,0.137));
#13676=CARTESIAN_POINT('',(0.34,-0.011,0.137));
#13677=CARTESIAN_POINT('',(0.31,-0.011,0.137));
#13678=CARTESIAN_POINT('',(0.29,-0.011,0.137));
#13679=CARTESIAN_POINT('',(0.34,-0.011,0.137));
#13680=CARTESIAN_POINT('',(0.21,-0.011,0.137));
#13681=CARTESIAN_POINT('',(0.19,-0.011,0.137));
#13682=CARTESIAN_POINT('',(0.34,-0.011,0.137));
#13683=CARTESIAN_POINT('',(0.11,-0.011,0.137));
#13684=CARTESIAN_POINT('',(0.09,-0.011,0.137));
#13685=CARTESIAN_POINT('',(0.34,-0.011,0.137));
#13686=CARTESIAN_POINT('',(0.00999999999999996,-0.011,0.137));
#13687=CARTESIAN_POINT('',(-0.00999999999999996,-0.011,0.137));
#13688=CARTESIAN_POINT('',(0.34,-0.011,0.137));
#13689=CARTESIAN_POINT('',(-0.0900000000000001,-0.011,0.137));
#13690=CARTESIAN_POINT('',(-0.11,-0.011,0.137));
#13691=CARTESIAN_POINT('',(0.34,-0.011,0.137));
#13692=CARTESIAN_POINT('',(-0.19,-0.011,0.137));
#13693=CARTESIAN_POINT('',(-0.21,-0.011,0.137));
#13694=CARTESIAN_POINT('',(0.34,-0.011,0.137));
#13695=CARTESIAN_POINT('',(-0.29,-0.011,0.137));
#13696=CARTESIAN_POINT('',(-0.31,-0.011,0.137));
#13697=CARTESIAN_POINT('',(0.34,0.0169999999999999,0.08));
#13698=CARTESIAN_POINT('',(0.34,0.017,-0.09));
#13699=CARTESIAN_POINT('',(0.34,0.017,0.095));
#13700=CARTESIAN_POINT('',(-0.31,0.015,0.3));
#13701=CARTESIAN_POINT('',(-0.31,0.015,0.3));
#13702=CARTESIAN_POINT('',(-0.31,-0.131,0.3));
#13703=CARTESIAN_POINT('',(-0.31,0.015,0.3));
#13704=CARTESIAN_POINT('',(-0.31,0.015,0.3));
#13705=CARTESIAN_POINT('',(-0.31,-0.131,0.3));
#13706=CARTESIAN_POINT('',(0.39,0.015,0.3));
#13707=CARTESIAN_POINT('',(0.31,0.015,0.3));
#13708=CARTESIAN_POINT('',(0.31,0.015,0.3));
#13709=CARTESIAN_POINT('',(0.39,0.015,0.3));
#13710=CARTESIAN_POINT('',(0.31,0.015,0.3));
#13711=CARTESIAN_POINT('',(0.31,0.015,0.3));
#13712=CARTESIAN_POINT('',(-0.21,-0.131,0.3));
#13713=CARTESIAN_POINT('',(-0.21,0.015,0.3));
#13714=CARTESIAN_POINT('',(-0.29,0.015,0.3));
#13715=CARTESIAN_POINT('',(-0.29,0.015,0.3));
#13716=CARTESIAN_POINT('',(-0.21,0.015,0.3));
#13717=CARTESIAN_POINT('',(-0.11,-0.131,0.3));
#13718=CARTESIAN_POINT('',(-0.11,0.015,0.3));
#13719=CARTESIAN_POINT('',(-0.19,0.015,0.3));
#13720=CARTESIAN_POINT('',(-0.19,0.015,0.3));
#13721=CARTESIAN_POINT('',(-0.11,0.015,0.3));
#13722=CARTESIAN_POINT('',(-0.00999999999999998,-0.131,0.3));
#13723=CARTESIAN_POINT('',(-0.00999999999999998,0.015,0.3));
#13724=CARTESIAN_POINT('',(-0.09,0.015,0.3));
#13725=CARTESIAN_POINT('',(-0.09,0.015,0.3));
#13726=CARTESIAN_POINT('',(-0.00999999999999998,0.015,0.3));
#13727=CARTESIAN_POINT('',(0.09,-0.131,0.3));
#13728=CARTESIAN_POINT('',(0.09,0.015,0.3));
#13729=CARTESIAN_POINT('',(0.00999999999999998,0.015,0.3));
#13730=CARTESIAN_POINT('',(0.00999999999999998,0.015,0.3));
#13731=CARTESIAN_POINT('',(0.09,0.015,0.3));
#13732=CARTESIAN_POINT('',(0.19,-0.131,0.3));
#13733=CARTESIAN_POINT('',(0.19,0.015,0.3));
#13734=CARTESIAN_POINT('',(0.11,0.015,0.3));
#13735=CARTESIAN_POINT('',(0.11,0.015,0.3));
#13736=CARTESIAN_POINT('',(0.19,0.015,0.3));
#13737=CARTESIAN_POINT('',(0.29,-0.131,0.3));
#13738=CARTESIAN_POINT('',(0.29,0.015,0.3));
#13739=CARTESIAN_POINT('',(0.21,0.015,0.3));
#13740=CARTESIAN_POINT('',(0.21,0.015,0.3));
#13741=CARTESIAN_POINT('',(0.29,0.015,0.3));
#13742=CARTESIAN_POINT('',(-0.29,0.015,0.3));
#13743=CARTESIAN_POINT('',(-0.29,0.015,0.3));
#13744=CARTESIAN_POINT('',(-0.21,0.015,0.3));
#13745=CARTESIAN_POINT('',(-0.21,0.015,0.3));
#13746=CARTESIAN_POINT('',(-0.21,-0.131,0.3));
#13747=CARTESIAN_POINT('',(-0.19,0.015,0.3));
#13748=CARTESIAN_POINT('',(-0.19,0.015,0.3));
#13749=CARTESIAN_POINT('',(-0.11,0.015,0.3));
#13750=CARTESIAN_POINT('',(-0.11,0.015,0.3));
#13751=CARTESIAN_POINT('',(-0.11,-0.131,0.3));
#13752=CARTESIAN_POINT('',(-0.09,0.015,0.3));
#13753=CARTESIAN_POINT('',(-0.09,0.015,0.3));
#13754=CARTESIAN_POINT('',(-0.00999999999999998,0.015,0.3));
#13755=CARTESIAN_POINT('',(-0.00999999999999998,0.015,0.3));
#13756=CARTESIAN_POINT('',(-0.00999999999999998,-0.131,0.3));
#13757=CARTESIAN_POINT('',(0.00999999999999998,0.015,0.3));
#13758=CARTESIAN_POINT('',(0.00999999999999998,0.015,0.3));
#13759=CARTESIAN_POINT('',(0.09,0.015,0.3));
#13760=CARTESIAN_POINT('',(0.09,0.015,0.3));
#13761=CARTESIAN_POINT('',(0.09,-0.131,0.3));
#13762=CARTESIAN_POINT('',(0.11,0.015,0.3));
#13763=CARTESIAN_POINT('',(0.11,0.015,0.3));
#13764=CARTESIAN_POINT('',(0.19,0.015,0.3));
#13765=CARTESIAN_POINT('',(0.19,0.015,0.3));
#13766=CARTESIAN_POINT('',(0.19,-0.131,0.3));
#13767=CARTESIAN_POINT('',(0.29,0.015,0.3));
#13768=CARTESIAN_POINT('',(0.21,0.015,0.3));
#13769=CARTESIAN_POINT('',(0.29,0.015,0.3));
#13770=CARTESIAN_POINT('',(0.29,-0.131,0.3));
#13771=CARTESIAN_POINT('',(0.21,0.015,0.3));
#13772=CARTESIAN_POINT('',(10.,0.025,0.8));
#13773=CARTESIAN_POINT('',(0.,0.,0.));
#13774=MECHANICAL_DESIGN_GEOMETRIC_PRESENTATION_REPRESENTATION('',(#8604,
#8605,#8606),#13775);
#13775=(
GEOMETRIC_REPRESENTATION_CONTEXT(3)
GLOBAL_UNCERTAINTY_ASSIGNED_CONTEXT((#13779))
GLOBAL_UNIT_ASSIGNED_CONTEXT((#13785,#13784,#13783))
REPRESENTATION_CONTEXT('BCS-107-L-D-PE-BE','TOP_LEVEL_ASSEMBLY_PART')
);
#13776=(
GEOMETRIC_REPRESENTATION_CONTEXT(3)
GLOBAL_UNCERTAINTY_ASSIGNED_CONTEXT((#13780))
GLOBAL_UNIT_ASSIGNED_CONTEXT((#13785,#13784,#13783))
REPRESENTATION_CONTEXT('BCS-107-D-PE-BE_socket','COMPONENT_PART')
);
#13777=(
GEOMETRIC_REPRESENTATION_CONTEXT(3)
GLOBAL_UNCERTAINTY_ASSIGNED_CONTEXT((#13781))
GLOBAL_UNIT_ASSIGNED_CONTEXT((#13785,#13784,#13783))
REPRESENTATION_CONTEXT('C-95-01-07-L-D-PE-BE','COMPONENT_PART')
);
#13778=(
GEOMETRIC_REPRESENTATION_CONTEXT(3)
GLOBAL_UNCERTAINTY_ASSIGNED_CONTEXT((#13782))
GLOBAL_UNIT_ASSIGNED_CONTEXT((#13785,#13784,#13783))
REPRESENTATION_CONTEXT('C-95-01-07-L-D-PE-BE2','COMPONENT_PART')
);
#13779=UNCERTAINTY_MEASURE_WITH_UNIT(LENGTH_MEASURE(3.93700787401575E-7),
#13785,'DISTANCE_ACCURACY_VALUE','Maximum Tolerance applied to model');
#13780=UNCERTAINTY_MEASURE_WITH_UNIT(LENGTH_MEASURE(3.93700787401575E-7),
#13785,'DISTANCE_ACCURACY_VALUE','Maximum Tolerance applied to model');
#13781=UNCERTAINTY_MEASURE_WITH_UNIT(LENGTH_MEASURE(3.93700787401575E-7),
#13785,'DISTANCE_ACCURACY_VALUE','Maximum Tolerance applied to model');
#13782=UNCERTAINTY_MEASURE_WITH_UNIT(LENGTH_MEASURE(3.93700787401575E-7),
#13785,'DISTANCE_ACCURACY_VALUE','Maximum Tolerance applied to model');
#13783=(
NAMED_UNIT(*)
SI_UNIT($,.STERADIAN.)
SOLID_ANGLE_UNIT()
);
#13784=(
NAMED_UNIT(*)
PLANE_ANGLE_UNIT()
SI_UNIT($,.RADIAN.)
);
#13785=(
CONVERSION_BASED_UNIT('INCH',#13787)
LENGTH_UNIT()
NAMED_UNIT(#13786)
);
#13786=DIMENSIONAL_EXPONENTS(1.,0.,0.,0.,0.,0.,0.);
#13787=LENGTH_MEASURE_WITH_UNIT(LENGTH_MEASURE(25.4),#13788);
#13788=(
LENGTH_UNIT()
NAMED_UNIT(*)
SI_UNIT(.MILLI.,.METRE.)
);
#13789=PRODUCT_DEFINITION_SHAPE('','',#13796);
#13790=PRODUCT_DEFINITION_SHAPE('','',#13797);
#13791=PRODUCT_DEFINITION_SHAPE(' ','NAUO PRDDFN',#190);
#13792=PRODUCT_DEFINITION_SHAPE('','',#13798);
#13793=PRODUCT_DEFINITION_SHAPE(' ','NAUO PRDDFN',#191);
#13794=PRODUCT_DEFINITION_SHAPE('','',#13799);
#13795=PRODUCT_DEFINITION_SHAPE(' ','NAUO PRDDFN',#192);
#13796=PRODUCT_DEFINITION('','',#13804,#13800);
#13797=PRODUCT_DEFINITION('','',#13805,#13801);
#13798=PRODUCT_DEFINITION('','',#13806,#13802);
#13799=PRODUCT_DEFINITION('','',#13807,#13803);
#13800=PRODUCT_DEFINITION_CONTEXT('',#13825,'design');
#13801=PRODUCT_DEFINITION_CONTEXT('',#13825,'design');
#13802=PRODUCT_DEFINITION_CONTEXT('',#13825,'design');
#13803=PRODUCT_DEFINITION_CONTEXT('',#13825,'design');
#13804=PRODUCT_DEFINITION_FORMATION_WITH_SPECIFIED_SOURCE('','',#13812,
 .NOT_KNOWN.);
#13805=PRODUCT_DEFINITION_FORMATION_WITH_SPECIFIED_SOURCE('','',#13813,
 .NOT_KNOWN.);
#13806=PRODUCT_DEFINITION_FORMATION_WITH_SPECIFIED_SOURCE('','',#13814,
 .NOT_KNOWN.);
#13807=PRODUCT_DEFINITION_FORMATION_WITH_SPECIFIED_SOURCE('','',#13815,
 .NOT_KNOWN.);
#13808=PRODUCT_RELATED_PRODUCT_CATEGORY('','',(#13812));
#13809=PRODUCT_RELATED_PRODUCT_CATEGORY('','',(#13813));
#13810=PRODUCT_RELATED_PRODUCT_CATEGORY('','',(#13814));
#13811=PRODUCT_RELATED_PRODUCT_CATEGORY('','',(#13815));
#13812=PRODUCT('BCS-107-L-D-PE-BE','BCS-107-L-D-PE-BE',
'BCS-107-L-D-PE-BE',(#13820));
#13813=PRODUCT('BCS-107-D-PE-BE_socket','BCS-107-D-PE-BE_socket',
'BCS-107-D-PE-BE_socket',(#13821));
#13814=PRODUCT('C-95-01-07-L-D-PE-BE','C-95-01-07-L-D-PE-BE',
'C-95-01-07-L-D-PE-BE',(#13822));
#13815=PRODUCT('C-95-01-07-L-D-PE-BE2','C-95-01-07-L-D-PE-BE2',
'C-95-01-07-L-D-PE-BE2',(#13823));
#13816=PRODUCT_CATEGORY('','');
#13817=PRODUCT_CATEGORY('','');
#13818=PRODUCT_CATEGORY('','');
#13819=PRODUCT_CATEGORY('','');
#13820=PRODUCT_CONTEXT('',#13825,'mechanical');
#13821=PRODUCT_CONTEXT('',#13825,'mechanical');
#13822=PRODUCT_CONTEXT('',#13825,'mechanical');
#13823=PRODUCT_CONTEXT('',#13825,'mechanical');
#13824=APPLICATION_PROTOCOL_DEFINITION('international standard',
'automotive_design',2010,#13825);
#13825=APPLICATION_CONTEXT(
'core data for automotive mechanical design processes');
ENDSEC;
END-ISO-10303-21;
